{
  "type": "FeatureCollection",
  "features": [
    {
      "type": "Feature",
      "properties": {
        "name": "mesh_exterior_boundary",
        "crs": "+proj=latlon +datum=WGS84 +ellps=WGS84 +type=crs",
        "lat_min": 43.61081314086914,
        "lat_max": 45.94308853149414,
        "lon_min": -67.59358215332031,
        "lon_max": -63.437957763671875
      },
      "geometry": {
        "type": "Polygon",
        "coordinates": [
          [
            [
              -67.59358215332031,
              44.46200180053711
            ],
            [
              -67.56989288330078,
              44.46665954589844
            ],
            [
              -67.54621124267578,
              44.471309661865234
            ],
            [
              -67.54246520996094,
              44.490482330322266
            ],
            [
              -67.53871154785156,
              44.5096549987793
            ],
            [
              -67.52884674072266,
              44.5289306640625
            ],
            [
              -67.51896667480469,
              44.54820251464844
            ],
            [
              -67.49774169921875,
              44.55977249145508
            ],
            [
              -67.47651672363281,
              44.57132339477539
            ],
            [
              -67.45947265625,
              44.58378601074219
            ],
            [
              -67.44242858886719,
              44.596248626708984
            ],
            [
              -67.42029571533203,
              44.596981048583984
            ],
            [
              -67.39816284179688,
              44.59770584106445
            ],
            [
              -67.38573455810547,
              44.609642028808594
            ],
            [
              -67.37330627441406,
              44.6215705871582
            ],
            [
              -67.37015533447266,
              44.634849548339844
            ],
            [
              -67.36701202392578,
              44.648128509521484
            ],
            [
              -67.3656005859375,
              44.66026306152344
            ],
            [
              -67.36418914794922,
              44.67239761352539
            ],
            [
              -67.36248016357422,
              44.68146514892578
            ],
            [
              -67.36077117919922,
              44.69053268432617
            ],
            [
              -67.34713745117188,
              44.695152282714844
            ],
            [
              -67.33350372314453,
              44.69976806640625
            ],
            [
              -67.32391357421875,
              44.69296646118164
            ],
            [
              -67.3143310546875,
              44.68616485595703
            ],
            [
              -67.3131103515625,
              44.67813491821289
            ],
            [
              -67.31189727783203,
              44.67010498046875
            ],
            [
              -67.30927276611328,
              44.66047668457031
            ],
            [
              -67.30665588378906,
              44.65085220336914
            ],
            [
              -67.30012512207031,
              44.63896179199219
            ],
            [
              -67.2936019897461,
              44.627071380615234
            ],
            [
              -67.28123474121094,
              44.6253547668457
            ],
            [
              -67.26886749267578,
              44.62363815307617
            ],
            [
              -67.26405334472656,
              44.631595611572266
            ],
            [
              -67.25923919677734,
              44.63954162597656
            ],
            [
              -67.2499771118164,
              44.64345932006836
            ],
            [
              -67.24070739746094,
              44.647369384765625
            ],
            [
              -67.23110961914062,
              44.6439094543457
            ],
            [
              -67.22151184082031,
              44.640464782714844
            ],
            [
              -67.21004486083984,
              44.644615173339844
            ],
            [
              -67.19857788085938,
              44.648765563964844
            ],
            [
              -67.1895523071289,
              44.65517807006836
            ],
            [
              -67.18052673339844,
              44.66156768798828
            ],
            [
              -67.16941833496094,
              44.66499328613281
            ],
            [
              -67.15830993652344,
              44.66841506958008
            ],
            [
              -67.15264892578125,
              44.67538833618164
            ],
            [
              -67.14698028564453,
              44.68236541748047
            ],
            [
              -67.13946533203125,
              44.68834686279297
            ],
            [
              -67.13194274902344,
              44.69431686401367
            ],
            [
              -67.12518310546875,
              44.70050048828125
            ],
            [
              -67.11842346191406,
              44.70667266845703
            ],
            [
              -67.11233520507812,
              44.71293640136719
            ],
            [
              -67.10623931884766,
              44.719200134277344
            ],
            [
              -67.1030502319336,
              44.72584533691406
            ],
            [
              -67.099853515625,
              44.73249816894531
            ],
            [
              -67.0958023071289,
              44.736942291259766
            ],
            [
              -67.09175109863281,
              44.74139404296875
            ],
            [
              -67.08454132080078,
              44.7440185546875
            ],
            [
              -67.07733917236328,
              44.74664306640625
            ],
            [
              -67.07304382324219,
              44.752410888671875
            ],
            [
              -67.06875610351562,
              44.758182525634766
            ],
            [
              -67.06158447265625,
              44.761356353759766
            ],
            [
              -67.05441284179688,
              44.7645378112793
            ],
            [
              -67.04601287841797,
              44.766021728515625
            ],
            [
              -67.03761291503906,
              44.76751708984375
            ],
            [
              -67.03047180175781,
              44.77028274536133
            ],
            [
              -67.0233383178711,
              44.773040771484375
            ],
            [
              -67.01780700683594,
              44.77720260620117
            ],
            [
              -67.01226806640625,
              44.78135681152344
            ],
            [
              -67.00750732421875,
              44.78573989868164
            ],
            [
              -67.00275421142578,
              44.79011154174805
            ],
            [
              -66.99788665771484,
              44.793212890625
            ],
            [
              -66.99317169189453,
              44.79621887207031
            ],
            [
              -66.98865509033203,
              44.799198150634766
            ],
            [
              -66.98431396484375,
              44.8021125793457
            ],
            [
              -66.97996520996094,
              44.804779052734375
            ],
            [
              -66.97464752197266,
              44.80606460571289
            ],
            [
              -66.9694595336914,
              44.80727005004883
            ],
            [
              -66.96434020996094,
              44.80821990966797
            ],
            [
              -66.95956420898438,
              44.809452056884766
            ],
            [
              -66.955322265625,
              44.811317443847656
            ],
            [
              -66.95223999023438,
              44.81371307373047
            ],
            [
              -66.95073699951172,
              44.816871643066406
            ],
            [
              -66.9515380859375,
              44.81903839111328
            ],
            [
              -66.95584869384766,
              44.81973648071289
            ],
            [
              -66.96009826660156,
              44.81990432739258
            ],
            [
              -66.9642562866211,
              44.81987762451172
            ],
            [
              -66.96788024902344,
              44.818546295166016
            ],
            [
              -66.97151184082031,
              44.817100524902344
            ],
            [
              -66.9747085571289,
              44.81492233276367
            ],
            [
              -66.97978973388672,
              44.81334686279297
            ],
            [
              -66.98390197753906,
              44.81427764892578
            ],
            [
              -66.98445892333984,
              44.81686019897461
            ],
            [
              -66.98493957519531,
              44.81909942626953
            ],
            [
              -66.986083984375,
              44.821372985839844
            ],
            [
              -66.98725891113281,
              44.823516845703125
            ],
            [
              -66.98808288574219,
              44.82612609863281
            ],
            [
              -66.98881530761719,
              44.82866668701172
            ],
            [
              -66.98965454101562,
              44.831363677978516
            ],
            [
              -66.98982238769531,
              44.834510803222656
            ],
            [
              -66.98982238769531,
              44.837928771972656
            ],
            [
              -66.99258422851562,
              44.840545654296875
            ],
            [
              -66.99504852294922,
              44.8427734375
            ],
            [
              -66.99496459960938,
              44.84547424316406
            ],
            [
              -66.99321746826172,
              44.84756851196289
            ],
            [
              -66.99129486083984,
              44.84910202026367
            ],
            [
              -66.98949432373047,
              44.850364685058594
            ],
            [
              -66.98783111572266,
              44.851444244384766
            ],
            [
              -66.98628997802734,
              44.852325439453125
            ],
            [
              -66.98490142822266,
              44.853092193603516
            ],
            [
              -66.98365020751953,
              44.853782653808594
            ],
            [
              -66.9825439453125,
              44.85443878173828
            ],
            [
              -66.98157501220703,
              44.85504913330078
            ],
            [
              -66.980712890625,
              44.85560989379883
            ],
            [
              -66.9799575805664,
              44.85614776611328
            ],
            [
              -66.98037719726562,
              44.8565788269043
            ],
            [
              -66.98086547851562,
              44.856990814208984
            ],
            [
              -66.98129272460938,
              44.857421875
            ],
            [
              -66.98146057128906,
              44.85798263549805
            ],
            [
              -66.98158264160156,
              44.858543395996094
            ],
            [
              -66.98169708251953,
              44.85908508300781
            ],
            [
              -66.98182678222656,
              44.85961151123047
            ],
            [
              -66.9819564819336,
              44.86009979248047
            ],
            [
              -66.98208618164062,
              44.86058807373047
            ],
            [
              -66.98224639892578,
              44.86103820800781
            ],
            [
              -66.98249816894531,
              44.86142349243164
            ],
            [
              -66.98274993896484,
              44.8618049621582
            ],
            [
              -66.98298645019531,
              44.86216735839844
            ],
            [
              -66.98331451416016,
              44.86238098144531
            ],
            [
              -66.98371124267578,
              44.86245346069336
            ],
            [
              -66.98410034179688,
              44.86252212524414
            ],
            [
              -66.9844741821289,
              44.86259078979492
            ],
            [
              -66.98483276367188,
              44.86265182495117
            ],
            [
              -66.98518371582031,
              44.862693786621094
            ],
            [
              -66.98552703857422,
              44.862701416015625
            ],
            [
              -66.98585510253906,
              44.86272430419922
            ],
            [
              -66.98617553710938,
              44.862728118896484
            ],
            [
              -66.98648834228516,
              44.86274337768555
            ],
            [
              -66.98678588867188,
              44.86275863647461
            ],
            [
              -66.9870834350586,
              44.86274719238281
            ],
            [
              -66.98736572265625,
              44.86264419555664
            ],
            [
              -66.9876480102539,
              44.86255645751953
            ],
            [
              -66.98793029785156,
              44.86245346069336
            ],
            [
              -66.98821258544922,
              44.862361907958984
            ],
            [
              -66.98849487304688,
              44.862266540527344
            ],
            [
              -66.98877716064453,
              44.86216354370117
            ],
            [
              -66.98904418945312,
              44.86204147338867
            ],
            [
              -66.98929595947266,
              44.86188507080078
            ],
            [
              -66.98954772949219,
              44.861724853515625
            ],
            [
              -66.98979187011719,
              44.8615608215332
            ],
            [
              -66.99004364013672,
              44.86140060424805
            ],
            [
              -66.99029541015625,
              44.861236572265625
            ],
            [
              -66.99053955078125,
              44.86107635498047
            ],
            [
              -66.9906997680664,
              44.8608283996582
            ],
            [
              -66.99085235595703,
              44.86058044433594
            ],
            [
              -66.99100494384766,
              44.860328674316406
            ],
            [
              -66.99116516113281,
              44.86008071899414
            ],
            [
              -66.99131774902344,
              44.859832763671875
            ],
            [
              -66.99147033691406,
              44.859580993652344
            ],
            [
              -66.99163055419922,
              44.85933303833008
            ],
            [
              -66.99181365966797,
              44.859100341796875
            ],
            [
              -66.99199676513672,
              44.85887145996094
            ],
            [
              -66.99217987060547,
              44.858638763427734
            ],
            [
              -66.99235534667969,
              44.8584098815918
            ],
            [
              -66.99253845214844,
              44.858177185058594
            ],
            [
              -66.99271392822266,
              44.857948303222656
            ],
            [
              -66.99285888671875,
              44.857696533203125
            ],
            [
              -66.99298095703125,
              44.85744094848633
            ],
            [
              -66.99311065673828,
              44.857181549072266
            ],
            [
              -66.99323272705078,
              44.856910705566406
            ],
            [
              -66.99335479736328,
              44.85664367675781
            ],
            [
              -66.99347686767578,
              44.85639572143555
            ],
            [
              -66.99361419677734,
              44.85612869262695
            ],
            [
              -66.99375915527344,
              44.85587692260742
            ],
            [
              -66.99390411376953,
              44.855628967285156
            ],
            [
              -66.99404907226562,
              44.855377197265625
            ],
            [
              -66.99419403076172,
              44.85512924194336
            ],
            [
              -66.99433898925781,
              44.85487747192383
            ],
            [
              -66.9945068359375,
              44.85464859008789
            ],
            [
              -66.99472045898438,
              44.854461669921875
            ],
            [
              -66.99494934082031,
              44.854286193847656
            ],
            [
              -66.99517059326172,
              44.854103088378906
            ],
            [
              -66.99539947509766,
              44.85392379760742
            ],
            [
              -66.99562072753906,
              44.8537483215332
            ],
            [
              -66.99584197998047,
              44.853572845458984
            ],
            [
              -66.99607849121094,
              44.853416442871094
            ],
            [
              -66.99633026123047,
              44.853275299072266
            ],
            [
              -66.99658966064453,
              44.853153228759766
            ],
            [
              -66.99684143066406,
              44.8530158996582
            ],
            [
              -66.9970932006836,
              44.8528938293457
            ],
            [
              -66.99735260009766,
              44.8527717590332
            ],
            [
              -66.99760437011719,
              44.85264205932617
            ],
            [
              -66.99786376953125,
              44.8525276184082
            ],
            [
              -66.99813842773438,
              44.85244369506836
            ],
            [
              -66.99840545654297,
              44.85236740112305
            ],
            [
              -66.9986801147461,
              44.852291107177734
            ],
            [
              -66.99894714355469,
              44.85220718383789
            ],
            [
              -66.99922180175781,
              44.85213088989258
            ],
            [
              -66.9994888305664,
              44.852054595947266
            ],
            [
              -66.999755859375,
              44.85206604003906
            ],
            [
              -66.99998474121094,
              44.85222244262695
            ],
            [
              -67.00020599365234,
              44.85239791870117
            ],
            [
              -67.00042724609375,
              44.85257339477539
            ],
            [
              -67.00064086914062,
              44.85275650024414
            ],
            [
              -67.0008544921875,
              44.85293197631836
            ],
            [
              -67.0010757446289,
              44.85310745239258
            ],
            [
              -67.00133514404297,
              44.85321807861328
            ],
            [
              -67.00159454345703,
              44.85331344604492
            ],
            [
              -67.0018539428711,
              44.853416442871094
            ],
            [
              -67.00211334228516,
              44.853519439697266
            ],
            [
              -67.00237274169922,
              44.853614807128906
            ],
            [
              -67.00263214111328,
              44.853729248046875
            ],
            [
              -67.00283813476562,
              44.85371398925781
            ],
            [
              -67.00293731689453,
              44.85345458984375
            ],
            [
              -67.0030288696289,
              44.85319519042969
            ],
            [
              -67.00312042236328,
              44.852928161621094
            ],
            [
              -67.00321960449219,
              44.85267639160156
            ],
            [
              -67.00331115722656,
              44.85240936279297
            ],
            [
              -67.00341033935547,
              44.85215759277344
            ],
            [
              -67.00354766845703,
              44.8519172668457
            ],
            [
              -67.00370788574219,
              44.8516960144043
            ],
            [
              -67.00386810302734,
              44.851463317871094
            ],
            [
              -67.0040283203125,
              44.85124969482422
            ],
            [
              -67.00418853759766,
              44.85102081298828
            ],
            [
              -67.00434875488281,
              44.850807189941406
            ],
            [
              -67.00445556640625,
              44.850547790527344
            ],
            [
              -67.00447082519531,
              44.850276947021484
            ],
            [
              -67.00448608398438,
              44.849998474121094
            ],
            [
              -67.00450897216797,
              44.849727630615234
            ],
            [
              -67.00452423095703,
              44.849456787109375
            ],
            [
              -67.0045394897461,
              44.84918975830078
            ],
            [
              -67.00456237792969,
              44.84891891479492
            ],
            [
              -67.00462341308594,
              44.84865951538086
            ],
            [
              -67.0047836303711,
              44.84843826293945
            ],
            [
              -67.00495910644531,
              44.84823226928711
            ],
            [
              -67.00513458251953,
              44.84803009033203
            ],
            [
              -67.00531005859375,
              44.847816467285156
            ],
            [
              -67.0054931640625,
              44.84761047363281
            ],
            [
              -67.00566101074219,
              44.847408294677734
            ],
            [
              -67.00587463378906,
              44.84724044799805
            ],
            [
              -67.00611877441406,
              44.84711837768555
            ],
            [
              -67.00636291503906,
              44.847007751464844
            ],
            [
              -67.00660705566406,
              44.846893310546875
            ],
            [
              -67.00685119628906,
              44.846778869628906
            ],
            [
              -67.00709533691406,
              44.846675872802734
            ],
            [
              -67.00733947753906,
              44.846553802490234
            ],
            [
              -67.00758361816406,
              44.84645080566406
            ],
            [
              -67.00782775878906,
              44.84634780883789
            ],
            [
              -67.0080795288086,
              44.84624481201172
            ],
            [
              -67.0083236694336,
              44.84614181518555
            ],
            [
              -67.00857543945312,
              44.84603500366211
            ],
            [
              -67.00881958007812,
              44.84593200683594
            ],
            [
              -67.00906372070312,
              44.845829010009766
            ],
            [
              -67.00931549072266,
              44.845726013183594
            ],
            [
              -67.00956726074219,
              44.84564971923828
            ],
            [
              -67.00982666015625,
              44.84558868408203
            ],
            [
              -67.01008605957031,
              44.84553146362305
            ],
            [
              -67.01033782958984,
              44.84547424316406
            ],
            [
              -67.0105972290039,
              44.84541320800781
            ],
            [
              -67.01085662841797,
              44.84535598754883
            ],
            [
              -67.01111602783203,
              44.845298767089844
            ],
            [
              -67.0113754272461,
              44.84524917602539
            ],
            [
              -67.01163482666016,
              44.8452262878418
            ],
            [
              -67.01190185546875,
              44.845211029052734
            ],
            [
              -67.01216888427734,
              44.84519958496094
            ],
            [
              -67.0124282836914,
              44.845184326171875
            ],
            [
              -67.01268768310547,
              44.84517288208008
            ],
            [
              -67.01295471191406,
              44.845157623291016
            ],
            [
              -67.01321411132812,
              44.84514617919922
            ],
            [
              -67.01334381103516,
              44.8453369140625
            ],
            [
              -67.01333618164062,
              44.84559631347656
            ],
            [
              -67.0133285522461,
              44.84585952758789
            ],
            [
              -67.01332092285156,
              44.84611892700195
            ],
            [
              -67.01331329345703,
              44.846378326416016
            ],
            [
              -67.0133285522461,
              44.846641540527344
            ],
            [
              -67.01335144042969,
              44.846893310546875
            ],
            [
              -67.01337432861328,
              44.847164154052734
            ],
            [
              -67.01341247558594,
              44.847415924072266
            ],
            [
              -67.01362609863281,
              44.847373962402344
            ],
            [
              -67.01387023925781,
              44.84728240966797
            ],
            [
              -67.01411437988281,
              44.84719467163086
            ],
            [
              -67.01435852050781,
              44.84709930419922
            ],
            [
              -67.01459503173828,
              44.84700393676758
            ],
            [
              -67.01483917236328,
              44.846920013427734
            ],
            [
              -67.01508331298828,
              44.846824645996094
            ],
            [
              -67.01532745361328,
              44.84674835205078
            ],
            [
              -67.01557922363281,
              44.84672546386719
            ],
            [
              -67.01583862304688,
              44.846702575683594
            ],
            [
              -67.01609802246094,
              44.8466911315918
            ],
            [
              -67.01634979248047,
              44.846656799316406
            ],
            [
              -67.01660919189453,
              44.84664535522461
            ],
            [
              -67.01686096191406,
              44.84661102294922
            ],
            [
              -67.0171127319336,
              44.84659957885742
            ],
            [
              -67.01734924316406,
              44.846649169921875
            ],
            [
              -67.01756286621094,
              44.84678649902344
            ],
            [
              -67.01777648925781,
              44.8469352722168
            ],
            [
              -67.01798248291016,
              44.847084045410156
            ],
            [
              -67.01798248291016,
              44.84726333618164
            ],
            [
              -67.01780700683594,
              44.84744644165039
            ],
            [
              -67.01762390136719,
              44.847625732421875
            ],
            [
              -67.01744079589844,
              44.847801208496094
            ],
            [
              -67.01725769042969,
              44.84798049926758
            ],
            [
              -67.01708221435547,
              44.8481559753418
            ],
            [
              -67.01689910888672,
              44.848331451416016
            ],
            [
              -67.01671600341797,
              44.8485107421875
            ],
            [
              -67.01652526855469,
              44.84867858886719
            ],
            [
              -67.0163345336914,
              44.84883499145508
            ],
            [
              -67.0161361694336,
              44.848995208740234
            ],
            [
              -67.01594543457031,
              44.84916305541992
            ],
            [
              -67.01575469970703,
              44.84933090209961
            ],
            [
              -67.01556396484375,
              44.8494873046875
            ],
            [
              -67.01537322998047,
              44.849647521972656
            ],
            [
              -67.01520538330078,
              44.84983444213867
            ],
            [
              -67.01507568359375,
              44.85005569458008
            ],
            [
              -67.01495361328125,
              44.85026931762695
            ],
            [
              -67.01483154296875,
              44.85048294067383
            ],
            [
              -67.01470947265625,
              44.8506965637207
            ],
            [
              -67.01458740234375,
              44.850921630859375
            ],
            [
              -67.01446533203125,
              44.85114288330078
            ],
            [
              -67.01434326171875,
              44.851356506347656
            ],
            [
              -67.01427459716797,
              44.85158920288086
            ],
            [
              -67.0142593383789,
              44.85184097290039
            ],
            [
              -67.01425170898438,
              44.85208511352539
            ],
            [
              -67.01424407958984,
              44.85233688354492
            ],
            [
              -67.01424407958984,
              44.85258102416992
            ],
            [
              -67.01423645019531,
              44.85283279418945
            ],
            [
              -67.01422882080078,
              44.853084564208984
            ],
            [
              -67.01422882080078,
              44.85331726074219
            ],
            [
              -67.01424407958984,
              44.85356903076172
            ],
            [
              -67.0142822265625,
              44.85381317138672
            ],
            [
              -67.01432037353516,
              44.85405731201172
            ],
            [
              -67.01436614990234,
              44.85430145263672
            ],
            [
              -67.014404296875,
              44.85454559326172
            ],
            [
              -67.01444244384766,
              44.85478210449219
            ],
            [
              -67.01448059082031,
              44.85502624511719
            ],
            [
              -67.0145263671875,
              44.85526657104492
            ],
            [
              -67.01457977294922,
              44.85550308227539
            ],
            [
              -67.0146713256836,
              44.85572814941406
            ],
            [
              -67.01476287841797,
              44.85595703125
            ],
            [
              -67.01485443115234,
              44.85619354248047
            ],
            [
              -67.01493835449219,
              44.85641098022461
            ],
            [
              -67.01502990722656,
              44.85664367675781
            ],
            [
              -67.01512145996094,
              44.85686111450195
            ],
            [
              -67.01521301269531,
              44.85708999633789
            ],
            [
              -67.01530456542969,
              44.85731506347656
            ],
            [
              -67.01541137695312,
              44.8575325012207
            ],
            [
              -67.01551055908203,
              44.85775375366211
            ],
            [
              -67.01561737060547,
              44.85797119140625
            ],
            [
              -67.01571655273438,
              44.85818862915039
            ],
            [
              -67.01560974121094,
              44.85829544067383
            ],
            [
              -67.01537322998047,
              44.85823440551758
            ],
            [
              -67.01514434814453,
              44.858158111572266
            ],
            [
              -67.0149154663086,
              44.85809326171875
            ],
            [
              -67.01468658447266,
              44.85802459716797
            ],
            [
              -67.01445007324219,
              44.85795974731445
            ],
            [
              -67.01422119140625,
              44.85789108276367
            ],
            [
              -67.01399230957031,
              44.85781478881836
            ],
            [
              -67.01375579833984,
              44.857791900634766
            ],
            [
              -67.01351928710938,
              44.8577880859375
            ],
            [
              -67.0132827758789,
              44.85780334472656
            ],
            [
              -67.0130386352539,
              44.85780715942383
            ],
            [
              -67.01280212402344,
              44.857810974121094
            ],
            [
              -67.01256561279297,
              44.857826232910156
            ],
            [
              -67.0123291015625,
              44.85782241821289
            ],
            [
              -67.01209259033203,
              44.85783767700195
            ],
            [
              -67.01188659667969,
              44.857940673828125
            ],
            [
              -67.01181030273438,
              44.858154296875
            ],
            [
              -67.0117416381836,
              44.8583869934082
            ],
            [
              -67.01168060302734,
              44.858612060546875
            ],
            [
              -67.01161193847656,
              44.85883712768555
            ],
            [
              -67.01155090332031,
              44.85906982421875
            ],
            [
              -67.0116195678711,
              44.85928726196289
            ],
            [
              -67.01174926757812,
              44.8594856262207
            ],
            [
              -67.01187896728516,
              44.85968780517578
            ],
            [
              -67.01200866699219,
              44.859886169433594
            ],
            [
              -67.01213836669922,
              44.860076904296875
            ],
            [
              -67.0122299194336,
              44.860286712646484
            ],
            [
              -67.01215362548828,
              44.86050033569336
            ],
            [
              -67.01201629638672,
              44.860679626464844
            ],
            [
              -67.01187133789062,
              44.86087417602539
            ],
            [
              -67.01173400878906,
              44.861053466796875
            ],
            [
              -67.0115966796875,
              44.86124801635742
            ],
            [
              -67.0114517211914,
              44.861427307128906
            ],
            [
              -67.01131439208984,
              44.86162185668945
            ],
            [
              -67.01117706298828,
              44.86180114746094
            ],
            [
              -67.01115417480469,
              44.86201477050781
            ],
            [
              -67.01124572753906,
              44.86223220825195
            ],
            [
              -67.01134490966797,
              44.86244201660156
            ],
            [
              -67.01144409179688,
              44.86265182495117
            ],
            [
              -67.01154327392578,
              44.86286926269531
            ],
            [
              -67.01164245605469,
              44.863067626953125
            ],
            [
              -67.01181030273438,
              44.86323165893555
            ],
            [
              -67.01197814941406,
              44.86338806152344
            ],
            [
              -67.01214599609375,
              44.86354446411133
            ],
            [
              -67.01231384277344,
              44.86370849609375
            ],
            [
              -67.01248168945312,
              44.86385726928711
            ],
            [
              -67.01264953613281,
              44.86402130126953
            ],
            [
              -67.0128173828125,
              44.86417770385742
            ],
            [
              -67.01298522949219,
              44.86433410644531
            ],
            [
              -67.01310729980469,
              44.864524841308594
            ],
            [
              -67.01311492919922,
              44.864749908447266
            ],
            [
              -67.01313018798828,
              44.86498260498047
            ],
            [
              -67.01313781738281,
              44.86520767211914
            ],
            [
              -67.01315307617188,
              44.86543655395508
            ],
            [
              -67.0131607055664,
              44.86566925048828
            ],
            [
              -67.01317596435547,
              44.86589431762695
            ],
            [
              -67.01318359375,
              44.866119384765625
            ],
            [
              -67.01319122314453,
              44.86635208129883
            ],
            [
              -67.01319122314453,
              44.86656951904297
            ],
            [
              -67.01319122314453,
              44.86680221557617
            ],
            [
              -67.01319122314453,
              44.867027282714844
            ],
            [
              -67.01318359375,
              44.867252349853516
            ],
            [
              -67.01318359375,
              44.867488861083984
            ],
            [
              -67.01318359375,
              44.86770248413086
            ],
            [
              -67.01307678222656,
              44.867862701416016
            ],
            [
              -67.01286315917969,
              44.86780548095703
            ],
            [
              -67.01264953613281,
              44.86772918701172
            ],
            [
              -67.01243591308594,
              44.867652893066406
            ],
            [
              -67.01222229003906,
              44.86758041381836
            ],
            [
              -67.01201629638672,
              44.86750411987305
            ],
            [
              -67.01180267333984,
              44.867427825927734
            ],
            [
              -67.01158905029297,
              44.86735153198242
            ],
            [
              -67.0113754272461,
              44.86727523803711
            ],
            [
              -67.01116180419922,
              44.867218017578125
            ],
            [
              -67.01094818115234,
              44.86716842651367
            ],
            [
              -67.01072692871094,
              44.867122650146484
            ],
            [
              -67.01051330566406,
              44.867061614990234
            ],
            [
              -67.01029968261719,
              44.86700439453125
            ],
            [
              -67.01007843017578,
              44.8669548034668
            ],
            [
              -67.0098648071289,
              44.86690902709961
            ],
            [
              -67.00965118408203,
              44.866851806640625
            ],
            [
              -67.00946044921875,
              44.86685562133789
            ],
            [
              -67.00946807861328,
              44.86707305908203
            ],
            [
              -67.00951385498047,
              44.86729049682617
            ],
            [
              -67.00955963134766,
              44.86750411987305
            ],
            [
              -67.00969696044922,
              44.86766052246094
            ],
            [
              -67.0098876953125,
              44.86777114868164
            ],
            [
              -67.01007843017578,
              44.86787414550781
            ],
            [
              -67.0102767944336,
              44.867977142333984
            ],
            [
              -67.01046752929688,
              44.86808776855469
            ],
            [
              -67.01065826416016,
              44.86818313598633
            ],
            [
              -67.01085662841797,
              44.86829376220703
            ],
            [
              -67.01104736328125,
              44.8683967590332
            ],
            [
              -67.01123809814453,
              44.868499755859375
            ],
            [
              -67.01143646240234,
              44.86859893798828
            ],
            [
              -67.01163482666016,
              44.86869430541992
            ],
            [
              -67.01182556152344,
              44.868797302246094
            ],
            [
              -67.01202392578125,
              44.86888885498047
            ],
            [
              -67.01222229003906,
              44.86898422241211
            ],
            [
              -67.01242065429688,
              44.869075775146484
            ],
            [
              -67.01261901855469,
              44.869171142578125
            ],
            [
              -67.01280975341797,
              44.8692626953125
            ],
            [
              -67.01300811767578,
              44.86935806274414
            ],
            [
              -67.0132064819336,
              44.869449615478516
            ],
            [
              -67.0134048461914,
              44.86953353881836
            ],
            [
              -67.01360321044922,
              44.86962127685547
            ],
            [
              -67.0137939453125,
              44.869712829589844
            ],
            [
              -67.01399230957031,
              44.869808197021484
            ],
            [
              -67.01419067382812,
              44.86989974975586
            ],
            [
              -67.01438903808594,
              44.8699836730957
            ],
            [
              -67.01457977294922,
              44.87006759643555
            ],
            [
              -67.01477813720703,
              44.87016296386719
            ],
            [
              -67.01497650146484,
              44.8702392578125
            ],
            [
              -67.01519012451172,
              44.87022399902344
            ],
            [
              -67.0154037475586,
              44.87018966674805
            ],
            [
              -67.01561737060547,
              44.87016677856445
            ],
            [
              -67.01582336425781,
              44.87014389038086
            ],
            [
              -67.01603698730469,
              44.870113372802734
            ],
            [
              -67.01625061035156,
              44.87009811401367
            ],
            [
              -67.01646423339844,
              44.87006378173828
            ],
            [
              -67.01667022705078,
              44.87006759643555
            ],
            [
              -67.01683807373047,
              44.87019729614258
            ],
            [
              -67.0169906616211,
              44.87034606933594
            ],
            [
              -67.01714324951172,
              44.87049102783203
            ],
            [
              -67.01728820800781,
              44.87064743041992
            ],
            [
              -67.01744079589844,
              44.87080383300781
            ],
            [
              -67.01759338378906,
              44.870948791503906
            ],
            [
              -67.01773834228516,
              44.871097564697266
            ],
            [
              -67.01789093017578,
              44.87124252319336
            ],
            [
              -67.01797485351562,
              44.87141418457031
            ],
            [
              -67.01792907714844,
              44.871620178222656
            ],
            [
              -67.01786804199219,
              44.871826171875
            ],
            [
              -67.01781463623047,
              44.872032165527344
            ],
            [
              -67.01775360107422,
              44.872230529785156
            ],
            [
              -67.0177001953125,
              44.87242889404297
            ],
            [
              -67.01763916015625,
              44.87263488769531
            ],
            [
              -67.01758575439453,
              44.872840881347656
            ],
            [
              -67.01752471923828,
              44.8730354309082
            ],
            [
              -67.0174560546875,
              44.873233795166016
            ],
            [
              -67.0173568725586,
              44.8734130859375
            ],
            [
              -67.0172348022461,
              44.87358856201172
            ],
            [
              -67.01710510253906,
              44.873748779296875
            ],
            [
              -67.01698303222656,
              44.87391662597656
            ],
            [
              -67.01685333251953,
              44.874088287353516
            ],
            [
              -67.01673126220703,
              44.87424850463867
            ],
            [
              -67.01660919189453,
              44.87441635131836
            ],
            [
              -67.01648712158203,
              44.87458419799805
            ],
            [
              -67.016357421875,
              44.8747444152832
            ],
            [
              -67.01622009277344,
              44.87490463256836
            ],
            [
              -67.01607513427734,
              44.87504577636719
            ],
            [
              -67.01592254638672,
              44.875186920166016
            ],
            [
              -67.0157699584961,
              44.875328063964844
            ],
            [
              -67.01561737060547,
              44.87546920776367
            ],
            [
              -67.01546478271484,
              44.8756103515625
            ],
            [
              -67.01531219482422,
              44.87575149536133
            ],
            [
              -67.01516723632812,
              44.875892639160156
            ],
            [
              -67.01524353027344,
              44.87602233886719
            ],
            [
              -67.01541137695312,
              44.87615203857422
            ],
            [
              -67.01557922363281,
              44.87626266479492
            ],
            [
              -67.01573944091797,
              44.87638854980469
            ],
            [
              -67.01590728759766,
              44.876502990722656
            ],
            [
              -67.01607513427734,
              44.87662887573242
            ],
            [
              -67.0162353515625,
              44.876739501953125
            ],
            [
              -67.01640319824219,
              44.876869201660156
            ],
            [
              -67.01657104492188,
              44.87697982788086
            ],
            [
              -67.01661682128906,
              44.87717056274414
            ],
            [
              -67.01654052734375,
              44.877357482910156
            ],
            [
              -67.0164566040039,
              44.87753677368164
            ],
            [
              -67.01637268066406,
              44.877723693847656
            ],
            [
              -67.01628875732422,
              44.87791061401367
            ],
            [
              -67.01620483398438,
              44.878089904785156
            ],
            [
              -67.01612091064453,
              44.87827682495117
            ],
            [
              -67.01603698730469,
              44.87846755981445
            ],
            [
              -67.01595306396484,
              44.87864303588867
            ],
            [
              -67.015869140625,
              44.878822326660156
            ],
            [
              -67.01589965820312,
              44.87902069091797
            ],
            [
              -67.01595306396484,
              44.87921905517578
            ],
            [
              -67.01600646972656,
              44.87942123413086
            ],
            [
              -67.01605987548828,
              44.879608154296875
            ],
            [
              -67.01611328125,
              44.879798889160156
            ],
            [
              -67.01616668701172,
              44.87999725341797
            ],
            [
              -67.01622772216797,
              44.88018798828125
            ],
            [
              -67.01628112792969,
              44.88037872314453
            ],
            [
              -67.0163345336914,
              44.880577087402344
            ],
            [
              -67.01638793945312,
              44.880760192871094
            ],
            [
              -67.01644134521484,
              44.880958557128906
            ],
            [
              -67.01649475097656,
              44.88114929199219
            ],
            [
              -67.01654815673828,
              44.8813362121582
            ],
            [
              -67.0166015625,
              44.88153839111328
            ],
            [
              -67.01666259765625,
              44.8817253112793
            ],
            [
              -67.01671600341797,
              44.88191604614258
            ],
            [
              -67.01676940917969,
              44.88211441040039
            ],
            [
              -67.0168228149414,
              44.88230514526367
            ],
            [
              -67.01688385009766,
              44.88249588012695
            ],
            [
              -67.01693725585938,
              44.882694244384766
            ],
            [
              -67.01704406738281,
              44.88286590576172
            ],
            [
              -67.01714324951172,
              44.88304138183594
            ],
            [
              -67.01725006103516,
              44.88322067260742
            ],
            [
              -67.0173568725586,
              44.883384704589844
            ],
            [
              -67.0174560546875,
              44.883567810058594
            ],
            [
              -67.01756286621094,
              44.88373947143555
            ],
            [
              -67.01766967773438,
              44.883914947509766
            ],
            [
              -67.01776885986328,
              44.88409423828125
            ],
            [
              -67.01787567138672,
              44.88426971435547
            ],
            [
              -67.01799011230469,
              44.88444137573242
            ],
            [
              -67.01810455322266,
              44.884605407714844
            ],
            [
              -67.01822662353516,
              44.8847770690918
            ],
            [
              -67.01834106445312,
              44.884952545166016
            ],
            [
              -67.01846313476562,
              44.88511657714844
            ],
            [
              -67.0185775756836,
              44.88528060913086
            ],
            [
              -67.0186996459961,
              44.88545227050781
            ],
            [
              -67.01881408691406,
              44.88562774658203
            ],
            [
              -67.01893615722656,
              44.88579177856445
            ],
            [
              -67.01905059814453,
              44.885963439941406
            ],
            [
              -67.01921844482422,
              44.88606643676758
            ],
            [
              -67.01941680908203,
              44.886138916015625
            ],
            [
              -67.01961517333984,
              44.88619613647461
            ],
            [
              -67.01981353759766,
              44.88626480102539
            ],
            [
              -67.02001190185547,
              44.886329650878906
            ],
            [
              -67.02021026611328,
              44.88638687133789
            ],
            [
              -67.02040100097656,
              44.88637161254883
            ],
            [
              -67.02057647705078,
              44.88624954223633
            ],
            [
              -67.020751953125,
              44.88612747192383
            ],
            [
              -67.02091979980469,
              44.88601303100586
            ],
            [
              -67.0210952758789,
              44.88589859008789
            ],
            [
              -67.02127075195312,
              44.88577651977539
            ],
            [
              -67.02144622802734,
              44.88565444946289
            ],
            [
              -67.02162170410156,
              44.88554000854492
            ],
            [
              -67.02180480957031,
              44.88555145263672
            ],
            [
              -67.0219955444336,
              44.88564682006836
            ],
            [
              -67.02217864990234,
              44.88575744628906
            ],
            [
              -67.02236938476562,
              44.88584899902344
            ],
            [
              -67.0225601196289,
              44.88595199584961
            ],
            [
              -67.02275085449219,
              44.88605499267578
            ],
            [
              -67.02293395996094,
              44.88615798950195
            ],
            [
              -67.02312469482422,
              44.88625717163086
            ],
            [
              -67.0233154296875,
              44.8863525390625
            ],
            [
              -67.02352142333984,
              44.88633728027344
            ],
            [
              -67.02372741699219,
              44.88627624511719
            ],
            [
              -67.02393341064453,
              44.8862190246582
            ],
            [
              -67.0241470336914,
              44.88616943359375
            ],
            [
              -67.02435302734375,
              44.88610076904297
            ],
            [
              -67.0245590209961,
              44.886051177978516
            ],
            [
              -67.02477264404297,
              44.885990142822266
            ],
            [
              -67.02497863769531,
              44.885929107666016
            ],
            [
              -67.02519226074219,
              44.88587951660156
            ],
            [
              -67.02540588378906,
              44.885921478271484
            ],
            [
              -67.02561950683594,
              44.88595962524414
            ],
            [
              -67.02583312988281,
              44.8859977722168
            ],
            [
              -67.02605438232422,
              44.88603210449219
            ],
            [
              -67.0262680053711,
              44.88606262207031
            ],
            [
              -67.02648162841797,
              44.88610076904297
            ],
            [
              -67.02670288085938,
              44.886138916015625
            ],
            [
              -67.02691650390625,
              44.88618087768555
            ],
            [
              -67.02713775634766,
              44.88621139526367
            ],
            [
              -67.02735900878906,
              44.886207580566406
            ],
            [
              -67.02758026123047,
              44.886192321777344
            ],
            [
              -67.02780151367188,
              44.88617706298828
            ],
            [
              -67.02802276611328,
              44.886173248291016
            ],
            [
              -67.02824401855469,
              44.886165618896484
            ],
            [
              -67.0284652709961,
              44.88615417480469
            ],
            [
              -67.0286865234375,
              44.886146545410156
            ],
            [
              -67.02891540527344,
              44.88614273071289
            ],
            [
              -67.02911376953125,
              44.886146545410156
            ],
            [
              -67.02912902832031,
              44.88637924194336
            ],
            [
              -67.02914428710938,
              44.8865966796875
            ],
            [
              -67.02915954589844,
              44.88682174682617
            ],
            [
              -67.02918243408203,
              44.887046813964844
            ],
            [
              -67.0291976928711,
              44.887271881103516
            ],
            [
              -67.02921295166016,
              44.88749694824219
            ],
            [
              -67.02922821044922,
              44.88772201538086
            ],
            [
              -67.02924346923828,
              44.88794708251953
            ],
            [
              -67.0293197631836,
              44.88814926147461
            ],
            [
              -67.02947998046875,
              44.88831329345703
            ],
            [
              -67.02963256835938,
              44.88847732543945
            ],
            [
              -67.02979278564453,
              44.888641357421875
            ],
            [
              -67.02994537353516,
              44.8888053894043
            ],
            [
              -67.03010559082031,
              44.888973236083984
            ],
            [
              -67.03026580810547,
              44.889137268066406
            ],
            [
              -67.0304183959961,
              44.88930130004883
            ],
            [
              -67.03057861328125,
              44.88946533203125
            ],
            [
              -67.03076934814453,
              44.88959503173828
            ],
            [
              -67.03096771240234,
              44.88971710205078
            ],
            [
              -67.03116607666016,
              44.889835357666016
            ],
            [
              -67.03136444091797,
              44.88994598388672
            ],
            [
              -67.03156280517578,
              44.89006042480469
            ],
            [
              -67.0317611694336,
              44.89017868041992
            ],
            [
              -67.0319595336914,
              44.89030075073242
            ],
            [
              -67.03216552734375,
              44.890411376953125
            ],
            [
              -67.03236389160156,
              44.890533447265625
            ],
            [
              -67.03257751464844,
              44.89061737060547
            ],
            [
              -67.03279876708984,
              44.89069366455078
            ],
            [
              -67.03301239013672,
              44.890785217285156
            ],
            [
              -67.03323364257812,
              44.89086151123047
            ],
            [
              -67.03345489501953,
              44.89095687866211
            ],
            [
              -67.0336685180664,
              44.89103317260742
            ],
            [
              -67.03388977050781,
              44.891117095947266
            ],
            [
              -67.03411102294922,
              44.89120101928711
            ],
            [
              -67.0343246459961,
              44.891204833984375
            ],
            [
              -67.0345458984375,
              44.891117095947266
            ],
            [
              -67.0347671508789,
              44.89102554321289
            ],
            [
              -67.03498077392578,
              44.89093017578125
            ],
            [
              -67.03520202636719,
              44.89084243774414
            ],
            [
              -67.0354232788086,
              44.89075469970703
            ],
            [
              -67.03564453125,
              44.89067077636719
            ],
            [
              -67.0358657836914,
              44.89057540893555
            ],
            [
              -67.03600311279297,
              44.89071273803711
            ],
            [
              -67.03612518310547,
              44.89092254638672
            ],
            [
              -67.03624725341797,
              44.89112854003906
            ],
            [
              -67.03636932373047,
              44.89133071899414
            ],
            [
              -67.03649139404297,
              44.89154052734375
            ],
            [
              -67.03661346435547,
              44.89175033569336
            ],
            [
              -67.03673553466797,
              44.8919563293457
            ],
            [
              -67.03668975830078,
              44.892147064208984
            ],
            [
              -67.0365219116211,
              44.892303466796875
            ],
            [
              -67.03634643554688,
              44.89247512817383
            ],
            [
              -67.03617095947266,
              44.892642974853516
            ],
            [
              -67.03599548339844,
              44.8928108215332
            ],
            [
              -67.03582000732422,
              44.89297866821289
            ],
            [
              -67.03564453125,
              44.89314651489258
            ],
            [
              -67.03556060791016,
              44.893367767333984
            ],
            [
              -67.03547668457031,
              44.89360046386719
            ],
            [
              -67.035400390625,
              44.89383316040039
            ],
            [
              -67.03531646728516,
              44.894065856933594
            ],
            [
              -67.03523254394531,
              44.894290924072266
            ],
            [
              -67.03514862060547,
              44.89452362060547
            ],
            [
              -67.03507232666016,
              44.89475631713867
            ],
            [
              -67.03498840332031,
              44.894981384277344
            ],
            [
              -67.0350341796875,
              44.895233154296875
            ],
            [
              -67.03507995605469,
              44.89546585083008
            ],
            [
              -67.03512573242188,
              44.89570999145508
            ],
            [
              -67.03516387939453,
              44.89595413208008
            ],
            [
              -67.03520965576172,
              44.89619827270508
            ],
            [
              -67.0352554321289,
              44.89644241333008
            ],
            [
              -67.0353012084961,
              44.89668655395508
            ],
            [
              -67.03546142578125,
              44.89685821533203
            ],
            [
              -67.0356674194336,
              44.89698791503906
            ],
            [
              -67.03588104248047,
              44.897117614746094
            ],
            [
              -67.03608703613281,
              44.89725875854492
            ],
            [
              -67.03630065917969,
              44.897396087646484
            ],
            [
              -67.03651428222656,
              44.897525787353516
            ],
            [
              -67.0367202758789,
              44.89765548706055
            ],
            [
              -67.03693389892578,
              44.897804260253906
            ],
            [
              -67.0371322631836,
              44.89794921875
            ],
            [
              -67.03732299804688,
              44.89811706542969
            ],
            [
              -67.03751373291016,
              44.89828109741211
            ],
            [
              -67.03770446777344,
              44.89844512939453
            ],
            [
              -67.03789520263672,
              44.89861297607422
            ],
            [
              -67.03809356689453,
              44.89877700805664
            ],
            [
              -67.03828430175781,
              44.89894485473633
            ],
            [
              -67.0384750366211,
              44.89910888671875
            ],
            [
              -67.03865051269531,
              44.8992919921875
            ],
            [
              -67.038818359375,
              44.89948272705078
            ],
            [
              -67.03899383544922,
              44.89967727661133
            ],
            [
              -67.0391616821289,
              44.89985656738281
            ],
            [
              -67.0393295288086,
              44.90005111694336
            ],
            [
              -67.03950500488281,
              44.90024185180664
            ],
            [
              -67.03968048095703,
              44.90043258666992
            ],
            [
              -67.03984832763672,
              44.90062713623047
            ],
            [
              -67.04008483886719,
              44.900718688964844
            ],
            [
              -67.04032135009766,
              44.90083312988281
            ],
            [
              -67.04055786132812,
              44.90092468261719
            ],
            [
              -67.0407943725586,
              44.901039123535156
            ],
            [
              -67.04103088378906,
              44.9011344909668
            ],
            [
              -67.04126739501953,
              44.9012451171875
            ],
            [
              -67.04151153564453,
              44.90134048461914
            ],
            [
              -67.04175567626953,
              44.90141677856445
            ],
            [
              -67.0420150756836,
              44.90145492553711
            ],
            [
              -67.04227447509766,
              44.90149688720703
            ],
            [
              -67.04253387451172,
              44.901519775390625
            ],
            [
              -67.04279327392578,
              44.90155792236328
            ],
            [
              -67.04305267333984,
              44.9015998840332
            ],
            [
              -67.0433120727539,
              44.90163040161133
            ],
            [
              -67.04357147216797,
              44.90166091918945
            ],
            [
              -67.04383087158203,
              44.901611328125
            ],
            [
              -67.04408264160156,
              44.901554107666016
            ],
            [
              -67.04434204101562,
              44.90149688720703
            ],
            [
              -67.04460144042969,
              44.90142822265625
            ],
            [
              -67.04485321044922,
              44.9013786315918
            ],
            [
              -67.04511260986328,
              44.901309967041016
            ],
            [
              -67.04537200927734,
              44.90125274658203
            ],
            [
              -67.04561614990234,
              44.90113830566406
            ],
            [
              -67.04584503173828,
              44.90101623535156
            ],
            [
              -67.04608154296875,
              44.90088653564453
            ],
            [
              -67.04631805419922,
              44.9007568359375
            ],
            [
              -67.04654693603516,
              44.900634765625
            ],
            [
              -67.04678344726562,
              44.90049362182617
            ],
            [
              -67.04701232910156,
              44.90040588378906
            ],
            [
              -67.04716491699219,
              44.90062713623047
            ],
            [
              -67.04731750488281,
              44.90084457397461
            ],
            [
              -67.0474624633789,
              44.90107345581055
            ],
            [
              -67.04761505126953,
              44.90129089355469
            ],
            [
              -67.04776763916016,
              44.901519775390625
            ],
            [
              -67.04781341552734,
              44.9017448425293
            ],
            [
              -67.04768371582031,
              44.90198516845703
            ],
            [
              -67.04754638671875,
              44.902217864990234
            ],
            [
              -67.04741668701172,
              44.90244674682617
            ],
            [
              -67.04727935791016,
              44.90269088745117
            ],
            [
              -67.04714965820312,
              44.902931213378906
            ],
            [
              -67.04701232910156,
              44.903160095214844
            ],
            [
              -67.04724884033203,
              44.903263092041016
            ],
            [
              -67.0475082397461,
              44.903350830078125
            ],
            [
              -67.04776763916016,
              44.903446197509766
            ],
            [
              -67.04802703857422,
              44.90353775024414
            ],
            [
              -67.04828643798828,
              44.90362548828125
            ],
            [
              -67.04854583740234,
              44.903709411621094
            ],
            [
              -67.04881286621094,
              44.903804779052734
            ],
            [
              -67.049072265625,
              44.90380096435547
            ],
            [
              -67.04934692382812,
              44.90373992919922
            ],
            [
              -67.04962158203125,
              44.90369415283203
            ],
            [
              -67.04988861083984,
              44.90364456176758
            ],
            [
              -67.05016326904297,
              44.90358352661133
            ],
            [
              -67.0504379272461,
              44.903526306152344
            ],
            [
              -67.05071258544922,
              44.90347671508789
            ],
            [
              -67.05098724365234,
              44.90349197387695
            ],
            [
              -67.05126190185547,
              44.90352249145508
            ],
            [
              -67.05154418945312,
              44.9035530090332
            ],
            [
              -67.05181884765625,
              44.903587341308594
            ],
            [
              -67.0521011352539,
              44.90361785888672
            ],
            [
              -67.05238342285156,
              44.903648376464844
            ],
            [
              -67.05265808105469,
              44.903682708740234
            ],
            [
              -67.05293273925781,
              44.90374755859375
            ],
            [
              -67.05320739746094,
              44.90380859375
            ],
            [
              -67.0534896850586,
              44.903865814208984
            ],
            [
              -67.05376434326172,
              44.903926849365234
            ],
            [
              -67.05404663085938,
              44.90398406982422
            ],
            [
              -67.0543212890625,
              44.9040412902832
            ],
            [
              -67.05459594726562,
              44.90410232543945
            ],
            [
              -67.05487060546875,
              44.904170989990234
            ],
            [
              -67.0551528930664,
              44.90423583984375
            ],
            [
              -67.05542755126953,
              44.90431213378906
            ],
            [
              -67.05570220947266,
              44.904388427734375
            ],
            [
              -67.05598449707031,
              44.904449462890625
            ],
            [
              -67.05625915527344,
              44.90452575683594
            ],
            [
              -67.05653381347656,
              44.90460205078125
            ],
            [
              -67.05680847167969,
              44.90470504760742
            ],
            [
              -67.05707550048828,
              44.904808044433594
            ],
            [
              -67.05734252929688,
              44.904903411865234
            ],
            [
              -67.0576171875,
              44.9050178527832
            ],
            [
              -67.0578842163086,
              44.905113220214844
            ],
            [
              -67.05815887451172,
              44.90522384643555
            ],
            [
              -67.05843353271484,
              44.90531921386719
            ],
            [
              -67.05870819091797,
              44.90540313720703
            ],
            [
              -67.05899047851562,
              44.90549087524414
            ],
            [
              -67.05926513671875,
              44.905574798583984
            ],
            [
              -67.0595474243164,
              44.905662536621094
            ],
            [
              -67.05982208251953,
              44.90574645996094
            ],
            [
              -67.06010437011719,
              44.90583419799805
            ],
            [
              -67.06038665771484,
              44.90591049194336
            ],
            [
              -67.06067657470703,
              44.90595245361328
            ],
            [
              -67.06096649169922,
              44.906002044677734
            ],
            [
              -67.0612564086914,
              44.90605163574219
            ],
            [
              -67.06155395507812,
              44.90609359741211
            ],
            [
              -67.06184387207031,
              44.906150817871094
            ],
            [
              -67.0621337890625,
              44.906192779541016
            ],
            [
              -67.0624008178711,
              44.906105041503906
            ],
            [
              -67.0626449584961,
              44.905948638916016
            ],
            [
              -67.06289672851562,
              44.9057731628418
            ],
            [
              -67.06314086914062,
              44.905616760253906
            ],
            [
              -67.06339263916016,
              44.90544891357422
            ],
            [
              -67.06363677978516,
              44.90528106689453
            ],
            [
              -67.06388854980469,
              44.90512466430664
            ],
            [
              -67.0640869140625,
              44.904903411865234
            ],
            [
              -67.06430053710938,
              44.9046630859375
            ],
            [
              -67.06451416015625,
              44.904415130615234
            ],
            [
              -67.06475067138672,
              44.90415573120117
            ],
            [
              -67.06500244140625,
              44.90388107299805
            ],
            [
              -67.06524658203125,
              44.90357971191406
            ],
            [
              -67.06539916992188,
              44.903194427490234
            ],
            [
              -67.06555938720703,
              44.902793884277344
            ],
            [
              -67.06572723388672,
              44.9023551940918
            ],
            [
              -67.06572723388672,
              44.90193176269531
            ],
            [
              -67.06536865234375,
              44.90156555175781
            ],
            [
              -67.06497955322266,
              44.901180267333984
            ],
            [
              -67.0645751953125,
              44.900760650634766
            ],
            [
              -67.06405639648438,
              44.90044403076172
            ],
            [
              -67.06348419189453,
              44.900146484375
            ],
            [
              -67.06288146972656,
              44.89982986450195
            ],
            [
              -67.06224060058594,
              44.899497985839844
            ],
            [
              -67.06155395507812,
              44.89914321899414
            ],
            [
              -67.06084442138672,
              44.89876174926758
            ],
            [
              -67.0600814819336,
              44.89836120605469
            ],
            [
              -67.05928039550781,
              44.89794158935547
            ],
            [
              -67.05841827392578,
              44.89752197265625
            ],
            [
              -67.05751037597656,
              44.8970832824707
            ],
            [
              -67.05655670166016,
              44.89659881591797
            ],
            [
              -67.05554962158203,
              44.896087646484375
            ],
            [
              -67.05448913574219,
              44.895530700683594
            ],
            [
              -67.05337524414062,
              44.894935607910156
            ],
            [
              -67.05220031738281,
              44.89429473876953
            ],
            [
              -67.05171203613281,
              44.89300537109375
            ],
            [
              -67.05132293701172,
              44.89156723022461
            ],
            [
              -67.05097198486328,
              44.89002227783203
            ],
            [
              -67.05066680908203,
              44.888370513916016
            ],
            [
              -67.05046081542969,
              44.886619567871094
            ],
            [
              -67.05074310302734,
              44.88478088378906
            ],
            [
              -67.05078887939453,
              44.882808685302734
            ],
            [
              -67.04943084716797,
              44.88134765625
            ],
            [
              -67.04834747314453,
              44.87969970703125
            ],
            [
              -67.04747772216797,
              44.877891540527344
            ],
            [
              -67.0469970703125,
              44.87602996826172
            ],
            [
              -67.04625701904297,
              44.87425231933594
            ],
            [
              -67.04485321044922,
              44.872825622558594
            ],
            [
              -67.04335021972656,
              44.87150192260742
            ],
            [
              -67.04137420654297,
              44.87154006958008
            ],
            [
              -67.03955078125,
              44.87073516845703
            ],
            [
              -67.0387191772461,
              44.868953704833984
            ],
            [
              -67.03826141357422,
              44.86701202392578
            ],
            [
              -67.03659057617188,
              44.866085052490234
            ],
            [
              -67.03591918945312,
              44.86442565917969
            ],
            [
              -67.03616333007812,
              44.862491607666016
            ],
            [
              -67.0372543334961,
              44.86088180541992
            ],
            [
              -67.03662872314453,
              44.859161376953125
            ],
            [
              -67.0378646850586,
              44.857669830322266
            ],
            [
              -67.03726959228516,
              44.85578918457031
            ],
            [
              -67.03562927246094,
              44.85514831542969
            ],
            [
              -67.03410339355469,
              44.85641860961914
            ],
            [
              -67.03321075439453,
              44.85530471801758
            ],
            [
              -67.03204345703125,
              44.854862213134766
            ],
            [
              -67.03085327148438,
              44.85521697998047
            ],
            [
              -67.02993774414062,
              44.856040954589844
            ],
            [
              -67.0289306640625,
              44.85661697387695
            ],
            [
              -67.02790832519531,
              44.8570556640625
            ],
            [
              -67.02687072753906,
              44.85721969604492
            ],
            [
              -67.02588653564453,
              44.85742950439453
            ],
            [
              -67.02503204345703,
              44.857845306396484
            ],
            [
              -67.02421569824219,
              44.858245849609375
            ],
            [
              -67.02346801757812,
              44.858665466308594
            ],
            [
              -67.02271270751953,
              44.85900115966797
            ],
            [
              -67.02196502685547,
              44.85917663574219
            ],
            [
              -67.02122497558594,
              44.85918426513672
            ],
            [
              -67.02054595947266,
              44.85899353027344
            ],
            [
              -67.0199966430664,
              44.85874938964844
            ],
            [
              -67.0204086303711,
              44.85824966430664
            ],
            [
              -67.02079772949219,
              44.8577880859375
            ],
            [
              -67.02117156982422,
              44.85734558105469
            ],
            [
              -67.02152252197266,
              44.85691833496094
            ],
            [
              -67.02176666259766,
              44.8564567565918
            ],
            [
              -67.0219955444336,
              44.85601043701172
            ],
            [
              -67.02220916748047,
              44.85558319091797
            ],
            [
              -67.02268981933594,
              44.85562515258789
            ],
            [
              -67.02320098876953,
              44.85565185546875
            ],
            [
              -67.02373504638672,
              44.85569763183594
            ],
            [
              -67.0241928100586,
              44.85560607910156
            ],
            [
              -67.02429962158203,
              44.85502243041992
            ],
            [
              -67.0244140625,
              44.85441207885742
            ],
            [
              -67.02409362792969,
              44.853885650634766
            ],
            [
              -67.02364349365234,
              44.85337448120117
            ],
            [
              -67.0231704711914,
              44.85282516479492
            ],
            [
              -67.0232162475586,
              44.852088928222656
            ],
            [
              -67.02332305908203,
              44.85129928588867
            ],
            [
              -67.02386474609375,
              44.85141372680664
            ],
            [
              -67.02439880371094,
              44.85198211669922
            ],
            [
              -67.02517700195312,
              44.85246276855469
            ],
            [
              -67.02608489990234,
              44.852821350097656
            ],
            [
              -67.02706146240234,
              44.85310745239258
            ],
            [
              -67.02811431884766,
              44.85334396362305
            ],
            [
              -67.02918243408203,
              44.853145599365234
            ],
            [
              -67.0302734375,
              44.85268783569336
            ],
            [
              -67.03079223632812,
              44.85155487060547
            ],
            [
              -67.03178405761719,
              44.85090255737305
            ],
            [
              -67.03304290771484,
              44.850528717041016
            ],
            [
              -67.03359985351562,
              44.84918975830078
            ],
            [
              -67.03472137451172,
              44.84819030761719
            ],
            [
              -67.03671264648438,
              44.848026275634766
            ],
            [
              -67.03871154785156,
              44.848106384277344
            ],
            [
              -67.03960418701172,
              44.84645462036133
            ],
            [
              -67.0390853881836,
              44.844600677490234
            ],
            [
              -67.03841400146484,
              44.84388732910156
            ],
            [
              -67.03787231445312,
              44.84311294555664
            ],
            [
              -67.03778076171875,
              44.841880798339844
            ],
            [
              -67.03854370117188,
              44.841270446777344
            ],
            [
              -67.03966522216797,
              44.8411750793457
            ],
            [
              -67.0411148071289,
              44.840782165527344
            ],
            [
              -67.04232025146484,
              44.83934783935547
            ],
            [
              -67.0419692993164,
              44.837703704833984
            ],
            [
              -67.04061126708984,
              44.83778762817383
            ],
            [
              -67.03946685791016,
              44.83639907836914
            ],
            [
              -67.03993225097656,
              44.83483123779297
            ],
            [
              -67.0409927368164,
              44.83359909057617
            ],
            [
              -67.04296112060547,
              44.83396530151367
            ],
            [
              -67.04423522949219,
              44.835453033447266
            ],
            [
              -67.04499816894531,
              44.83515930175781
            ],
            [
              -67.04615020751953,
              44.83395767211914
            ],
            [
              -67.04756927490234,
              44.834468841552734
            ],
            [
              -67.04855346679688,
              44.83579635620117
            ],
            [
              -67.05052947998047,
              44.835750579833984
            ],
            [
              -67.0518798828125,
              44.836143493652344
            ],
            [
              -67.05265045166016,
              44.83637237548828
            ],
            [
              -67.05326080322266,
              44.83744430541992
            ],
            [
              -67.05306243896484,
              44.838775634765625
            ],
            [
              -67.0523452758789,
              44.83951950073242
            ],
            [
              -67.0511474609375,
              44.83976745605469
            ],
            [
              -67.05025482177734,
              44.84075927734375
            ],
            [
              -67.05065155029297,
              44.842594146728516
            ],
            [
              -67.05133819580078,
              44.844417572021484
            ],
            [
              -67.05186462402344,
              44.845829010009766
            ],
            [
              -67.0511703491211,
              44.847354888916016
            ],
            [
              -67.04991912841797,
              44.848209381103516
            ],
            [
              -67.0498275756836,
              44.84999084472656
            ],
            [
              -67.05134582519531,
              44.85129165649414
            ],
            [
              -67.05241394042969,
              44.85295104980469
            ],
            [
              -67.0523681640625,
              44.85491180419922
            ],
            [
              -67.05318450927734,
              44.85674285888672
            ],
            [
              -67.05406188964844,
              44.858524322509766
            ],
            [
              -67.05519104003906,
              44.86000061035156
            ],
            [
              -67.05695343017578,
              44.8609504699707
            ],
            [
              -67.05864715576172,
              44.86182403564453
            ],
            [
              -67.0599136352539,
              44.861324310302734
            ],
            [
              -67.0608139038086,
              44.8604736328125
            ],
            [
              -67.06134796142578,
              44.85931396484375
            ],
            [
              -67.06126403808594,
              44.858070373535156
            ],
            [
              -67.06182861328125,
              44.85719680786133
            ],
            [
              -67.06278991699219,
              44.856834411621094
            ],
            [
              -67.06359100341797,
              44.857643127441406
            ],
            [
              -67.06459045410156,
              44.85808181762695
            ],
            [
              -67.06561279296875,
              44.8581428527832
            ],
            [
              -67.0666275024414,
              44.8578987121582
            ],
            [
              -67.06761932373047,
              44.85769271850586
            ],
            [
              -67.0685806274414,
              44.85752868652344
            ],
            [
              -67.06950378417969,
              44.85732650756836
            ],
            [
              -67.07037353515625,
              44.857017517089844
            ],
            [
              -67.07122802734375,
              44.85676193237305
            ],
            [
              -67.07205963134766,
              44.85651397705078
            ],
            [
              -67.07286834716797,
              44.85630416870117
            ],
            [
              -67.07365417480469,
              44.856082916259766
            ],
            [
              -67.07440185546875,
              44.85580825805664
            ],
            [
              -67.0750732421875,
              44.8554573059082
            ],
            [
              -67.0755844116211,
              44.85490798950195
            ],
            [
              -67.07582092285156,
              44.85425567626953
            ],
            [
              -67.07585906982422,
              44.85356521606445
            ],
            [
              -67.07579803466797,
              44.85289764404297
            ],
            [
              -67.0763168334961,
              44.85248947143555
            ],
            [
              -67.07693481445312,
              44.85251998901367
            ],
            [
              -67.07740783691406,
              44.85288619995117
            ],
            [
              -67.07781219482422,
              44.85332489013672
            ],
            [
              -67.07820129394531,
              44.853763580322266
            ],
            [
              -67.07859802246094,
              44.854312896728516
            ],
            [
              -67.07901000976562,
              44.85487747192383
            ],
            [
              -67.07936096191406,
              44.85550308227539
            ],
            [
              -67.079345703125,
              44.856231689453125
            ],
            [
              -67.07931518554688,
              44.85698699951172
            ],
            [
              -67.07876586914062,
              44.85747528076172
            ],
            [
              -67.07804870605469,
              44.85781478881836
            ],
            [
              -67.0772476196289,
              44.857906341552734
            ],
            [
              -67.07640075683594,
              44.85787582397461
            ],
            [
              -67.07553100585938,
              44.857872009277344
            ],
            [
              -67.07463836669922,
              44.85793685913086
            ],
            [
              -67.07372283935547,
              44.858028411865234
            ],
            [
              -67.07279968261719,
              44.8582649230957
            ],
            [
              -67.07186889648438,
              44.85853576660156
            ],
            [
              -67.07091522216797,
              44.85884475708008
            ],
            [
              -67.06997680664062,
              44.85924530029297
            ],
            [
              -67.069091796875,
              44.85982131958008
            ],
            [
              -67.06849670410156,
              44.86073303222656
            ],
            [
              -67.06775665283203,
              44.86156463623047
            ],
            [
              -67.06678009033203,
              44.86098861694336
            ],
            [
              -67.06587982177734,
              44.86133575439453
            ],
            [
              -67.06529235839844,
              44.86229705810547
            ],
            [
              -67.06523132324219,
              44.86348342895508
            ],
            [
              -67.06394958496094,
              44.86335372924805
            ],
            [
              -67.06262969970703,
              44.86333084106445
            ],
            [
              -67.06150817871094,
              44.86370086669922
            ],
            [
              -67.0609130859375,
              44.864959716796875
            ],
            [
              -67.0619125366211,
              44.86659622192383
            ],
            [
              -67.06295776367188,
              44.866092681884766
            ],
            [
              -67.06413269042969,
              44.865474700927734
            ],
            [
              -67.06572723388672,
              44.86668014526367
            ],
            [
              -67.06727600097656,
              44.86794662475586
            ],
            [
              -67.06880187988281,
              44.86924362182617
            ],
            [
              -67.07034301757812,
              44.87051010131836
            ],
            [
              -67.07209014892578,
              44.87148666381836
            ],
            [
              -67.07366180419922,
              44.87269973754883
            ],
            [
              -67.0750961303711,
              44.87409210205078
            ],
            [
              -67.0765151977539,
              44.87550354003906
            ],
            [
              -67.07817077636719,
              44.8760986328125
            ],
            [
              -67.08012390136719,
              44.87567138671875
            ],
            [
              -67.08210754394531,
              44.87547302246094
            ],
            [
              -67.08390045166016,
              44.87607955932617
            ],
            [
              -67.08544158935547,
              44.87734603881836
            ],
            [
              -67.08707427978516,
              44.87838363647461
            ],
            [
              -67.08894348144531,
              44.87900924682617
            ],
            [
              -67.09039306640625,
              44.8803825378418
            ],
            [
              -67.09087371826172,
              44.882225036621094
            ],
            [
              -67.09175109863281,
              44.88395309448242
            ],
            [
              -67.09172821044922,
              44.885623931884766
            ],
            [
              -67.09215545654297,
              44.887306213378906
            ],
            [
              -67.09367370605469,
              44.88859176635742
            ],
            [
              -67.09471893310547,
              44.89027404785156
            ],
            [
              -67.09573364257812,
              44.89165115356445
            ],
            [
              -67.09762573242188,
              44.89125061035156
            ],
            [
              -67.09920501708984,
              44.89017868041992
            ],
            [
              -67.10094451904297,
              44.8903694152832
            ],
            [
              -67.10138702392578,
              44.89213180541992
            ],
            [
              -67.10203552246094,
              44.89258575439453
            ],
            [
              -67.10294342041016,
              44.89225769042969
            ],
            [
              -67.10352325439453,
              44.89085388183594
            ],
            [
              -67.10411834716797,
              44.88981246948242
            ],
            [
              -67.10387420654297,
              44.888526916503906
            ],
            [
              -67.10372924804688,
              44.88724899291992
            ],
            [
              -67.10307312011719,
              44.88626480102539
            ],
            [
              -67.10228729248047,
              44.885658264160156
            ],
            [
              -67.10230255126953,
              44.884056091308594
            ],
            [
              -67.10321807861328,
              44.88359451293945
            ],
            [
              -67.10450744628906,
              44.883995056152344
            ],
            [
              -67.10537719726562,
              44.88430404663086
            ],
            [
              -67.10572052001953,
              44.88274383544922
            ],
            [
              -67.10694885253906,
              44.88202667236328
            ],
            [
              -67.10848236083984,
              44.88325881958008
            ],
            [
              -67.10844421386719,
              44.88214111328125
            ],
            [
              -67.1067886352539,
              44.88130187988281
            ],
            [
              -67.1048812866211,
              44.88094711303711
            ],
            [
              -67.10360717773438,
              44.88016128540039
            ],
            [
              -67.10243225097656,
              44.87956619262695
            ],
            [
              -67.10132598876953,
              44.879329681396484
            ],
            [
              -67.10020446777344,
              44.8796272277832
            ],
            [
              -67.09857940673828,
              44.87846755981445
            ],
            [
              -67.09687805175781,
              44.877410888671875
            ],
            [
              -67.09520721435547,
              44.876312255859375
            ],
            [
              -67.09359741210938,
              44.875125885009766
            ],
            [
              -67.09203338623047,
              44.87387466430664
            ],
            [
              -67.09050750732422,
              44.872589111328125
            ],
            [
              -67.08975219726562,
              44.870758056640625
            ],
            [
              -67.08867645263672,
              44.869083404541016
            ],
            [
              -67.08736419677734,
              44.8675651550293
            ],
            [
              -67.08619689941406,
              44.865943908691406
            ],
            [
              -67.0858154296875,
              44.863983154296875
            ],
            [
              -67.0868911743164,
              44.86273193359375
            ],
            [
              -67.08828735351562,
              44.861515045166016
            ],
            [
              -67.08885192871094,
              44.859596252441406
            ],
            [
              -67.090087890625,
              44.86017608642578
            ],
            [
              -67.09159851074219,
              44.8614616394043
            ],
            [
              -67.09343719482422,
              44.862239837646484
            ],
            [
              -67.0947036743164,
              44.86370086669922
            ],
            [
              -67.09490966796875,
              44.86567687988281
            ],
            [
              -67.09480285644531,
              44.8676643371582
            ],
            [
              -67.09447479248047,
              44.86959457397461
            ],
            [
              -67.095458984375,
              44.87133026123047
            ],
            [
              -67.09683990478516,
              44.87253189086914
            ],
            [
              -67.09878540039062,
              44.87209701538086
            ],
            [
              -67.09973907470703,
              44.87046432495117
            ],
            [
              -67.09947204589844,
              44.869136810302734
            ],
            [
              -67.09989929199219,
              44.86761474609375
            ],
            [
              -67.1003646850586,
              44.866180419921875
            ],
            [
              -67.09956359863281,
              44.865142822265625
            ],
            [
              -67.09864807128906,
              44.864234924316406
            ],
            [
              -67.09780883789062,
              44.8634033203125
            ],
            [
              -67.09729766845703,
              44.8624382019043
            ],
            [
              -67.09675598144531,
              44.861602783203125
            ],
            [
              -67.09622192382812,
              44.860836029052734
            ],
            [
              -67.09609985351562,
              44.860008239746094
            ],
            [
              -67.09635925292969,
              44.8592529296875
            ],
            [
              -67.09696960449219,
              44.85914611816406
            ],
            [
              -67.09796142578125,
              44.85905456542969
            ],
            [
              -67.09893035888672,
              44.859439849853516
            ],
            [
              -67.09986877441406,
              44.85994338989258
            ],
            [
              -67.10028839111328,
              44.86101150512695
            ],
            [
              -67.1008071899414,
              44.86210250854492
            ],
            [
              -67.10145568847656,
              44.86320114135742
            ],
            [
              -67.1022720336914,
              44.86425018310547
            ],
            [
              -67.1031723022461,
              44.86533737182617
            ],
            [
              -67.10411834716797,
              44.866458892822266
            ],
            [
              -67.10440063476562,
              44.86815643310547
            ],
            [
              -67.1051254272461,
              44.869781494140625
            ],
            [
              -67.10667419433594,
              44.870914459228516
            ],
            [
              -67.10761260986328,
              44.87036895751953
            ],
            [
              -67.1089859008789,
              44.87023162841797
            ],
            [
              -67.11016845703125,
              44.86991882324219
            ],
            [
              -67.11133575439453,
              44.86909103393555
            ],
            [
              -67.11058044433594,
              44.86751937866211
            ],
            [
              -67.10954284667969,
              44.866207122802734
            ],
            [
              -67.10828399658203,
              44.864402770996094
            ],
            [
              -67.10704040527344,
              44.86283493041992
            ],
            [
              -67.10600280761719,
              44.86116027832031
            ],
            [
              -67.10527038574219,
              44.85929489135742
            ],
            [
              -67.10417175292969,
              44.85772705078125
            ],
            [
              -67.10301971435547,
              44.85685348510742
            ],
            [
              -67.1022720336914,
              44.855716705322266
            ],
            [
              -67.1015853881836,
              44.854759216308594
            ],
            [
              -67.10031127929688,
              44.85490798950195
            ],
            [
              -67.0991439819336,
              44.855350494384766
            ],
            [
              -67.09806060791016,
              44.855873107910156
            ],
            [
              -67.09705352783203,
              44.856441497802734
            ],
            [
              -67.09626770019531,
              44.857200622558594
            ],
            [
              -67.095703125,
              44.85811996459961
            ],
            [
              -67.09471893310547,
              44.858238220214844
            ],
            [
              -67.09375762939453,
              44.85797882080078
            ],
            [
              -67.09284973144531,
              44.85765838623047
            ],
            [
              -67.0919418334961,
              44.8574333190918
            ],
            [
              -67.09105682373047,
              44.8573112487793
            ],
            [
              -67.09020233154297,
              44.8571891784668
            ],
            [
              -67.08940124511719,
              44.85696792602539
            ],
            [
              -67.0886459350586,
              44.85670471191406
            ],
            [
              -67.08792877197266,
              44.856422424316406
            ],
            [
              -67.08726501464844,
              44.8560791015625
            ],
            [
              -67.08661651611328,
              44.855770111083984
            ],
            [
              -67.08596801757812,
              44.85551452636719
            ],
            [
              -67.08536529541016,
              44.8552360534668
            ],
            [
              -67.08480072021484,
              44.85491943359375
            ],
            [
              -67.08440399169922,
              44.85449981689453
            ],
            [
              -67.08419036865234,
              44.853939056396484
            ],
            [
              -67.08397674560547,
              44.8533935546875
            ],
            [
              -67.084228515625,
              44.852848052978516
            ],
            [
              -67.08457946777344,
              44.85234069824219
            ],
            [
              -67.0851058959961,
              44.85204315185547
            ],
            [
              -67.08573150634766,
              44.85185623168945
            ],
            [
              -67.0863037109375,
              44.851505279541016
            ],
            [
              -67.0866470336914,
              44.85089874267578
            ],
            [
              -67.08720397949219,
              44.85108947753906
            ],
            [
              -67.08759307861328,
              44.851707458496094
            ],
            [
              -67.08771514892578,
              44.85243225097656
            ],
            [
              -67.08775329589844,
              44.853214263916016
            ],
            [
              -67.08794403076172,
              44.853973388671875
            ],
            [
              -67.08854675292969,
              44.85453414916992
            ],
            [
              -67.08927917480469,
              44.85496139526367
            ],
            [
              -67.0901107788086,
              44.855224609375
            ],
            [
              -67.09098052978516,
              44.85525894165039
            ],
            [
              -67.09186553955078,
              44.85496520996094
            ],
            [
              -67.09272003173828,
              44.854549407958984
            ],
            [
              -67.09355926513672,
              44.854042053222656
            ],
            [
              -67.09446716308594,
              44.8536491394043
            ],
            [
              -67.09549713134766,
              44.85349655151367
            ],
            [
              -67.09656524658203,
              44.85346984863281
            ],
            [
              -67.0976333618164,
              44.85322570800781
            ],
            [
              -67.09846496582031,
              44.85255432128906
            ],
            [
              -67.09925842285156,
              44.8517951965332
            ],
            [
              -67.10030364990234,
              44.85129165649414
            ],
            [
              -67.10093688964844,
              44.85023880004883
            ],
            [
              -67.1005859375,
              44.84902572631836
            ],
            [
              -67.10009765625,
              44.84781265258789
            ],
            [
              -67.100341796875,
              44.8469352722168
            ],
            [
              -67.10160827636719,
              44.84709930419922
            ],
            [
              -67.1028823852539,
              44.84773254394531
            ],
            [
              -67.1042251586914,
              44.84831237792969
            ],
            [
              -67.10504150390625,
              44.846500396728516
            ],
            [
              -67.10531616210938,
              44.8446044921875
            ],
            [
              -67.10449981689453,
              44.84282684326172
            ],
            [
              -67.10322570800781,
              44.84128189086914
            ],
            [
              -67.10446166992188,
              44.83998107910156
            ],
            [
              -67.1059799194336,
              44.84069061279297
            ],
            [
              -67.10753631591797,
              44.841941833496094
            ],
            [
              -67.10845184326172,
              44.8436393737793
            ],
            [
              -67.10978698730469,
              44.84504699707031
            ],
            [
              -67.11065673828125,
              44.84381103515625
            ],
            [
              -67.11225891113281,
              44.842811584472656
            ],
            [
              -67.11395263671875,
              44.842803955078125
            ],
            [
              -67.11539459228516,
              44.84409713745117
            ],
            [
              -67.116943359375,
              44.84398651123047
            ],
            [
              -67.11817932128906,
              44.843719482421875
            ],
            [
              -67.11917877197266,
              44.843475341796875
            ],
            [
              -67.12000274658203,
              44.84331512451172
            ],
            [
              -67.12043762207031,
              44.843196868896484
            ],
            [
              -67.120849609375,
              44.8432502746582
            ],
            [
              -67.12094116210938,
              44.843666076660156
            ],
            [
              -67.1207504272461,
              44.844112396240234
            ],
            [
              -67.12028503417969,
              44.84455490112305
            ],
            [
              -67.11967468261719,
              44.84497833251953
            ],
            [
              -67.11905670166016,
              44.84553527832031
            ],
            [
              -67.11843872070312,
              44.84624481201172
            ],
            [
              -67.11817169189453,
              44.84722900390625
            ],
            [
              -67.11813354492188,
              44.84841537475586
            ],
            [
              -67.11856079101562,
              44.85036849975586
            ],
            [
              -67.11797332763672,
              44.85163879394531
            ],
            [
              -67.11691284179688,
              44.85246658325195
            ],
            [
              -67.1170425415039,
              44.854000091552734
            ],
            [
              -67.1190414428711,
              44.85408401489258
            ],
            [
              -67.12100219726562,
              44.853755950927734
            ],
            [
              -67.12284851074219,
              44.85396957397461
            ],
            [
              -67.12384796142578,
              44.85453414916992
            ],
            [
              -67.1242446899414,
              44.85603332519531
            ],
            [
              -67.12358856201172,
              44.85723876953125
            ],
            [
              -67.12290954589844,
              44.85881042480469
            ],
            [
              -67.12186431884766,
              44.85948944091797
            ],
            [
              -67.12150573730469,
              44.860679626464844
            ],
            [
              -67.12126159667969,
              44.862403869628906
            ],
            [
              -67.12213134765625,
              44.8640022277832
            ],
            [
              -67.12275695800781,
              44.86536407470703
            ],
            [
              -67.12264251708984,
              44.86696243286133
            ],
            [
              -67.12223052978516,
              44.86850357055664
            ],
            [
              -67.12227630615234,
              44.869991302490234
            ],
            [
              -67.12127685546875,
              44.87066650390625
            ],
            [
              -67.12029266357422,
              44.8709831237793
            ],
            [
              -67.11920928955078,
              44.87035369873047
            ],
            [
              -67.1190185546875,
              44.868507385253906
            ],
            [
              -67.11775207519531,
              44.867801666259766
            ],
            [
              -67.11683654785156,
              44.869163513183594
            ],
            [
              -67.11555480957031,
              44.86803436279297
            ],
            [
              -67.11508178710938,
              44.869468688964844
            ],
            [
              -67.1147689819336,
              44.871334075927734
            ],
            [
              -67.11457824707031,
              44.873294830322266
            ],
            [
              -67.11530303955078,
              44.8739013671875
            ],
            [
              -67.11638641357422,
              44.874298095703125
            ],
            [
              -67.117431640625,
              44.874168395996094
            ],
            [
              -67.11843872070312,
              44.87319564819336
            ],
            [
              -67.11951446533203,
              44.8733024597168
            ],
            [
              -67.12029266357422,
              44.87416458129883
            ],
            [
              -67.1210708618164,
              44.87484359741211
            ],
            [
              -67.12176513671875,
              44.87543869018555
            ],
            [
              -67.12255859375,
              44.87565994262695
            ],
            [
              -67.12348937988281,
              44.87592697143555
            ],
            [
              -67.12464141845703,
              44.875919342041016
            ],
            [
              -67.12601470947266,
              44.8758430480957
            ],
            [
              -67.12764739990234,
              44.87577819824219
            ],
            [
              -67.12939453125,
              44.87672424316406
            ],
            [
              -67.13067626953125,
              44.87712478637695
            ],
            [
              -67.13116455078125,
              44.87561798095703
            ],
            [
              -67.13211822509766,
              44.87514114379883
            ],
            [
              -67.1326904296875,
              44.87623977661133
            ],
            [
              -67.13348388671875,
              44.87683868408203
            ],
            [
              -67.13389587402344,
              44.87568283081055
            ],
            [
              -67.13390350341797,
              44.87404251098633
            ],
            [
              -67.13307189941406,
              44.872230529785156
            ],
            [
              -67.1329116821289,
              44.87024688720703
            ],
            [
              -67.13260650634766,
              44.8685302734375
            ],
            [
              -67.13426971435547,
              44.8674430847168
            ],
            [
              -67.13612365722656,
              44.86747360229492
            ],
            [
              -67.13717651367188,
              44.869056701660156
            ],
            [
              -67.13745880126953,
              44.87104034423828
            ],
            [
              -67.13768005371094,
              44.873008728027344
            ],
            [
              -67.13842010498047,
              44.874855041503906
            ],
            [
              -67.13970947265625,
              44.876243591308594
            ],
            [
              -67.14091491699219,
              44.87592315673828
            ],
            [
              -67.1399154663086,
              44.87425994873047
            ],
            [
              -67.13954162597656,
              44.872657775878906
            ],
            [
              -67.13999938964844,
              44.870460510253906
            ],
            [
              -67.14079284667969,
              44.869239807128906
            ],
            [
              -67.14077758789062,
              44.86740493774414
            ],
            [
              -67.14012145996094,
              44.865631103515625
            ],
            [
              -67.1398696899414,
              44.86369705200195
            ],
            [
              -67.13931274414062,
              44.86180114746094
            ],
            [
              -67.13903045654297,
              44.859867095947266
            ],
            [
              -67.13853454589844,
              44.85797882080078
            ],
            [
              -67.13825988769531,
              44.856048583984375
            ],
            [
              -67.13677978515625,
              44.854801177978516
            ],
            [
              -67.13511657714844,
              44.85369110107422
            ],
            [
              -67.13436889648438,
              44.853111267089844
            ],
            [
              -67.13409423828125,
              44.8519287109375
            ],
            [
              -67.13395690917969,
              44.850494384765625
            ],
            [
              -67.13394165039062,
              44.848838806152344
            ],
            [
              -67.1346664428711,
              44.847564697265625
            ],
            [
              -67.13591766357422,
              44.847450256347656
            ],
            [
              -67.13685607910156,
              44.84694290161133
            ],
            [
              -67.13678741455078,
              44.845787048339844
            ],
            [
              -67.1371078491211,
              44.844696044921875
            ],
            [
              -67.13849639892578,
              44.844017028808594
            ],
            [
              -67.13868713378906,
              44.84235382080078
            ],
            [
              -67.13829803466797,
              44.84040451049805
            ],
            [
              -67.13683319091797,
              44.83906555175781
            ],
            [
              -67.1355972290039,
              44.83843994140625
            ],
            [
              -67.13420867919922,
              44.83831024169922
            ],
            [
              -67.13359832763672,
              44.83903884887695
            ],
            [
              -67.13397216796875,
              44.84033966064453
            ],
            [
              -67.13392639160156,
              44.84154510498047
            ],
            [
              -67.13274383544922,
              44.842498779296875
            ],
            [
              -67.13148498535156,
              44.841949462890625
            ],
            [
              -67.13107299804688,
              44.840599060058594
            ],
            [
              -67.13059997558594,
              44.83930587768555
            ],
            [
              -67.12975311279297,
              44.838218688964844
            ],
            [
              -67.12875366210938,
              44.837337493896484
            ],
            [
              -67.1280288696289,
              44.83633804321289
            ],
            [
              -67.12754821777344,
              44.83521270751953
            ],
            [
              -67.12650299072266,
              44.83473587036133
            ],
            [
              -67.12548828125,
              44.83427810668945
            ],
            [
              -67.1246337890625,
              44.8336067199707
            ],
            [
              -67.12504577636719,
              44.832794189453125
            ],
            [
              -67.12562561035156,
              44.831993103027344
            ],
            [
              -67.12562561035156,
              44.83102035522461
            ],
            [
              -67.12620544433594,
              44.83070755004883
            ],
            [
              -67.12728118896484,
              44.83097839355469
            ],
            [
              -67.1280746459961,
              44.831764221191406
            ],
            [
              -67.1287841796875,
              44.832801818847656
            ],
            [
              -67.12950134277344,
              44.833919525146484
            ],
            [
              -67.13052368164062,
              44.83489990234375
            ],
            [
              -67.13178253173828,
              44.835697174072266
            ],
            [
              -67.13329315185547,
              44.83626937866211
            ],
            [
              -67.13446807861328,
              44.83667755126953
            ],
            [
              -67.13572692871094,
              44.83692169189453
            ],
            [
              -67.13664245605469,
              44.836631774902344
            ],
            [
              -67.1370620727539,
              44.835514068603516
            ],
            [
              -67.13589477539062,
              44.83441162109375
            ],
            [
              -67.13510131835938,
              44.83326721191406
            ],
            [
              -67.13594818115234,
              44.832237243652344
            ],
            [
              -67.13715362548828,
              44.83146286010742
            ],
            [
              -67.13706970214844,
              44.829769134521484
            ],
            [
              -67.13531494140625,
              44.82881164550781
            ],
            [
              -67.1346435546875,
              44.827171325683594
            ],
            [
              -67.13481140136719,
              44.8251953125
            ],
            [
              -67.13567352294922,
              44.82341766357422
            ],
            [
              -67.13459014892578,
              44.822959899902344
            ],
            [
              -67.1326904296875,
              44.82343292236328
            ],
            [
              -67.13091278076172,
              44.824222564697266
            ],
            [
              -67.12922668457031,
              44.823143005371094
            ],
            [
              -67.12824249267578,
              44.821468353271484
            ],
            [
              -67.12881469726562,
              44.819984436035156
            ],
            [
              -67.1304931640625,
              44.81936264038086
            ],
            [
              -67.13219451904297,
              44.819725036621094
            ],
            [
              -67.1334457397461,
              44.820167541503906
            ],
            [
              -67.13488006591797,
              44.820003509521484
            ],
            [
              -67.1364974975586,
              44.81884765625
            ],
            [
              -67.1369400024414,
              44.817291259765625
            ],
            [
              -67.13726043701172,
              44.81540298461914
            ],
            [
              -67.13578796386719,
              44.81415557861328
            ],
            [
              -67.13577270507812,
              44.81219482421875
            ],
            [
              -67.13688659667969,
              44.81085205078125
            ],
            [
              -67.13848114013672,
              44.81085205078125
            ],
            [
              -67.13932800292969,
              44.811710357666016
            ],
            [
              -67.14035034179688,
              44.81187057495117
            ],
            [
              -67.14149475097656,
              44.81104278564453
            ],
            [
              -67.1430435180664,
              44.81078338623047
            ],
            [
              -67.14459228515625,
              44.811256408691406
            ],
            [
              -67.14582061767578,
              44.81192398071289
            ],
            [
              -67.14686584472656,
              44.81246566772461
            ],
            [
              -67.14645385742188,
              44.81391525268555
            ],
            [
              -67.14576721191406,
              44.8150749206543
            ],
            [
              -67.14584350585938,
              44.81678771972656
            ],
            [
              -67.14727020263672,
              44.81785583496094
            ],
            [
              -67.1492691040039,
              44.81793212890625
            ],
            [
              -67.1507797241211,
              44.81672286987305
            ],
            [
              -67.15129089355469,
              44.81499481201172
            ],
            [
              -67.15218353271484,
              44.813514709472656
            ],
            [
              -67.15384674072266,
              44.81240463256836
            ],
            [
              -67.15577697753906,
              44.812862396240234
            ],
            [
              -67.1572494506836,
              44.81336212158203
            ],
            [
              -67.15869140625,
              44.81348419189453
            ],
            [
              -67.15979766845703,
              44.812782287597656
            ],
            [
              -67.16036224365234,
              44.81163024902344
            ],
            [
              -67.16112518310547,
              44.810707092285156
            ],
            [
              -67.16182708740234,
              44.809818267822266
            ],
            [
              -67.16209411621094,
              44.808876037597656
            ],
            [
              -67.1619873046875,
              44.807891845703125
            ],
            [
              -67.16266632080078,
              44.80742645263672
            ],
            [
              -67.16346740722656,
              44.807098388671875
            ],
            [
              -67.16411590576172,
              44.80784606933594
            ],
            [
              -67.16429138183594,
              44.80878448486328
            ],
            [
              -67.16410064697266,
              44.809879302978516
            ],
            [
              -67.1636962890625,
              44.81098175048828
            ],
            [
              -67.16319274902344,
              44.81211471557617
            ],
            [
              -67.1624755859375,
              44.813228607177734
            ],
            [
              -67.16160583496094,
              44.81432342529297
            ],
            [
              -67.16069030761719,
              44.815486907958984
            ],
            [
              -67.15991973876953,
              44.81685256958008
            ],
            [
              -67.15992736816406,
              44.81852722167969
            ],
            [
              -67.1590576171875,
              44.819801330566406
            ],
            [
              -67.15777587890625,
              44.81843948364258
            ],
            [
              -67.15591430664062,
              44.8177604675293
            ],
            [
              -67.155517578125,
              44.819698333740234
            ],
            [
              -67.1555404663086,
              44.82167053222656
            ],
            [
              -67.15437316894531,
              44.823001861572266
            ],
            [
              -67.15264129638672,
              44.82373046875
            ],
            [
              -67.15228271484375,
              44.825462341308594
            ],
            [
              -67.15029907226562,
              44.82555389404297
            ],
            [
              -67.1503677368164,
              44.82692337036133
            ],
            [
              -67.15120697021484,
              44.828739166259766
            ],
            [
              -67.15048217773438,
              44.830230712890625
            ],
            [
              -67.14965057373047,
              44.831703186035156
            ],
            [
              -67.15020751953125,
              44.83358383178711
            ],
            [
              -67.15174102783203,
              44.83457946777344
            ],
            [
              -67.15348815917969,
              44.83443832397461
            ],
            [
              -67.15483093261719,
              44.83349609375
            ],
            [
              -67.15625,
              44.83418655395508
            ],
            [
              -67.15692901611328,
              44.83543014526367
            ],
            [
              -67.15752410888672,
              44.8366813659668
            ],
            [
              -67.15815734863281,
              44.83781814575195
            ],
            [
              -67.15886688232422,
              44.83881759643555
            ],
            [
              -67.15956115722656,
              44.83972930908203
            ],
            [
              -67.16024780273438,
              44.84056091308594
            ],
            [
              -67.16044616699219,
              44.8414192199707
            ],
            [
              -67.16012573242188,
              44.842315673828125
            ],
            [
              -67.1591796875,
              44.84218978881836
            ],
            [
              -67.15830993652344,
              44.84176254272461
            ],
            [
              -67.15758514404297,
              44.840885162353516
            ],
            [
              -67.15686798095703,
              44.83989334106445
            ],
            [
              -67.15606689453125,
              44.838829040527344
            ],
            [
              -67.15484619140625,
              44.83803176879883
            ],
            [
              -67.1533432006836,
              44.83749771118164
            ],
            [
              -67.15179443359375,
              44.83674240112305
            ],
            [
              -67.15013122558594,
              44.837039947509766
            ],
            [
              -67.14933776855469,
              44.838863372802734
            ],
            [
              -67.14906311035156,
              44.840389251708984
            ],
            [
              -67.1507339477539,
              44.841487884521484
            ],
            [
              -67.15216064453125,
              44.841880798339844
            ],
            [
              -67.15335083007812,
              44.84101486206055
            ],
            [
              -67.15460205078125,
              44.84123611450195
            ],
            [
              -67.155517578125,
              44.84225845336914
            ],
            [
              -67.15548706054688,
              44.84360885620117
            ],
            [
              -67.15393829345703,
              44.844482421875
            ],
            [
              -67.1534652709961,
              44.8458251953125
            ],
            [
              -67.1526107788086,
              44.847232818603516
            ],
            [
              -67.15129852294922,
              44.84634780883789
            ],
            [
              -67.15037536621094,
              44.8449821472168
            ],
            [
              -67.14946746826172,
              44.84541702270508
            ],
            [
              -67.14990997314453,
              44.846885681152344
            ],
            [
              -67.15049743652344,
              44.84841537475586
            ],
            [
              -67.15040588378906,
              44.85018539428711
            ],
            [
              -67.14911651611328,
              44.85166931152344
            ],
            [
              -67.14776611328125,
              44.85300827026367
            ],
            [
              -67.14774322509766,
              44.8549690246582
            ],
            [
              -67.14871215820312,
              44.85670471191406
            ],
            [
              -67.14930725097656,
              44.85845184326172
            ],
            [
              -67.15029907226562,
              44.85997009277344
            ],
            [
              -67.1503677368164,
              44.861961364746094
            ],
            [
              -67.15150451660156,
              44.863529205322266
            ],
            [
              -67.15338134765625,
              44.86422348022461
            ],
            [
              -67.15449523925781,
              44.86587142944336
            ],
            [
              -67.15510559082031,
              44.86776351928711
            ],
            [
              -67.15648651123047,
              44.869144439697266
            ],
            [
              -67.15827178955078,
              44.87003707885742
            ],
            [
              -67.15898895263672,
              44.87104797363281
            ],
            [
              -67.15747833251953,
              44.87235641479492
            ],
            [
              -67.15721893310547,
              44.87373733520508
            ],
            [
              -67.15766143798828,
              44.8747444152832
            ],
            [
              -67.15882110595703,
              44.87500762939453
            ],
            [
              -67.1607894897461,
              44.87469482421875
            ],
            [
              -67.16243743896484,
              44.87471389770508
            ],
            [
              -67.16337585449219,
              44.87569046020508
            ],
            [
              -67.16395568847656,
              44.87688064575195
            ],
            [
              -67.16497039794922,
              44.87805938720703
            ],
            [
              -67.16625213623047,
              44.879085540771484
            ],
            [
              -67.16768646240234,
              44.8788948059082
            ],
            [
              -67.16873168945312,
              44.87826156616211
            ],
            [
              -67.16995239257812,
              44.8786506652832
            ],
            [
              -67.171875,
              44.87915802001953
            ],
            [
              -67.1738510131836,
              44.87944412231445
            ],
            [
              -67.17584991455078,
              44.87936782836914
            ],
            [
              -67.1778335571289,
              44.87952423095703
            ],
            [
              -67.17929077148438,
              44.880592346191406
            ],
            [
              -67.18061828613281,
              44.881893157958984
            ],
            [
              -67.1819076538086,
              44.88164138793945
            ],
            [
              -67.18209075927734,
              44.88044738769531
            ],
            [
              -67.1830825805664,
              44.879642486572266
            ],
            [
              -67.18468475341797,
              44.87948989868164
            ],
            [
              -67.1862564086914,
              44.87952423095703
            ],
            [
              -67.18668365478516,
              44.880943298339844
            ],
            [
              -67.1855697631836,
              44.88211441040039
            ],
            [
              -67.18477630615234,
              44.88390350341797
            ],
            [
              -67.1831283569336,
              44.88503646850586
            ],
            [
              -67.18241882324219,
              44.886905670166016
            ],
            [
              -67.1832504272461,
              44.888702392578125
            ],
            [
              -67.18457794189453,
              44.88903045654297
            ],
            [
              -67.1856918334961,
              44.889137268066406
            ],
            [
              -67.18702697753906,
              44.88913345336914
            ],
            [
              -67.1889877319336,
              44.88872146606445
            ],
            [
              -67.19096374511719,
              44.888465881347656
            ],
            [
              -67.19168090820312,
              44.887306213378906
            ],
            [
              -67.19313049316406,
              44.886924743652344
            ],
            [
              -67.19510650634766,
              44.8872184753418
            ],
            [
              -67.19661712646484,
              44.88840103149414
            ],
            [
              -67.19813537597656,
              44.889713287353516
            ],
            [
              -67.19819641113281,
              44.891029357910156
            ],
            [
              -67.1965560913086,
              44.89194869995117
            ],
            [
              -67.19467163085938,
              44.89228820800781
            ],
            [
              -67.19390869140625,
              44.89369583129883
            ],
            [
              -67.19488525390625,
              44.895442962646484
            ],
            [
              -67.19623565673828,
              44.89691925048828
            ],
            [
              -67.19618225097656,
              44.89850616455078
            ],
            [
              -67.19493865966797,
              44.89970779418945
            ],
            [
              -67.19306182861328,
              44.89902114868164
            ],
            [
              -67.19116973876953,
              44.898372650146484
            ],
            [
              -67.18917846679688,
              44.89826583862305
            ],
            [
              -67.18721771240234,
              44.89793014526367
            ],
            [
              -67.18534088134766,
              44.89728927612305
            ],
            [
              -67.18385314941406,
              44.89595031738281
            ],
            [
              -67.18446350097656,
              44.894447326660156
            ],
            [
              -67.18601989746094,
              44.89366149902344
            ],
            [
              -67.18799591064453,
              44.89396286010742
            ],
            [
              -67.18998718261719,
              44.89415740966797
            ],
            [
              -67.19037628173828,
              44.89306640625
            ],
            [
              -67.18863677978516,
              44.89208221435547
            ],
            [
              -67.186767578125,
              44.8913688659668
            ],
            [
              -67.18561553955078,
              44.89109802246094
            ],
            [
              -67.18441009521484,
              44.89094543457031
            ],
            [
              -67.18289947509766,
              44.89103698730469
            ],
            [
              -67.18103790283203,
              44.891780853271484
            ],
            [
              -67.17913055419922,
              44.89238357543945
            ],
            [
              -67.17841339111328,
              44.894187927246094
            ],
            [
              -67.17828369140625,
              44.89618682861328
            ],
            [
              -67.1781997680664,
              44.898094177246094
            ],
            [
              -67.17928314208984,
              44.899776458740234
            ],
            [
              -67.18014526367188,
              44.901580810546875
            ],
            [
              -67.1820297241211,
              44.90205001831055
            ],
            [
              -67.18395233154297,
              44.90178680419922
            ],
            [
              -67.18533325195312,
              44.902320861816406
            ],
            [
              -67.18661499023438,
              44.903709411621094
            ],
            [
              -67.1883773803711,
              44.90465545654297
            ],
            [
              -67.1903076171875,
              44.90514373779297
            ],
            [
              -67.19190216064453,
              44.906341552734375
            ],
            [
              -67.19373321533203,
              44.90640640258789
            ],
            [
              -67.19558715820312,
              44.90634536743164
            ],
            [
              -67.19725799560547,
              44.90728759765625
            ],
            [
              -67.19925689697266,
              44.907142639160156
            ],
            [
              -67.20120239257812,
              44.90758514404297
            ],
            [
              -67.20310974121094,
              44.90732955932617
            ],
            [
              -67.20502471923828,
              44.90696334838867
            ],
            [
              -67.20700073242188,
              44.907264709472656
            ],
            [
              -67.20899200439453,
              44.90709686279297
            ],
            [
              -67.21087646484375,
              44.907657623291016
            ],
            [
              -67.21227264404297,
              44.907867431640625
            ],
            [
              -67.21322631835938,
              44.907142639160156
            ],
            [
              -67.21397399902344,
              44.90610122680664
            ],
            [
              -67.21477508544922,
              44.90517807006836
            ],
            [
              -67.2158432006836,
              44.90485382080078
            ],
            [
              -67.2169418334961,
              44.90473556518555
            ],
            [
              -67.21800231933594,
              44.90475082397461
            ],
            [
              -67.21900939941406,
              44.904823303222656
            ],
            [
              -67.21996307373047,
              44.904945373535156
            ],
            [
              -67.22087097167969,
              44.905086517333984
            ],
            [
              -67.22166442871094,
              44.90542984008789
            ],
            [
              -67.22242736816406,
              44.905765533447266
            ],
            [
              -67.22321319580078,
              44.90586853027344
            ],
            [
              -67.22396087646484,
              44.90580749511719
            ],
            [
              -67.22467803955078,
              44.90574645996094
            ],
            [
              -67.22515869140625,
              44.90622329711914
            ],
            [
              -67.22566223144531,
              44.9067268371582
            ],
            [
              -67.22572326660156,
              44.90707778930664
            ],
            [
              -67.2249526977539,
              44.90714645385742
            ],
            [
              -67.2241439819336,
              44.9072265625
            ],
            [
              -67.22329711914062,
              44.907344818115234
            ],
            [
              -67.22241973876953,
              44.907466888427734
            ],
            [
              -67.22148895263672,
              44.90739822387695
            ],
            [
              -67.22051239013672,
              44.90729522705078
            ],
            [
              -67.21958923339844,
              44.9068489074707
            ],
            [
              -67.21863555908203,
              44.90635681152344
            ],
            [
              -67.21752166748047,
              44.906166076660156
            ],
            [
              -67.21636199951172,
              44.906131744384766
            ],
            [
              -67.21517181396484,
              44.906463623046875
            ],
            [
              -67.21458435058594,
              44.907508850097656
            ],
            [
              -67.2148208618164,
              44.908485412597656
            ],
            [
              -67.21614837646484,
              44.90898895263672
            ],
            [
              -67.21719360351562,
              44.91061019897461
            ],
            [
              -67.21713256835938,
              44.91251754760742
            ],
            [
              -67.21553039550781,
              44.91312026977539
            ],
            [
              -67.21353912353516,
              44.91298294067383
            ],
            [
              -67.21163177490234,
              44.91239547729492
            ],
            [
              -67.20972442626953,
              44.911781311035156
            ],
            [
              -67.20780944824219,
              44.911216735839844
            ],
            [
              -67.20603942871094,
              44.91099166870117
            ],
            [
              -67.20682525634766,
              44.91281509399414
            ],
            [
              -67.20809936523438,
              44.91435623168945
            ],
            [
              -67.20821380615234,
              44.91596984863281
            ],
            [
              -67.20865631103516,
              44.91696548461914
            ],
            [
              -67.20867919921875,
              44.91804504394531
            ],
            [
              -67.2078857421875,
              44.91840362548828
            ],
            [
              -67.2069320678711,
              44.91789245605469
            ],
            [
              -67.2060317993164,
              44.917049407958984
            ],
            [
              -67.20468139648438,
              44.916282653808594
            ],
            [
              -67.20272827148438,
              44.915855407714844
            ],
            [
              -67.2012710571289,
              44.91478729248047
            ],
            [
              -67.19963073730469,
              44.91404342651367
            ],
            [
              -67.19766235351562,
              44.91370391845703
            ],
            [
              -67.19572448730469,
              44.91328048706055
            ],
            [
              -67.19380187988281,
              44.91365432739258
            ],
            [
              -67.19210052490234,
              44.91259002685547
            ],
            [
              -67.19029998779297,
              44.91172409057617
            ],
            [
              -67.18917083740234,
              44.91011428833008
            ],
            [
              -67.18745422363281,
              44.90919494628906
            ],
            [
              -67.18557739257812,
              44.90850830078125
            ],
            [
              -67.18366241455078,
              44.9084587097168
            ],
            [
              -67.18197631835938,
              44.90931701660156
            ],
            [
              -67.18146514892578,
              44.91049575805664
            ],
            [
              -67.18135833740234,
              44.91170120239258
            ],
            [
              -67.18159484863281,
              44.91276550292969
            ],
            [
              -67.18347930908203,
              44.91344451904297
            ],
            [
              -67.18536376953125,
              44.91410446166992
            ],
            [
              -67.1868896484375,
              44.914058685302734
            ],
            [
              -67.18791198730469,
              44.914398193359375
            ],
            [
              -67.18836975097656,
              44.91546630859375
            ],
            [
              -67.18742370605469,
              44.91627883911133
            ],
            [
              -67.18611907958984,
              44.91661834716797
            ],
            [
              -67.18486785888672,
              44.917518615722656
            ],
            [
              -67.18331909179688,
              44.917015075683594
            ],
            [
              -67.18171691894531,
              44.915828704833984
            ],
            [
              -67.1800308227539,
              44.91474914550781
            ],
            [
              -67.17906951904297,
              44.91364288330078
            ],
            [
              -67.17900848388672,
              44.91233825683594
            ],
            [
              -67.17927551269531,
              44.91083908081055
            ],
            [
              -67.17882537841797,
              44.90966033935547
            ],
            [
              -67.17719268798828,
              44.90932083129883
            ],
            [
              -67.1751937866211,
              44.90913391113281
            ],
            [
              -67.17464447021484,
              44.91059494018555
            ],
            [
              -67.17387390136719,
              44.91111373901367
            ],
            [
              -67.1723861694336,
              44.90977478027344
            ],
            [
              -67.17073059082031,
              44.908748626708984
            ],
            [
              -67.16885375976562,
              44.90806198120117
            ],
            [
              -67.16714477539062,
              44.907169342041016
            ],
            [
              -67.16688537597656,
              44.9052848815918
            ],
            [
              -67.16545104980469,
              44.90443420410156
            ],
            [
              -67.16448211669922,
              44.905670166015625
            ],
            [
              -67.1629867553711,
              44.906471252441406
            ],
            [
              -67.16109466552734,
              44.906280517578125
            ],
            [
              -67.16016387939453,
              44.904510498046875
            ],
            [
              -67.15827178955078,
              44.9040641784668
            ],
            [
              -67.15731811523438,
              44.904815673828125
            ],
            [
              -67.15666198730469,
              44.90609359741211
            ],
            [
              -67.15503692626953,
              44.905677795410156
            ],
            [
              -67.15406799316406,
              44.904239654541016
            ],
            [
              -67.1530990600586,
              44.902503967285156
            ],
            [
              -67.15180969238281,
              44.9010009765625
            ],
            [
              -67.15007781982422,
              44.90000915527344
            ],
            [
              -67.14896392822266,
              44.89836120605469
            ],
            [
              -67.14836120605469,
              44.89647674560547
            ],
            [
              -67.14783477783203,
              44.8945426940918
            ],
            [
              -67.14720916748047,
              44.892642974853516
            ],
            [
              -67.14909362792969,
              44.89274597167969
            ],
            [
              -67.15106201171875,
              44.892452239990234
            ],
            [
              -67.15293884277344,
              44.89297103881836
            ],
            [
              -67.15446472167969,
              44.8941650390625
            ],
            [
              -67.15544128417969,
              44.89588928222656
            ],
            [
              -67.15669250488281,
              44.897308349609375
            ],
            [
              -67.15843963623047,
              44.89826202392578
            ],
            [
              -67.16026306152344,
              44.89909362792969
            ],
            [
              -67.16219329833984,
              44.899620056152344
            ],
            [
              -67.16410064697266,
              44.90022659301758
            ],
            [
              -67.16590118408203,
              44.90107345581055
            ],
            [
              -67.16641998291016,
              44.899810791015625
            ],
            [
              -67.1651382446289,
              44.89829635620117
            ],
            [
              -67.16353607177734,
              44.89712142944336
            ],
            [
              -67.1619644165039,
              44.89597702026367
            ],
            [
              -67.16065979003906,
              44.894752502441406
            ],
            [
              -67.15866088867188,
              44.894657135009766
            ],
            [
              -67.15666961669922,
              44.89441680908203
            ],
            [
              -67.15492248535156,
              44.89370346069336
            ],
            [
              -67.15332794189453,
              44.89257049560547
            ],
            [
              -67.15145111083984,
              44.891876220703125
            ],
            [
              -67.1495361328125,
              44.89131164550781
            ],
            [
              -67.14755249023438,
              44.891056060791016
            ],
            [
              -67.14556884765625,
              44.89080810546875
            ],
            [
              -67.14385986328125,
              44.89003372192383
            ],
            [
              -67.1423568725586,
              44.88874816894531
            ],
            [
              -67.14048767089844,
              44.888465881347656
            ],
            [
              -67.13861846923828,
              44.88848114013672
            ],
            [
              -67.13780975341797,
              44.88679885864258
            ],
            [
              -67.1373291015625,
              44.8848762512207
            ],
            [
              -67.13581848144531,
              44.88361740112305
            ],
            [
              -67.13424682617188,
              44.88238525390625
            ],
            [
              -67.13246154785156,
              44.88156509399414
            ],
            [
              -67.13062286376953,
              44.8822021484375
            ],
            [
              -67.12931060791016,
              44.88309860229492
            ],
            [
              -67.1290054321289,
              44.884037017822266
            ],
            [
              -67.12794494628906,
              44.88441467285156
            ],
            [
              -67.12738800048828,
              44.88552474975586
            ],
            [
              -67.12643432617188,
              44.88627243041992
            ],
            [
              -67.1268310546875,
              44.88786315917969
            ],
            [
              -67.12590026855469,
              44.88957595825195
            ],
            [
              -67.1261215209961,
              44.891380310058594
            ],
            [
              -67.12699127197266,
              44.893184661865234
            ],
            [
              -67.12821960449219,
              44.8946647644043
            ],
            [
              -67.12975311279297,
              44.89545440673828
            ],
            [
              -67.13129425048828,
              44.89558029174805
            ],
            [
              -67.13220977783203,
              44.896270751953125
            ],
            [
              -67.1324462890625,
              44.89751434326172
            ],
            [
              -67.1324691772461,
              44.89866638183594
            ],
            [
              -67.13301849365234,
              44.89948654174805
            ],
            [
              -67.1336898803711,
              44.900146484375
            ],
            [
              -67.13359832763672,
              44.90092086791992
            ],
            [
              -67.13335418701172,
              44.901634216308594
            ],
            [
              -67.13259887695312,
              44.90149688720703
            ],
            [
              -67.13176727294922,
              44.901302337646484
            ],
            [
              -67.13103485107422,
              44.90071487426758
            ],
            [
              -67.13021850585938,
              44.900054931640625
            ],
            [
              -67.12942504882812,
              44.89921188354492
            ],
            [
              -67.12855529785156,
              44.89826965332031
            ],
            [
              -67.12761688232422,
              44.89720153808594
            ],
            [
              -67.12646484375,
              44.896141052246094
            ],
            [
              -67.12493896484375,
              44.895347595214844
            ],
            [
              -67.1249771118164,
              44.896942138671875
            ],
            [
              -67.12613677978516,
              44.898475646972656
            ],
            [
              -67.12544250488281,
              44.90033721923828
            ],
            [
              -67.12411499023438,
              44.901485443115234
            ],
            [
              -67.1222152709961,
              44.90085983276367
            ],
            [
              -67.1202621459961,
              44.900970458984375
            ],
            [
              -67.1183853149414,
              44.900848388671875
            ],
            [
              -67.11693572998047,
              44.89958190917969
            ],
            [
              -67.11652374267578,
              44.89763259887695
            ],
            [
              -67.11630249023438,
              44.89566421508789
            ],
            [
              -67.11558532714844,
              44.894412994384766
            ],
            [
              -67.1136474609375,
              44.89394760131836
            ],
            [
              -67.11207580566406,
              44.89365005493164
            ],
            [
              -67.11260986328125,
              44.89556884765625
            ],
            [
              -67.11260986328125,
              44.89756774902344
            ],
            [
              -67.11170959472656,
              44.89933395385742
            ],
            [
              -67.11000061035156,
              44.90031433105469
            ],
            [
              -67.11113739013672,
              44.901954650878906
            ],
            [
              -67.11267852783203,
              44.903167724609375
            ],
            [
              -67.11434173583984,
              44.904273986816406
            ],
            [
              -67.11591339111328,
              44.9055061340332
            ],
            [
              -67.11750793457031,
              44.90672302246094
            ],
            [
              -67.11912536621094,
              44.907894134521484
            ],
            [
              -67.12078857421875,
              44.909019470214844
            ],
            [
              -67.12189483642578,
              44.910648345947266
            ],
            [
              -67.1233901977539,
              44.91196823120117
            ],
            [
              -67.12391662597656,
              44.913902282714844
            ],
            [
              -67.1231918334961,
              44.91569137573242
            ],
            [
              -67.1243667602539,
              44.91680145263672
            ],
            [
              -67.126220703125,
              44.91754150390625
            ],
            [
              -67.12789916992188,
              44.918540954589844
            ],
            [
              -67.12956237792969,
              44.919307708740234
            ],
            [
              -67.13153839111328,
              44.9191780090332
            ],
            [
              -67.13345336914062,
              44.91975784301758
            ],
            [
              -67.13541412353516,
              44.92008590698242
            ],
            [
              -67.1373519897461,
              44.91986846923828
            ],
            [
              -67.13921356201172,
              44.91913986206055
            ],
            [
              -67.14104461669922,
              44.91868591308594
            ],
            [
              -67.14290618896484,
              44.91941833496094
            ],
            [
              -67.14456176757812,
              44.9205436706543
            ],
            [
              -67.14627075195312,
              44.92157745361328
            ],
            [
              -67.1480712890625,
              44.92243576049805
            ],
            [
              -67.14997863769531,
              44.92304229736328
            ],
            [
              -67.15188598632812,
              44.923648834228516
            ],
            [
              -67.1534423828125,
              44.92464828491211
            ],
            [
              -67.1534652709961,
              44.92662048339844
            ],
            [
              -67.15425109863281,
              44.92790222167969
            ],
            [
              -67.15613555908203,
              44.9284553527832
            ],
            [
              -67.15803527832031,
              44.928810119628906
            ],
            [
              -67.15959167480469,
              44.930057525634766
            ],
            [
              -67.16130828857422,
              44.93108367919922
            ],
            [
              -67.16289520263672,
              44.93229675292969
            ],
            [
              -67.16403198242188,
              44.933929443359375
            ],
            [
              -67.16490173339844,
              44.935726165771484
            ],
            [
              -67.16620635986328,
              44.93722152709961
            ],
            [
              -67.16779327392578,
              44.93843460083008
            ],
            [
              -67.16812133789062,
              44.93993377685547
            ],
            [
              -67.16891479492188,
              44.94107437133789
            ],
            [
              -67.16987609863281,
              44.941871643066406
            ],
            [
              -67.17082977294922,
              44.94248962402344
            ],
            [
              -67.17171478271484,
              44.943016052246094
            ],
            [
              -67.17252349853516,
              44.9434814453125
            ],
            [
              -67.1732406616211,
              44.94392395019531
            ],
            [
              -67.17387390136719,
              44.9443473815918
            ],
            [
              -67.1744155883789,
              44.94474411010742
            ],
            [
              -67.17474365234375,
              44.94520950317383
            ],
            [
              -67.1749038696289,
              44.94565963745117
            ],
            [
              -67.17440032958984,
              44.945796966552734
            ],
            [
              -67.17388153076172,
              44.945682525634766
            ],
            [
              -67.17317199707031,
              44.94540023803711
            ],
            [
              -67.17241668701172,
              44.94498062133789
            ],
            [
              -67.17152404785156,
              44.94453430175781
            ],
            [
              -67.17047119140625,
              44.94407653808594
            ],
            [
              -67.16925048828125,
              44.943572998046875
            ],
            [
              -67.1678237915039,
              44.94306182861328
            ],
            [
              -67.16610717773438,
              44.94352340698242
            ],
            [
              -67.16463470458984,
              44.944732666015625
            ],
            [
              -67.16314697265625,
              44.944087982177734
            ],
            [
              -67.16246795654297,
              44.942222595214844
            ],
            [
              -67.16136932373047,
              44.9405632019043
            ],
            [
              -67.16002655029297,
              44.939083099365234
            ],
            [
              -67.15847778320312,
              44.937835693359375
            ],
            [
              -67.15728759765625,
              44.936466217041016
            ],
            [
              -67.15685272216797,
              44.93462371826172
            ],
            [
              -67.1553726196289,
              44.93362808227539
            ],
            [
              -67.15339660644531,
              44.9339714050293
            ],
            [
              -67.15180969238281,
              44.93292236328125
            ],
            [
              -67.15010070800781,
              44.93266677856445
            ],
            [
              -67.14894104003906,
              44.93339538574219
            ],
            [
              -67.15069580078125,
              44.93436050415039
            ],
            [
              -67.152099609375,
              44.93566131591797
            ],
            [
              -67.15328979492188,
              44.936553955078125
            ],
            [
              -67.15416717529297,
              44.937217712402344
            ],
            [
              -67.1549072265625,
              44.93785858154297
            ],
            [
              -67.15474700927734,
              44.93868637084961
            ],
            [
              -67.15373992919922,
              44.93887710571289
            ],
            [
              -67.15259552001953,
              44.93873977661133
            ],
            [
              -67.15125274658203,
              44.93877029418945
            ],
            [
              -67.15083312988281,
              44.940223693847656
            ],
            [
              -67.14883422851562,
              44.9403076171875
            ],
            [
              -67.14714813232422,
              44.93923568725586
            ],
            [
              -67.14585876464844,
              44.937740325927734
            ],
            [
              -67.14407348632812,
              44.93690872192383
            ],
            [
              -67.14229583740234,
              44.93598937988281
            ],
            [
              -67.14068603515625,
              44.93482971191406
            ],
            [
              -67.1392822265625,
              44.93340301513672
            ],
            [
              -67.1388168334961,
              44.93222427368164
            ],
            [
              -67.14071655273438,
              44.93182373046875
            ],
            [
              -67.14151000976562,
              44.930198669433594
            ],
            [
              -67.14016723632812,
              44.92871856689453
            ],
            [
              -67.1385498046875,
              44.92753982543945
            ],
            [
              -67.13717651367188,
              44.92610168457031
            ],
            [
              -67.13518524169922,
              44.92585372924805
            ],
            [
              -67.13319396972656,
              44.92573165893555
            ],
            [
              -67.13141632080078,
              44.92506408691406
            ],
            [
              -67.12972259521484,
              44.924224853515625
            ],
            [
              -67.12773132324219,
              44.924354553222656
            ],
            [
              -67.1258316040039,
              44.92374801635742
            ],
            [
              -67.12387084960938,
              44.92335510253906
            ],
            [
              -67.12188720703125,
              44.92306900024414
            ],
            [
              -67.11991882324219,
              44.922733306884766
            ],
            [
              -67.11797332763672,
              44.92226791381836
            ],
            [
              -67.1160659790039,
              44.921661376953125
            ],
            [
              -67.11408996582031,
              44.92171859741211
            ],
            [
              -67.11212921142578,
              44.922088623046875
            ],
            [
              -67.11018371582031,
              44.92256164550781
            ],
            [
              -67.11091613769531,
              44.92380905151367
            ],
            [
              -67.11201477050781,
              44.925411224365234
            ],
            [
              -67.11174011230469,
              44.92726135253906
            ],
            [
              -67.11161041259766,
              44.92902374267578
            ],
            [
              -67.11212921142578,
              44.930938720703125
            ],
            [
              -67.113037109375,
              44.932594299316406
            ],
            [
              -67.11473846435547,
              44.93356704711914
            ],
            [
              -67.11664581298828,
              44.93396759033203
            ],
            [
              -67.11861419677734,
              44.93358612060547
            ],
            [
              -67.12025451660156,
              44.93467330932617
            ],
            [
              -67.1219482421875,
              44.93572998046875
            ],
            [
              -67.1238021850586,
              44.936153411865234
            ],
            [
              -67.12570190429688,
              44.936248779296875
            ],
            [
              -67.12736511230469,
              44.9373664855957
            ],
            [
              -67.12869262695312,
              44.938270568847656
            ],
            [
              -67.12950134277344,
              44.93938064575195
            ],
            [
              -67.1305160522461,
              44.94028091430664
            ],
            [
              -67.13195037841797,
              44.9408073425293
            ],
            [
              -67.13312530517578,
              44.941707611083984
            ],
            [
              -67.13411712646484,
              44.94105911254883
            ],
            [
              -67.13550567626953,
              44.940128326416016
            ],
            [
              -67.13742065429688,
              44.940067291259766
            ],
            [
              -67.13890075683594,
              44.9389762878418
            ],
            [
              -67.14041900634766,
              44.938785552978516
            ],
            [
              -67.14124298095703,
              44.9400749206543
            ],
            [
              -67.1412124633789,
              44.94205856323242
            ],
            [
              -67.14230346679688,
              44.94367599487305
            ],
            [
              -67.14347076416016,
              44.94522476196289
            ],
            [
              -67.1448974609375,
              44.945247650146484
            ],
            [
              -67.14549255371094,
              44.94615936279297
            ],
            [
              -67.14453125,
              44.947906494140625
            ],
            [
              -67.1429214477539,
              44.94900894165039
            ],
            [
              -67.14148712158203,
              44.94919967651367
            ],
            [
              -67.14091491699219,
              44.94730758666992
            ],
            [
              -67.13998413085938,
              44.94560241699219
            ],
            [
              -67.13945770263672,
              44.94387435913086
            ],
            [
              -67.13765716552734,
              44.94300842285156
            ],
            [
              -67.13585662841797,
              44.94330978393555
            ],
            [
              -67.13569641113281,
              44.944236755371094
            ],
            [
              -67.13721466064453,
              44.945465087890625
            ],
            [
              -67.13827514648438,
              44.947086334228516
            ],
            [
              -67.1378173828125,
              44.94882583618164
            ],
            [
              -67.13591003417969,
              44.94853210449219
            ],
            [
              -67.13424682617188,
              44.949378967285156
            ],
            [
              -67.13427734375,
              44.95119857788086
            ],
            [
              -67.1355972290039,
              44.95256805419922
            ],
            [
              -67.13666534423828,
              44.95397186279297
            ],
            [
              -67.13626098632812,
              44.95528030395508
            ],
            [
              -67.13459014892578,
              44.955379486083984
            ],
            [
              -67.13280487060547,
              44.954864501953125
            ],
            [
              -67.13153076171875,
              44.95425796508789
            ],
            [
              -67.13139343261719,
              44.95228576660156
            ],
            [
              -67.13067626953125,
              44.9504280090332
            ],
            [
              -67.12934875488281,
              44.949100494384766
            ],
            [
              -67.1278305053711,
              44.949310302734375
            ],
            [
              -67.12651824951172,
              44.9495849609375
            ],
            [
              -67.12571716308594,
              44.949005126953125
            ],
            [
              -67.12525939941406,
              44.94755554199219
            ],
            [
              -67.12532043457031,
              44.94609832763672
            ],
            [
              -67.1264419555664,
              44.9454345703125
            ],
            [
              -67.12841796875,
              44.945125579833984
            ],
            [
              -67.12975311279297,
              44.944488525390625
            ],
            [
              -67.12923431396484,
              44.943355560302734
            ],
            [
              -67.12847137451172,
              44.942604064941406
            ],
            [
              -67.1270980834961,
              44.94224166870117
            ],
            [
              -67.12625122070312,
              44.94134521484375
            ],
            [
              -67.12520599365234,
              44.94049835205078
            ],
            [
              -67.1238784790039,
              44.94116973876953
            ],
            [
              -67.12262725830078,
              44.941932678222656
            ],
            [
              -67.1209945678711,
              44.941165924072266
            ],
            [
              -67.11907196044922,
              44.94136047363281
            ],
            [
              -67.11849212646484,
              44.94327926635742
            ],
            [
              -67.117431640625,
              44.94486999511719
            ],
            [
              -67.11587524414062,
              44.94612503051758
            ],
            [
              -67.11429595947266,
              44.946964263916016
            ],
            [
              -67.1126937866211,
              44.94582748413086
            ],
            [
              -67.11244201660156,
              44.943843841552734
            ],
            [
              -67.11386108398438,
              44.942806243896484
            ],
            [
              -67.11563110351562,
              44.94194412231445
            ],
            [
              -67.11609649658203,
              44.94014358520508
            ],
            [
              -67.11410522460938,
              44.939918518066406
            ],
            [
              -67.11221313476562,
              44.940338134765625
            ],
            [
              -67.11034393310547,
              44.941062927246094
            ],
            [
              -67.10858154296875,
              44.94193649291992
            ],
            [
              -67.10712432861328,
              44.94329833984375
            ],
            [
              -67.1060791015625,
              44.94499969482422
            ],
            [
              -67.10517883300781,
              44.94678497314453
            ],
            [
              -67.1055908203125,
              44.948429107666016
            ],
            [
              -67.10674285888672,
              44.948944091796875
            ],
            [
              -67.10692596435547,
              44.94990158081055
            ],
            [
              -67.10604095458984,
              44.950462341308594
            ],
            [
              -67.1047592163086,
              44.95068359375
            ],
            [
              -67.10306549072266,
              44.951026916503906
            ],
            [
              -67.1023941040039,
              44.95270538330078
            ],
            [
              -67.10083770751953,
              44.95296096801758
            ],
            [
              -67.099365234375,
              44.951820373535156
            ],
            [
              -67.099365234375,
              44.950233459472656
            ],
            [
              -67.0995864868164,
              44.948787689208984
            ],
            [
              -67.09920501708984,
              44.9472541809082
            ],
            [
              -67.09866333007812,
              44.94590377807617
            ],
            [
              -67.09801483154297,
              44.94465637207031
            ],
            [
              -67.09856414794922,
              44.94282913208008
            ],
            [
              -67.0989990234375,
              44.94108200073242
            ],
            [
              -67.10051727294922,
              44.93978500366211
            ],
            [
              -67.10105895996094,
              44.938236236572266
            ],
            [
              -67.09976196289062,
              44.93682098388672
            ],
            [
              -67.0978775024414,
              44.936248779296875
            ],
            [
              -67.09613800048828,
              44.9355354309082
            ],
            [
              -67.0948486328125,
              44.934017181396484
            ],
            [
              -67.09381866455078,
              44.93268585205078
            ],
            [
              -67.09263610839844,
              44.9317512512207
            ],
            [
              -67.09149169921875,
              44.930992126464844
            ],
            [
              -67.0904769897461,
              44.93025588989258
            ],
            [
              -67.08983612060547,
              44.929351806640625
            ],
            [
              -67.08943939208984,
              44.928436279296875
            ],
            [
              -67.0896224975586,
              44.927520751953125
            ],
            [
              -67.08979034423828,
              44.92669677734375
            ],
            [
              -67.09069061279297,
              44.92654037475586
            ],
            [
              -67.09164428710938,
              44.92649459838867
            ],
            [
              -67.0921630859375,
              44.927520751953125
            ],
            [
              -67.0929183959961,
              44.928531646728516
            ],
            [
              -67.09404754638672,
              44.9294319152832
            ],
            [
              -67.09559631347656,
              44.9299430847168
            ],
            [
              -67.0959243774414,
              44.928489685058594
            ],
            [
              -67.09518432617188,
              44.92664337158203
            ],
            [
              -67.09635162353516,
              44.92518615722656
            ],
            [
              -67.09649658203125,
              44.92324447631836
            ],
            [
              -67.09456634521484,
              44.92274475097656
            ],
            [
              -67.09272003173828,
              44.92212677001953
            ],
            [
              -67.09098052978516,
              44.92138671875
            ],
            [
              -67.08982849121094,
              44.91992950439453
            ],
            [
              -67.0884017944336,
              44.91887664794922
            ],
            [
              -67.08676147460938,
              44.9182014465332
            ],
            [
              -67.0850601196289,
              44.917850494384766
            ],
            [
              -67.08348846435547,
              44.918174743652344
            ],
            [
              -67.0821304321289,
              44.91842269897461
            ],
            [
              -67.0811767578125,
              44.91709899902344
            ],
            [
              -67.07965087890625,
              44.9168586730957
            ],
            [
              -67.07810974121094,
              44.91673278808594
            ],
            [
              -67.07659912109375,
              44.91667938232422
            ],
            [
              -67.07515716552734,
              44.916351318359375
            ],
            [
              -67.07377624511719,
              44.91591262817383
            ],
            [
              -67.0725326538086,
              44.91556930541992
            ],
            [
              -67.0730972290039,
              44.916603088378906
            ],
            [
              -67.07406616210938,
              44.917537689208984
            ],
            [
              -67.07490539550781,
              44.91856002807617
            ],
            [
              -67.07554626464844,
              44.91967010498047
            ],
            [
              -67.07622528076172,
              44.92072677612305
            ],
            [
              -67.07696533203125,
              44.92171096801758
            ],
            [
              -67.07782745361328,
              44.922542572021484
            ],
            [
              -67.078125,
              44.92360305786133
            ],
            [
              -67.07737731933594,
              44.92414855957031
            ],
            [
              -67.07628631591797,
              44.92425537109375
            ],
            [
              -67.07521057128906,
              44.92405700683594
            ],
            [
              -67.07416534423828,
              44.92381286621094
            ],
            [
              -67.07388305664062,
              44.924339294433594
            ],
            [
              -67.07429504394531,
              44.92526626586914
            ],
            [
              -67.07442474365234,
              44.92607879638672
            ],
            [
              -67.07372283935547,
              44.92675018310547
            ],
            [
              -67.07293701171875,
              44.92729568481445
            ],
            [
              -67.07225036621094,
              44.927921295166016
            ],
            [
              -67.07194519042969,
              44.92871856689453
            ],
            [
              -67.07199096679688,
              44.929603576660156
            ],
            [
              -67.07215881347656,
              44.930450439453125
            ],
            [
              -67.07190704345703,
              44.93125534057617
            ],
            [
              -67.0715103149414,
              44.93198776245117
            ],
            [
              -67.07105255126953,
              44.932655334472656
            ],
            [
              -67.07054901123047,
              44.93326950073242
            ],
            [
              -67.07003021240234,
              44.93385314941406
            ],
            [
              -67.06930541992188,
              44.93375015258789
            ],
            [
              -67.06883239746094,
              44.93318557739258
            ],
            [
              -67.06858825683594,
              44.93251419067383
            ],
            [
              -67.06855773925781,
              44.93181228637695
            ],
            [
              -67.06864929199219,
              44.931129455566406
            ],
            [
              -67.06871795654297,
              44.93046569824219
            ],
            [
              -67.0685806274414,
              44.929832458496094
            ],
            [
              -67.06813049316406,
              44.92937469482422
            ],
            [
              -67.06766510009766,
              44.92893600463867
            ],
            [
              -67.06719970703125,
              44.928531646728516
            ],
            [
              -67.0666732788086,
              44.92826843261719
            ],
            [
              -67.06611633300781,
              44.92826843261719
            ],
            [
              -67.06558227539062,
              44.92848587036133
            ],
            [
              -67.0650634765625,
              44.92870330810547
            ],
            [
              -67.0645523071289,
              44.92890930175781
            ],
            [
              -67.06404113769531,
              44.929073333740234
            ],
            [
              -67.06352233886719,
              44.929134368896484
            ],
            [
              -67.0630111694336,
              44.929161071777344
            ],
            [
              -67.06250762939453,
              44.92915344238281
            ],
            [
              -67.06201934814453,
              44.92916488647461
            ],
            [
              -67.06153869628906,
              44.92916488647461
            ],
            [
              -67.06107330322266,
              44.92918395996094
            ],
            [
              -67.06062316894531,
              44.929264068603516
            ],
            [
              -67.06019592285156,
              44.92940139770508
            ],
            [
              -67.05977630615234,
              44.92951965332031
            ],
            [
              -67.05936431884766,
              44.929649353027344
            ],
            [
              -67.05896759033203,
              44.92976760864258
            ],
            [
              -67.05857849121094,
              44.92988967895508
            ],
            [
              -67.05819702148438,
              44.93000030517578
            ],
            [
              -67.05780792236328,
              44.9299201965332
            ],
            [
              -67.05741882324219,
              44.929840087890625
            ],
            [
              -67.05702209472656,
              44.929752349853516
            ],
            [
              -67.05663299560547,
              44.929664611816406
            ],
            [
              -67.05624389648438,
              44.929588317871094
            ],
            [
              -67.05585479736328,
              44.92951583862305
            ],
            [
              -67.05545806884766,
              44.92949295043945
            ],
            [
              -67.05506134033203,
              44.92949676513672
            ],
            [
              -67.05465698242188,
              44.92948913574219
            ],
            [
              -67.05426025390625,
              44.929481506347656
            ],
            [
              -67.05386352539062,
              44.92949295043945
            ],
            [
              -67.053466796875,
              44.92948532104492
            ],
            [
              -67.05326843261719,
              44.92967987060547
            ],
            [
              -67.05329132080078,
              44.930076599121094
            ],
            [
              -67.05335998535156,
              44.93047332763672
            ],
            [
              -67.05342864990234,
              44.93086242675781
            ],
            [
              -67.05353546142578,
              44.93123245239258
            ],
            [
              -67.0538101196289,
              44.9315071105957
            ],
            [
              -67.05413055419922,
              44.931739807128906
            ],
            [
              -67.05445098876953,
              44.931968688964844
            ],
            [
              -67.05477142333984,
              44.93220138549805
            ],
            [
              -67.05509185791016,
              44.932430267333984
            ],
            [
              -67.05500793457031,
              44.93275451660156
            ],
            [
              -67.05471801757812,
              44.93299865722656
            ],
            [
              -67.05439758300781,
              44.9332389831543
            ],
            [
              -67.05408477783203,
              44.933467864990234
            ],
            [
              -67.05376434326172,
              44.9337043762207
            ],
            [
              -67.05345153808594,
              44.93393325805664
            ],
            [
              -67.05313873291016,
              44.93416976928711
            ],
            [
              -67.05284118652344,
              44.934425354003906
            ],
            [
              -67.05255126953125,
              44.9346923828125
            ],
            [
              -67.0522689819336,
              44.93495559692383
            ],
            [
              -67.0519790649414,
              44.93523025512695
            ],
            [
              -67.05169677734375,
              44.93549728393555
            ],
            [
              -67.05139923095703,
              44.935752868652344
            ],
            [
              -67.05109405517578,
              44.935997009277344
            ],
            [
              -67.05077362060547,
              44.93622589111328
            ],
            [
              -67.05045318603516,
              44.93644714355469
            ],
            [
              -67.05013275146484,
              44.936668395996094
            ],
            [
              -67.04981994628906,
              44.936893463134766
            ],
            [
              -67.04951477050781,
              44.93714141845703
            ],
            [
              -67.04931640625,
              44.93744659423828
            ],
            [
              -67.04937744140625,
              44.937843322753906
            ],
            [
              -67.0494384765625,
              44.9382209777832
            ],
            [
              -67.04949951171875,
              44.9385986328125
            ],
            [
              -67.049560546875,
              44.938987731933594
            ],
            [
              -67.04962921142578,
              44.93937683105469
            ],
            [
              -67.04971313476562,
              44.939754486083984
            ],
            [
              -67.04978942871094,
              44.94013595581055
            ],
            [
              -67.04987335205078,
              44.940513610839844
            ],
            [
              -67.04995727539062,
              44.940887451171875
            ],
            [
              -67.05005645751953,
              44.94125747680664
            ],
            [
              -67.05017852783203,
              44.941627502441406
            ],
            [
              -67.05030822753906,
              44.94199752807617
            ],
            [
              -67.05043029785156,
              44.942359924316406
            ],
            [
              -67.0505142211914,
              44.94274139404297
            ],
            [
              -67.05052947998047,
              44.943119049072266
            ],
            [
              -67.0504379272461,
              44.943485260009766
            ],
            [
              -67.05033874511719,
              44.94386291503906
            ],
            [
              -67.05023956298828,
              44.94422912597656
            ],
            [
              -67.05008697509766,
              44.94458770751953
            ],
            [
              -67.04981994628906,
              44.944828033447266
            ],
            [
              -67.04945373535156,
              44.9449462890625
            ],
            [
              -67.0490951538086,
              44.945064544677734
            ],
            [
              -67.0487289428711,
              44.945186614990234
            ],
            [
              -67.04852294921875,
              44.94548034667969
            ],
            [
              -67.04844665527344,
              44.94584655761719
            ],
            [
              -67.04840850830078,
              44.946231842041016
            ],
            [
              -67.04837799072266,
              44.94660949707031
            ],
            [
              -67.04834747314453,
              44.94698715209961
            ],
            [
              -67.04838562011719,
              44.94736862182617
            ],
            [
              -67.0486068725586,
              44.94765090942383
            ],
            [
              -67.04891967773438,
              44.947872161865234
            ],
            [
              -67.04923248291016,
              44.948081970214844
            ],
            [
              -67.04955291748047,
              44.94828796386719
            ],
            [
              -67.04987335205078,
              44.948509216308594
            ],
            [
              -67.05022430419922,
              44.94864273071289
            ],
            [
              -67.05059814453125,
              44.9487190246582
            ],
            [
              -67.05097198486328,
              44.948753356933594
            ],
            [
              -67.05135345458984,
              44.948787689208984
            ],
            [
              -67.05172729492188,
              44.948829650878906
            ],
            [
              -67.05210876464844,
              44.94887161254883
            ],
            [
              -67.05247497558594,
              44.94894790649414
            ],
            [
              -67.05270385742188,
              44.949188232421875
            ],
            [
              -67.0527572631836,
              44.94956588745117
            ],
            [
              -67.05278778076172,
              44.94994354248047
            ],
            [
              -67.05282592773438,
              44.950313568115234
            ],
            [
              -67.0528564453125,
              44.9506950378418
            ],
            [
              -67.05298614501953,
              44.951026916503906
            ],
            [
              -67.05325317382812,
              44.9512939453125
            ],
            [
              -67.05357360839844,
              44.95148849487305
            ],
            [
              -67.05389404296875,
              44.951690673828125
            ],
            [
              -67.05421447753906,
              44.95189666748047
            ],
            [
              -67.05453491210938,
              44.952091217041016
            ],
            [
              -67.05485534667969,
              44.95228576660156
            ],
            [
              -67.05512237548828,
              44.9525146484375
            ],
            [
              -67.05499267578125,
              44.95285415649414
            ],
            [
              -67.05471801757812,
              44.95310974121094
            ],
            [
              -67.054443359375,
              44.95337677001953
            ],
            [
              -67.05416870117188,
              44.95363235473633
            ],
            [
              -67.05390167236328,
              44.953887939453125
            ],
            [
              -67.05371856689453,
              44.95418167114258
            ],
            [
              -67.05392456054688,
              44.954429626464844
            ],
            [
              -67.05428314208984,
              44.95454406738281
            ],
            [
              -67.05463409423828,
              44.954673767089844
            ],
            [
              -67.05498504638672,
              44.95479965209961
            ],
            [
              -67.05533599853516,
              44.95492172241211
            ],
            [
              -67.05569458007812,
              44.955055236816406
            ],
            [
              -67.05604553222656,
              44.95516586303711
            ],
            [
              -67.056396484375,
              44.955299377441406
            ],
            [
              -67.05674743652344,
              44.955421447753906
            ],
            [
              -67.05709838867188,
              44.95554733276367
            ],
            [
              -67.05744934082031,
              44.9556770324707
            ],
            [
              -67.05780029296875,
              44.955810546875
            ],
            [
              -67.05815124511719,
              44.95592498779297
            ],
            [
              -67.05850219726562,
              44.9560546875
            ],
            [
              -67.05885314941406,
              44.9561882019043
            ],
            [
              -67.05919647216797,
              44.9563102722168
            ],
            [
              -67.05953979492188,
              44.956459045410156
            ],
            [
              -67.05986785888672,
              44.956626892089844
            ],
            [
              -67.0602035522461,
              44.95680618286133
            ],
            [
              -67.06053161621094,
              44.956974029541016
            ],
            [
              -67.06085968017578,
              44.95713806152344
            ],
            [
              -67.06118774414062,
              44.957305908203125
            ],
            [
              -67.06153106689453,
              44.95743942260742
            ],
            [
              -67.06189727783203,
              44.95747375488281
            ],
            [
              -67.06226348876953,
              44.95746994018555
            ],
            [
              -67.06263732910156,
              44.95747756958008
            ],
            [
              -67.06300354003906,
              44.95747375488281
            ],
            [
              -67.0633773803711,
              44.95746994018555
            ],
            [
              -67.0637435913086,
              44.95748519897461
            ],
            [
              -67.06409454345703,
              44.95755386352539
            ],
            [
              -67.06417846679688,
              44.957916259765625
            ],
            [
              -67.06426239013672,
              44.95827865600586
            ],
            [
              -67.0643539428711,
              44.9586296081543
            ],
            [
              -67.06452941894531,
              44.95893859863281
            ],
            [
              -67.0648193359375,
              44.959171295166016
            ],
            [
              -67.06512451171875,
              44.959373474121094
            ],
            [
              -67.0654296875,
              44.95957565307617
            ],
            [
              -67.06573486328125,
              44.95977783203125
            ],
            [
              -67.0660400390625,
              44.959983825683594
            ],
            [
              -67.06632232666016,
              44.960205078125
            ],
            [
              -67.06658172607422,
              44.96046829223633
            ],
            [
              -67.06681823730469,
              44.96074295043945
            ],
            [
              -67.06706237792969,
              44.96102523803711
            ],
            [
              -67.06698608398438,
              44.96125793457031
            ],
            [
              -67.06663513183594,
              44.961307525634766
            ],
            [
              -67.06626892089844,
              44.961326599121094
            ],
            [
              -67.06591033935547,
              44.96134948730469
            ],
            [
              -67.06554412841797,
              44.961360931396484
            ],
            [
              -67.06517791748047,
              44.96137237548828
            ],
            [
              -67.0648193359375,
              44.96132278442383
            ],
            [
              -67.06452178955078,
              44.96113586425781
            ],
            [
              -67.06424713134766,
              44.960906982421875
            ],
            [
              -67.06396484375,
              44.96066665649414
            ],
            [
              -67.06369018554688,
              44.96043014526367
            ],
            [
              -67.06339263916016,
              44.96022415161133
            ],
            [
              -67.0631332397461,
              44.960418701171875
            ],
            [
              -67.06287384033203,
              44.96068572998047
            ],
            [
              -67.0626220703125,
              44.960941314697266
            ],
            [
              -67.0623779296875,
              44.96120834350586
            ],
            [
              -67.06217956542969,
              44.96150207519531
            ],
            [
              -67.06201934814453,
              44.961830139160156
            ],
            [
              -67.06185913085938,
              44.962162017822266
            ],
            [
              -67.06169891357422,
              44.96248245239258
            ],
            [
              -67.06153869628906,
              44.96280288696289
            ],
            [
              -67.06136322021484,
              44.96310806274414
            ],
            [
              -67.06100463867188,
              44.963138580322266
            ],
            [
              -67.06067657470703,
              44.962989807128906
            ],
            [
              -67.06034851074219,
              44.96283721923828
            ],
            [
              -67.06002044677734,
              44.96269607543945
            ],
            [
              -67.0596923828125,
              44.96255874633789
            ],
            [
              -67.05936431884766,
              44.962406158447266
            ],
            [
              -67.05903625488281,
              44.962257385253906
            ],
            [
              -67.0587158203125,
              44.96208953857422
            ],
            [
              -67.05840301513672,
              44.96190643310547
            ],
            [
              -67.05810546875,
              44.96171951293945
            ],
            [
              -67.05780029296875,
              44.9615364074707
            ],
            [
              -67.0574951171875,
              44.96134948730469
            ],
            [
              -67.05718994140625,
              44.96115493774414
            ],
            [
              -67.05687713623047,
              44.96098709106445
            ],
            [
              -67.0565414428711,
              44.96086502075195
            ],
            [
              -67.05619812011719,
              44.96076965332031
            ],
            [
              -67.05585479736328,
              44.96067428588867
            ],
            [
              -67.05551147460938,
              44.96057891845703
            ],
            [
              -67.05516815185547,
              44.96048355102539
            ],
            [
              -67.05482482910156,
              44.960384368896484
            ],
            [
              -67.05448150634766,
              44.96027374267578
            ],
            [
              -67.05414581298828,
              44.960166931152344
            ],
            [
              -67.05380249023438,
              44.96006393432617
            ],
            [
              -67.053466796875,
              44.9599494934082
            ],
            [
              -67.05313110351562,
              44.95985412597656
            ],
            [
              -67.05278778076172,
              44.959739685058594
            ],
            [
              -67.05245208740234,
              44.959632873535156
            ],
            [
              -67.05210876464844,
              44.959529876708984
            ],
            [
              -67.05177307128906,
              44.959434509277344
            ],
            [
              -67.05142974853516,
              44.9593391418457
            ],
            [
              -67.05109405517578,
              44.959232330322266
            ],
            [
              -67.05075073242188,
              44.959129333496094
            ],
            [
              -67.0504150390625,
              44.95903396606445
            ],
            [
              -67.0500717163086,
              44.95893478393555
            ],
            [
              -67.04973602294922,
              44.958839416503906
            ],
            [
              -67.04940032958984,
              44.958736419677734
            ],
            [
              -67.0492172241211,
              44.958473205566406
            ],
            [
              -67.0493392944336,
              44.95814895629883
            ],
            [
              -67.04948425292969,
              44.957828521728516
            ],
            [
              -67.04963684082031,
              44.957515716552734
            ],
            [
              -67.0497817993164,
              44.95719528198242
            ],
            [
              -67.0499267578125,
              44.956871032714844
            ],
            [
              -67.04998016357422,
              44.95652389526367
            ],
            [
              -67.04998779296875,
              44.956180572509766
            ],
            [
              -67.04998779296875,
              44.9558219909668
            ],
            [
              -67.04998779296875,
              44.95547866821289
            ],
            [
              -67.0499267578125,
              44.95515441894531
            ],
            [
              -67.04963684082031,
              44.9549674987793
            ],
            [
              -67.0492935180664,
              44.954891204833984
            ],
            [
              -67.04895782470703,
              44.954795837402344
            ],
            [
              -67.04861450195312,
              44.954715728759766
            ],
            [
              -67.04827880859375,
              44.954620361328125
            ],
            [
              -67.04794311523438,
              44.954532623291016
            ],
            [
              -67.047607421875,
              44.95444869995117
            ],
            [
              -67.04727935791016,
              44.954315185546875
            ],
            [
              -67.04695892333984,
              44.95417404174805
            ],
            [
              -67.04663848876953,
              44.95403289794922
            ],
            [
              -67.04631805419922,
              44.95390319824219
            ],
            [
              -67.0459976196289,
              44.953773498535156
            ],
            [
              -67.0456771850586,
              44.95363235473633
            ],
            [
              -67.04535675048828,
              44.95351028442383
            ],
            [
              -67.04502868652344,
              44.953575134277344
            ],
            [
              -67.04470825195312,
              44.953712463378906
            ],
            [
              -67.04438781738281,
              44.953853607177734
            ],
            [
              -67.04407501220703,
              44.9539909362793
            ],
            [
              -67.04375457763672,
              44.95412063598633
            ],
            [
              -67.0434341430664,
              44.95425033569336
            ],
            [
              -67.0430908203125,
              44.95429992675781
            ],
            [
              -67.04275512695312,
              44.95425796508789
            ],
            [
              -67.04241180419922,
              44.95418930053711
            ],
            [
              -67.04207611083984,
              44.95411682128906
            ],
            [
              -67.04174041748047,
              44.95404052734375
            ],
            [
              -67.0414047241211,
              44.9539794921875
            ],
            [
              -67.04106903076172,
              44.95390319824219
            ],
            [
              -67.04073333740234,
              44.95380783081055
            ],
            [
              -67.04041290283203,
              44.95367431640625
            ],
            [
              -67.04010009765625,
              44.95354461669922
            ],
            [
              -67.03978729248047,
              44.95339584350586
            ],
            [
              -67.03947448730469,
              44.95326232910156
            ],
            [
              -67.0391845703125,
              44.95307922363281
            ],
            [
              -67.03912353515625,
              44.952796936035156
            ],
            [
              -67.03923034667969,
              44.95246887207031
            ],
            [
              -67.03936004638672,
              44.95215606689453
            ],
            [
              -67.03948211669922,
              44.95184326171875
            ],
            [
              -67.03961181640625,
              44.95151901245117
            ],
            [
              -67.03973388671875,
              44.95119857788086
            ],
            [
              -67.03974151611328,
              44.95087432861328
            ],
            [
              -67.0396728515625,
              44.950531005859375
            ],
            [
              -67.03958892822266,
              44.9502067565918
            ],
            [
              -67.03951263427734,
              44.94987869262695
            ],
            [
              -67.0394287109375,
              44.94953536987305
            ],
            [
              -67.03934478759766,
              44.94921112060547
            ],
            [
              -67.03926849365234,
              44.94888687133789
            ],
            [
              -67.03919219970703,
              44.948551177978516
            ],
            [
              -67.03911590576172,
              44.94821548461914
            ],
            [
              -67.0390853881836,
              44.947872161865234
            ],
            [
              -67.03907012939453,
              44.947540283203125
            ],
            [
              -67.03905487060547,
              44.94719696044922
            ],
            [
              -67.03904724121094,
              44.94686508178711
            ],
            [
              -67.03903198242188,
              44.9465217590332
            ],
            [
              -67.03902435302734,
              44.94618225097656
            ],
            [
              -67.03900909423828,
              44.94584655761719
            ],
            [
              -67.0391616821289,
              44.945552825927734
            ],
            [
              -67.03942108154297,
              44.9453239440918
            ],
            [
              -67.03968048095703,
              44.94511032104492
            ],
            [
              -67.03994750976562,
              44.944908142089844
            ],
            [
              -67.04021453857422,
              44.944705963134766
            ],
            [
              -67.04049682617188,
              44.944522857666016
            ],
            [
              -67.04080963134766,
              44.94438552856445
            ],
            [
              -67.0411148071289,
              44.94425582885742
            ],
            [
              -67.04142761230469,
              44.94412612915039
            ],
            [
              -67.04174041748047,
              44.94399642944336
            ],
            [
              -67.04203796386719,
              44.94385528564453
            ],
            [
              -67.04206085205078,
              44.94367599487305
            ],
            [
              -67.04175567626953,
              44.943546295166016
            ],
            [
              -67.04144287109375,
              44.94341278076172
            ],
            [
              -67.0411376953125,
              44.94328308105469
            ],
            [
              -67.04082489013672,
              44.94316864013672
            ],
            [
              -67.04051208496094,
              44.94303894042969
            ],
            [
              -67.04021453857422,
              44.94288635253906
            ],
            [
              -67.03992462158203,
              44.94272232055664
            ],
            [
              -67.03964233398438,
              44.942535400390625
            ],
            [
              -67.03935241699219,
              44.94236755371094
            ],
            [
              -67.03907012939453,
              44.94219207763672
            ],
            [
              -67.03878784179688,
              44.9420166015625
            ],
            [
              -67.03850555419922,
              44.94184112548828
            ],
            [
              -67.03822326660156,
              44.94166564941406
            ],
            [
              -67.03795623779297,
              44.941463470458984
            ],
            [
              -67.0376968383789,
              44.94124984741211
            ],
            [
              -67.03743743896484,
              44.9410400390625
            ],
            [
              -67.03717803955078,
              44.94083786010742
            ],
            [
              -67.03692626953125,
              44.940616607666016
            ],
            [
              -67.03665924072266,
              44.94041442871094
            ],
            [
              -67.03638458251953,
              44.94023895263672
            ],
            [
              -67.03608703613281,
              44.94008255004883
            ],
            [
              -67.03579711914062,
              44.93992233276367
            ],
            [
              -67.03550720214844,
              44.93976593017578
            ],
            [
              -67.03521728515625,
              44.93961715698242
            ],
            [
              -67.03492736816406,
              44.939449310302734
            ],
            [
              -67.03462982177734,
              44.939300537109375
            ],
            [
              -67.03433990478516,
              44.93913269042969
            ],
            [
              -67.03404998779297,
              44.93898391723633
            ],
            [
              -67.03374481201172,
              44.93885040283203
            ],
            [
              -67.03343200683594,
              44.93875503540039
            ],
            [
              -67.03311920166016,
              44.93865966796875
            ],
            [
              -67.03279876708984,
              44.93858337402344
            ],
            [
              -67.03247833251953,
              44.93849563598633
            ],
            [
              -67.03216552734375,
              44.938411712646484
            ],
            [
              -67.03184509277344,
              44.938331604003906
            ],
            [
              -67.03152465820312,
              44.938236236572266
            ],
            [
              -67.03121185302734,
              44.93815231323242
            ],
            [
              -67.03089904785156,
              44.938045501708984
            ],
            [
              -67.03059387207031,
              44.93793487548828
            ],
            [
              -67.03028106689453,
              44.93782043457031
            ],
            [
              -67.02997589111328,
              44.93771743774414
            ],
            [
              -67.0296630859375,
              44.93760299682617
            ],
            [
              -67.02935791015625,
              44.9375
            ],
            [
              -67.029052734375,
              44.937374114990234
            ],
            [
              -67.02875518798828,
              44.93723678588867
            ],
            [
              -67.0285873413086,
              44.93696212768555
            ],
            [
              -67.0284652709961,
              44.93665313720703
            ],
            [
              -67.02835083007812,
              44.93634796142578
            ],
            [
              -67.02823638916016,
              44.9360466003418
            ],
            [
              -67.02812957763672,
              44.93572998046875
            ],
            [
              -67.02808380126953,
              44.9354248046875
            ],
            [
              -67.02820587158203,
              44.93511962890625
            ],
            [
              -67.02835845947266,
              44.93483352661133
            ],
            [
              -67.02851104736328,
              44.934539794921875
            ],
            [
              -67.0286636352539,
              44.93425369262695
            ],
            [
              -67.02882385253906,
              44.93396759033203
            ],
            [
              -67.02897644042969,
              44.933685302734375
            ],
            [
              -67.02912902832031,
              44.93339920043945
            ],
            [
              -67.02928161621094,
              44.93311309814453
            ],
            [
              -67.02943420410156,
              44.93283462524414
            ],
            [
              -67.02959442138672,
              44.932552337646484
            ],
            [
              -67.02974700927734,
              44.93226623535156
            ],
            [
              -67.02992248535156,
              44.93198776245117
            ],
            [
              -67.03016662597656,
              44.93177795410156
            ],
            [
              -67.03042602539062,
              44.93159484863281
            ],
            [
              -67.03068542480469,
              44.931400299072266
            ],
            [
              -67.03094482421875,
              44.93120574951172
            ],
            [
              -67.03120422363281,
              44.93102264404297
            ],
            [
              -67.0314712524414,
              44.93083572387695
            ],
            [
              -67.03173828125,
              44.9306526184082
            ],
            [
              -67.03201293945312,
              44.930484771728516
            ],
            [
              -67.03228759765625,
              44.930328369140625
            ],
            [
              -67.0325698852539,
              44.930171966552734
            ],
            [
              -67.03284454345703,
              44.93000411987305
            ],
            [
              -67.03312683105469,
              44.929847717285156
            ],
            [
              -67.03340148925781,
              44.929683685302734
            ],
            [
              -67.0336685180664,
              44.929508209228516
            ],
            [
              -67.0339126586914,
              44.92930221557617
            ],
            [
              -67.0341567993164,
              44.929100036621094
            ],
            [
              -67.0344009399414,
              44.928890228271484
            ],
            [
              -67.03465270996094,
              44.92869567871094
            ],
            [
              -67.03492736816406,
              44.92853927612305
            ],
            [
              -67.03524780273438,
              44.92850875854492
            ],
            [
              -67.03556060791016,
              44.928558349609375
            ],
            [
              -67.03587341308594,
              44.92860794067383
            ],
            [
              -67.03619384765625,
              44.92864990234375
            ],
            [
              -67.03650665283203,
              44.92869186401367
            ],
            [
              -67.03681182861328,
              44.928768157958984
            ],
            [
              -67.03701782226562,
              44.92898941040039
            ],
            [
              -67.03707122802734,
              44.92929458618164
            ],
            [
              -67.03712463378906,
              44.92961120605469
            ],
            [
              -67.03717803955078,
              44.929927825927734
            ],
            [
              -67.03738403320312,
              44.930145263671875
            ],
            [
              -67.03765869140625,
              44.930294036865234
            ],
            [
              -67.0379409790039,
              44.930442810058594
            ],
            [
              -67.03822326660156,
              44.93057632446289
            ],
            [
              -67.03850555419922,
              44.93072509765625
            ],
            [
              -67.03878784179688,
              44.93086242675781
            ],
            [
              -67.03907012939453,
              44.93100357055664
            ],
            [
              -67.03935241699219,
              44.93114471435547
            ],
            [
              -67.03964233398438,
              44.9312744140625
            ],
            [
              -67.03993225097656,
              44.931396484375
            ],
            [
              -67.04022979736328,
              44.93149185180664
            ],
            [
              -67.04052734375,
              44.93160629272461
            ],
            [
              -67.04082489013672,
              44.93170928955078
            ],
            [
              -67.04112243652344,
              44.93181228637695
            ],
            [
              -67.04141998291016,
              44.93192672729492
            ],
            [
              -67.04170227050781,
              44.93205642700195
            ],
            [
              -67.04194641113281,
              44.93224334716797
            ],
            [
              -67.04214477539062,
              44.93248748779297
            ],
            [
              -67.0423355102539,
              44.932735443115234
            ],
            [
              -67.04253387451172,
              44.932979583740234
            ],
            [
              -67.042724609375,
              44.9332275390625
            ],
            [
              -67.04293823242188,
              44.93346405029297
            ],
            [
              -67.04317474365234,
              44.933658599853516
            ],
            [
              -67.04344177246094,
              44.933815002441406
            ],
            [
              -67.04371643066406,
              44.933963775634766
            ],
            [
              -67.04399108886719,
              44.934112548828125
            ],
            [
              -67.04426574707031,
              44.934261322021484
            ],
            [
              -67.04454040527344,
              44.934410095214844
            ],
            [
              -67.04483032226562,
              44.934539794921875
            ],
            [
              -67.04512786865234,
              44.93455505371094
            ],
            [
              -67.04540252685547,
              44.934425354003906
            ],
            [
              -67.04566955566406,
              44.93425750732422
            ],
            [
              -67.04593658447266,
              44.9340934753418
            ],
            [
              -67.04619598388672,
              44.93392562866211
            ],
            [
              -67.04646301269531,
              44.93375778198242
            ],
            [
              -67.04671478271484,
              44.9335823059082
            ],
            [
              -67.04676055908203,
              44.93339538574219
            ],
            [
              -67.0465087890625,
              44.93321228027344
            ],
            [
              -67.04625701904297,
              44.93303680419922
            ],
            [
              -67.0459976196289,
              44.9328498840332
            ],
            [
              -67.04574584960938,
              44.93268585205078
            ],
            [
              -67.04549407958984,
              44.932498931884766
            ],
            [
              -67.04524230957031,
              44.93232345581055
            ],
            [
              -67.0450668334961,
              44.932098388671875
            ],
            [
              -67.04503631591797,
              44.93178939819336
            ],
            [
              -67.0450439453125,
              44.93148422241211
            ],
            [
              -67.0450668334961,
              44.93117904663086
            ],
            [
              -67.04508209228516,
              44.93086242675781
            ],
            [
              -67.04509735107422,
              44.93055725097656
            ],
            [
              -67.04515838623047,
              44.93026351928711
            ],
            [
              -67.04525756835938,
              44.92996597290039
            ],
            [
              -67.04536437988281,
              44.92967987060547
            ],
            [
              -67.04547119140625,
              44.929386138916016
            ],
            [
              -67.04550170898438,
              44.929080963134766
            ],
            [
              -67.04534912109375,
              44.92882537841797
            ],
            [
              -67.04515075683594,
              44.9285888671875
            ],
            [
              -67.0449447631836,
              44.928367614746094
            ],
            [
              -67.04473114013672,
              44.928138732910156
            ],
            [
              -67.04452514648438,
              44.92790985107422
            ],
            [
              -67.0443115234375,
              44.92770004272461
            ],
            [
              -67.04405212402344,
              44.92754364013672
            ],
            [
              -67.04378509521484,
              44.92739486694336
            ],
            [
              -67.04351806640625,
              44.9272346496582
            ],
            [
              -67.04325103759766,
              44.927085876464844
            ],
            [
              -67.04298400878906,
              44.92694091796875
            ],
            [
              -67.04270935058594,
              44.92683410644531
            ],
            [
              -67.04240417480469,
              44.92683029174805
            ],
            [
              -67.04210662841797,
              44.9268798828125
            ],
            [
              -67.04180908203125,
              44.926944732666016
            ],
            [
              -67.04151153564453,
              44.92699432373047
            ],
            [
              -67.04121398925781,
              44.92706298828125
            ],
            [
              -67.04090881347656,
              44.92710876464844
            ],
            [
              -67.04061126708984,
              44.92717742919922
            ],
            [
              -67.04031372070312,
              44.92722702026367
            ],
            [
              -67.0400161743164,
              44.927249908447266
            ],
            [
              -67.03971099853516,
              44.927215576171875
            ],
            [
              -67.03941345214844,
              44.92716598510742
            ],
            [
              -67.03911590576172,
              44.92711639404297
            ],
            [
              -67.038818359375,
              44.92707443237305
            ],
            [
              -67.03852081298828,
              44.927032470703125
            ],
            [
              -67.03821563720703,
              44.9269905090332
            ],
            [
              -67.03791809082031,
              44.92694091796875
            ],
            [
              -67.0376205444336,
              44.9268913269043
            ],
            [
              -67.0373306274414,
              44.92683410644531
            ],
            [
              -67.03703308105469,
              44.92677307128906
            ],
            [
              -67.0367431640625,
              44.92669677734375
            ],
            [
              -67.03644561767578,
              44.926639556884766
            ],
            [
              -67.0361557006836,
              44.92655944824219
            ],
            [
              -67.0358657836914,
              44.92649459838867
            ],
            [
              -67.03556823730469,
              44.92642593383789
            ],
            [
              -67.0352783203125,
              44.92634582519531
            ],
            [
              -67.03498840332031,
              44.92626953125
            ],
            [
              -67.03470611572266,
              44.92617416381836
            ],
            [
              -67.034423828125,
              44.92607116699219
            ],
            [
              -67.03414916992188,
              44.925968170166016
            ],
            [
              -67.03386688232422,
              44.925865173339844
            ],
            [
              -67.03358459472656,
              44.92576217651367
            ],
            [
              -67.0333023071289,
              44.925655364990234
            ],
            [
              -67.03302764892578,
              44.92555236816406
            ],
            [
              -67.03274536132812,
              44.92545700073242
            ],
            [
              -67.03245544433594,
              44.92536163330078
            ],
            [
              -67.03217315673828,
              44.92526626586914
            ],
            [
              -67.03189086914062,
              44.9251823425293
            ],
            [
              -67.03160858154297,
              44.92509460449219
            ],
            [
              -67.03132629394531,
              44.92500305175781
            ],
            [
              -67.03104400634766,
              44.92490768432617
            ],
            [
              -67.03075408935547,
              44.92481994628906
            ],
            [
              -67.03047180175781,
              44.92473602294922
            ],
            [
              -67.03018951416016,
              44.92464065551758
            ],
            [
              -67.0299072265625,
              44.924564361572266
            ],
            [
              -67.02962493896484,
              44.924468994140625
            ],
            [
              -67.02934265136719,
              44.92439270019531
            ],
            [
              -67.02906036376953,
              44.92429733276367
            ],
            [
              -67.02877807617188,
              44.92420959472656
            ],
            [
              -67.02849578857422,
              44.92411422729492
            ],
            [
              -67.02823638916016,
              44.92398452758789
            ],
            [
              -67.02804565429688,
              44.92375564575195
            ],
            [
              -67.02786254882812,
              44.923526763916016
            ],
            [
              -67.02767944335938,
              44.923301696777344
            ],
            [
              -67.02749633789062,
              44.92306137084961
            ],
            [
              -67.02726745605469,
              44.92289733886719
            ],
            [
              -67.02699279785156,
              44.92283630371094
            ],
            [
              -67.02670288085938,
              44.92288589477539
            ],
            [
              -67.02641296386719,
              44.92292785644531
            ],
            [
              -67.026123046875,
              44.92296600341797
            ],
            [
              -67.02583312988281,
              44.92301559448242
            ],
            [
              -67.02554321289062,
              44.923065185546875
            ],
            [
              -67.02525329589844,
              44.92311477661133
            ],
            [
              -67.02497100830078,
              44.923179626464844
            ],
            [
              -67.02470397949219,
              44.923301696777344
            ],
            [
              -67.02444458007812,
              44.92344284057617
            ],
            [
              -67.02418518066406,
              44.923580169677734
            ],
            [
              -67.02393341064453,
              44.92372131347656
            ],
            [
              -67.02367401123047,
              44.92386245727539
            ],
            [
              -67.0234146118164,
              44.92399215698242
            ],
            [
              -67.02315521240234,
              44.92412185668945
            ],
            [
              -67.02288818359375,
              44.924251556396484
            ],
            [
              -67.02262878417969,
              44.924381256103516
            ],
            [
              -67.02236938476562,
              44.924503326416016
            ],
            [
              -67.02210235595703,
              44.92463302612305
            ],
            [
              -67.02184295654297,
              44.92475509643555
            ],
            [
              -67.02156829833984,
              44.92485046386719
            ],
            [
              -67.02128601074219,
              44.92490768432617
            ],
            [
              -67.02099609375,
              44.9249382019043
            ],
            [
              -67.02070617675781,
              44.92497253417969
            ],
            [
              -67.02041625976562,
              44.92500305175781
            ],
            [
              -67.02012634277344,
              44.92503356933594
            ],
            [
              -67.01984405517578,
              44.92506408691406
            ],
            [
              -67.0195541381836,
              44.92509460449219
            ],
            [
              -67.0192642211914,
              44.92511749267578
            ],
            [
              -67.01897430419922,
              44.92510986328125
            ],
            [
              -67.01869201660156,
              44.925071716308594
            ],
            [
              -67.0184097290039,
              44.924983978271484
            ],
            [
              -67.01813507080078,
              44.92490768432617
            ],
            [
              -67.01786041259766,
              44.92483139038086
            ],
            [
              -67.017578125,
              44.92475509643555
            ],
            [
              -67.01730346679688,
              44.924678802490234
            ],
            [
              -67.01702880859375,
              44.92460250854492
            ],
            [
              -67.01677703857422,
              44.924468994140625
            ],
            [
              -67.01658630371094,
              44.924259185791016
            ],
            [
              -67.01643371582031,
              44.92402267456055
            ],
            [
              -67.01628875732422,
              44.92376708984375
            ],
            [
              -67.01614379882812,
              44.92352294921875
            ],
            [
              -67.01600646972656,
              44.92326736450195
            ],
            [
              -67.015869140625,
              44.92301559448242
            ],
            [
              -67.0157470703125,
              44.922760009765625
            ],
            [
              -67.015625,
              44.9224967956543
            ],
            [
              -67.01551818847656,
              44.9222412109375
            ],
            [
              -67.01549530029297,
              44.92195510864258
            ],
            [
              -67.01557159423828,
              44.92167663574219
            ],
            [
              -67.01565551757812,
              44.9213981628418
            ],
            [
              -67.01573181152344,
              44.9211311340332
            ],
            [
              -67.01580810546875,
              44.920860290527344
            ],
            [
              -67.01585388183594,
              44.92057418823242
            ],
            [
              -67.01583099365234,
              44.92029571533203
            ],
            [
              -67.01576232910156,
              44.920013427734375
            ],
            [
              -67.01569366455078,
              44.919742584228516
            ],
            [
              -67.015625,
              44.919464111328125
            ],
            [
              -67.01555633544922,
              44.91918182373047
            ],
            [
              -67.01544952392578,
              44.91893005371094
            ],
            [
              -67.01531219482422,
              44.91867446899414
            ],
            [
              -67.0151596069336,
              44.91843795776367
            ],
            [
              -67.01500701904297,
              44.9182014465332
            ],
            [
              -67.01484680175781,
              44.917964935302734
            ],
            [
              -67.01469421386719,
              44.917728424072266
            ],
            [
              -67.0145492553711,
              44.9174919128418
            ],
            [
              -67.0144271850586,
              44.917236328125
            ],
            [
              -67.0143051147461,
              44.91698455810547
            ],
            [
              -67.0141830444336,
              44.91672897338867
            ],
            [
              -67.01411437988281,
              44.91645812988281
            ],
            [
              -67.01416778564453,
              44.91618728637695
            ],
            [
              -67.01431274414062,
              44.91594696044922
            ],
            [
              -67.01448059082031,
              44.91572570800781
            ],
            [
              -67.0146484375,
              44.91549301147461
            ],
            [
              -67.01481628417969,
              44.91526412963867
            ],
            [
              -67.01498413085938,
              44.915042877197266
            ],
            [
              -67.01515197753906,
              44.914817810058594
            ],
            [
              -67.01531219482422,
              44.914588928222656
            ],
            [
              -67.01551818847656,
              44.91440963745117
            ],
            [
              -67.01579284667969,
              44.914371490478516
            ],
            [
              -67.01606750488281,
              44.91440200805664
            ],
            [
              -67.01634216308594,
              44.91446304321289
            ],
            [
              -67.01661682128906,
              44.914520263671875
            ],
            [
              -67.01689147949219,
              44.91457748413086
            ],
            [
              -67.01716613769531,
              44.91463851928711
            ],
            [
              -67.01741790771484,
              44.91457748413086
            ],
            [
              -67.01766204833984,
              44.91444778442383
            ],
            [
              -67.01790618896484,
              44.914310455322266
            ],
            [
              -67.0181655883789,
              44.91420364379883
            ],
            [
              -67.01844024658203,
              44.91413879394531
            ],
            [
              -67.01871490478516,
              44.91411590576172
            ],
            [
              -67.01898956298828,
              44.914093017578125
            ],
            [
              -67.01927185058594,
              44.9140625
            ],
            [
              -67.01954650878906,
              44.91404724121094
            ],
            [
              -67.01982116699219,
              44.91404342651367
            ],
            [
              -67.02010345458984,
              44.914039611816406
            ],
            [
              -67.02037811279297,
              44.91402816772461
            ],
            [
              -67.0206527709961,
              44.91401290893555
            ],
            [
              -67.02093505859375,
              44.91400146484375
            ],
            [
              -67.02120971679688,
              44.913997650146484
            ],
            [
              -67.021484375,
              44.91399383544922
            ],
            [
              -67.02176666259766,
              44.913997650146484
            ],
            [
              -67.02203369140625,
              44.91402816772461
            ],
            [
              -67.02230834960938,
              44.91409683227539
            ],
            [
              -67.02256774902344,
              44.914180755615234
            ],
            [
              -67.0228271484375,
              44.914268493652344
            ],
            [
              -67.0230941772461,
              44.914344787597656
            ],
            [
              -67.02335357666016,
              44.9144401550293
            ],
            [
              -67.02360534667969,
              44.91455078125
            ],
            [
              -67.02384185791016,
              44.91469955444336
            ],
            [
              -67.0240707397461,
              44.91484832763672
            ],
            [
              -67.02430725097656,
              44.91499710083008
            ],
            [
              -67.0245361328125,
              44.91514205932617
            ],
            [
              -67.02476501464844,
              44.91529083251953
            ],
            [
              -67.02497863769531,
              44.91546630859375
            ],
            [
              -67.02516174316406,
              44.91566848754883
            ],
            [
              -67.02534484863281,
              44.91587829589844
            ],
            [
              -67.02552795410156,
              44.916080474853516
            ],
            [
              -67.02571868896484,
              44.9162712097168
            ],
            [
              -67.02592468261719,
              44.916446685791016
            ],
            [
              -67.0261459350586,
              44.91661071777344
            ],
            [
              -67.02637481689453,
              44.9167594909668
            ],
            [
              -67.02661895751953,
              44.916873931884766
            ],
            [
              -67.02688598632812,
              44.916893005371094
            ],
            [
              -67.02716064453125,
              44.916900634765625
            ],
            [
              -67.02743530273438,
              44.91689682006836
            ],
            [
              -67.02770233154297,
              44.91685485839844
            ],
            [
              -67.02796173095703,
              44.916770935058594
            ],
            [
              -67.02821350097656,
              44.91667556762695
            ],
            [
              -67.0284194946289,
              44.916526794433594
            ],
            [
              -67.02851867675781,
              44.91627502441406
            ],
            [
              -67.02852630615234,
              44.9160041809082
            ],
            [
              -67.0284423828125,
              44.91575241088867
            ],
            [
              -67.02822875976562,
              44.915584564208984
            ],
            [
              -67.02802276611328,
              44.91542053222656
            ],
            [
              -67.0278091430664,
              44.915245056152344
            ],
            [
              -67.02757263183594,
              44.91510772705078
            ],
            [
              -67.0273208618164,
              44.91501235961914
            ],
            [
              -67.02706146240234,
              44.91496276855469
            ],
            [
              -67.02679443359375,
              44.91493225097656
            ],
            [
              -67.02651977539062,
              44.91489791870117
            ],
            [
              -67.02626037597656,
              44.914833068847656
            ],
            [
              -67.02601623535156,
              44.91471862792969
            ],
            [
              -67.02579498291016,
              44.91456985473633
            ],
            [
              -67.02556610107422,
              44.914424896240234
            ],
            [
              -67.02534484863281,
              44.914276123046875
            ],
            [
              -67.02513122558594,
              44.91410827636719
            ],
            [
              -67.02494049072266,
              44.913917541503906
            ],
            [
              -67.02478790283203,
              44.9137077331543
            ],
            [
              -67.02465057373047,
              44.91347122192383
            ],
            [
              -67.02450561523438,
              44.91324234008789
            ],
            [
              -67.02436828613281,
              44.91301727294922
            ],
            [
              -67.02423095703125,
              44.91278076171875
            ],
            [
              -67.02409362792969,
              44.91255187988281
            ],
            [
              -67.0239486694336,
              44.91232681274414
            ],
            [
              -67.02379608154297,
              44.912105560302734
            ],
            [
              -67.02362823486328,
              44.911903381347656
            ],
            [
              -67.02345275878906,
              44.911705017089844
            ],
            [
              -67.02327728271484,
              44.911502838134766
            ],
            [
              -67.02310180664062,
              44.91130065917969
            ],
            [
              -67.0229263305664,
              44.91109085083008
            ],
            [
              -67.02275085449219,
              44.910892486572266
            ],
            [
              -67.02257537841797,
              44.91069030761719
            ],
            [
              -67.0224609375,
              44.91045379638672
            ],
            [
              -67.02239990234375,
              44.91019058227539
            ],
            [
              -67.02237701416016,
              44.90993881225586
            ],
            [
              -67.0223617553711,
              44.90966796875
            ],
            [
              -67.02234649658203,
              44.90939712524414
            ],
            [
              -67.0223388671875,
              44.90913772583008
            ],
            [
              -67.02232360839844,
              44.90887451171875
            ],
            [
              -67.02226257324219,
              44.90861511230469
            ],
            [
              -67.02205657958984,
              44.908447265625
            ],
            [
              -67.02180480957031,
              44.908382415771484
            ],
            [
              -67.02154541015625,
              44.90833282470703
            ],
            [
              -67.02128601074219,
              44.90828323364258
            ],
            [
              -67.02102661132812,
              44.90822219848633
            ],
            [
              -67.02075958251953,
              44.908199310302734
            ],
            [
              -67.02050018310547,
              44.908206939697266
            ],
            [
              -67.02023315429688,
              44.90821838378906
            ],
            [
              -67.01997375488281,
              44.908241271972656
            ],
            [
              -67.01970672607422,
              44.90825271606445
            ],
            [
              -67.01944732666016,
              44.908267974853516
            ],
            [
              -67.01918029785156,
              44.90826416015625
            ],
            [
              -67.0189208984375,
              44.90822219848633
            ],
            [
              -67.01866149902344,
              44.90818405151367
            ],
            [
              -67.01840209960938,
              44.90814208984375
            ],
            [
              -67.01815032958984,
              44.908084869384766
            ],
            [
              -67.01789093017578,
              44.908042907714844
            ],
            [
              -67.01763153076172,
              44.90799331665039
            ],
            [
              -67.01737213134766,
              44.90794372558594
            ],
            [
              -67.0171127319336,
              44.907901763916016
            ],
            [
              -67.01689910888672,
              44.90775680541992
            ],
            [
              -67.01681518554688,
              44.90752029418945
            ],
            [
              -67.01676940917969,
              44.90726852416992
            ],
            [
              -67.01673889160156,
              44.907005310058594
            ],
            [
              -67.01670837402344,
              44.90674591064453
            ],
            [
              -67.0167007446289,
              44.9064826965332
            ],
            [
              -67.0167236328125,
              44.90622329711914
            ],
            [
              -67.01679992675781,
              44.90597915649414
            ],
            [
              -67.01688385009766,
              44.905731201171875
            ],
            [
              -67.01696014404297,
              44.905487060546875
            ],
            [
              -67.01704406738281,
              44.90523910522461
            ],
            [
              -67.01717376708984,
              44.90501403808594
            ],
            [
              -67.017333984375,
              44.90481185913086
            ],
            [
              -67.01750183105469,
              44.90461730957031
            ],
            [
              -67.0176773071289,
              44.9044189453125
            ],
            [
              -67.0178451538086,
              44.90422439575195
            ],
            [
              -67.01801300048828,
              44.904029846191406
            ],
            [
              -67.01818084716797,
              44.90382766723633
            ],
            [
              -67.01834106445312,
              44.903621673583984
            ],
            [
              -67.01849365234375,
              44.90341567993164
            ],
            [
              -67.01864624023438,
              44.90321350097656
            ],
            [
              -67.018798828125,
              44.90299987792969
            ],
            [
              -67.0189437866211,
              44.90278625488281
            ],
            [
              -67.01909637451172,
              44.90257263183594
            ],
            [
              -67.01924133300781,
              44.902366638183594
            ],
            [
              -67.01939392089844,
              44.902164459228516
            ],
            [
              -67.01954650878906,
              44.90195083618164
            ],
            [
              -67.01971435546875,
              44.901756286621094
            ],
            [
              -67.01988983154297,
              44.90156173706055
            ],
            [
              -67.02006530761719,
              44.90138244628906
            ],
            [
              -67.0202407836914,
              44.901187896728516
            ],
            [
              -67.02041625976562,
              44.9010124206543
            ],
            [
              -67.02059936523438,
              44.90081787109375
            ],
            [
              -67.02073669433594,
              44.900611877441406
            ],
            [
              -67.02081298828125,
              44.90037155151367
            ],
            [
              -67.02079772949219,
              44.900115966796875
            ],
            [
              -67.0207290649414,
              44.899871826171875
            ],
            [
              -67.02066040039062,
              44.899627685546875
            ],
            [
              -67.02059173583984,
              44.899375915527344
            ],
            [
              -67.0205078125,
              44.899139404296875
            ],
            [
              -67.02027893066406,
              44.899009704589844
            ],
            [
              -67.02005004882812,
              44.89890670776367
            ],
            [
              -67.01981353759766,
              44.8988037109375
            ],
            [
              -67.01958465576172,
              44.89870834350586
            ],
            [
              -67.01934814453125,
              44.898616790771484
            ],
            [
              -67.01911163330078,
              44.898521423339844
            ],
            [
              -67.01887512207031,
              44.8984260559082
            ],
            [
              -67.01863861083984,
              44.89833450317383
            ],
            [
              -67.01839447021484,
              44.898258209228516
            ],
            [
              -67.01815032958984,
              44.89820098876953
            ],
            [
              -67.01789093017578,
              44.898231506347656
            ],
            [
              -67.01763916015625,
              44.89824295043945
            ],
            [
              -67.01738739013672,
              44.89826583862305
            ],
            [
              -67.01713562011719,
              44.89828872680664
            ],
            [
              -67.01688385009766,
              44.8983039855957
            ],
            [
              -67.01663208007812,
              44.8983268737793
            ],
            [
              -67.0163803100586,
              44.89834976196289
            ],
            [
              -67.01612854003906,
              44.89836120605469
            ],
            [
              -67.01587677001953,
              44.89834976196289
            ],
            [
              -67.01563262939453,
              44.89828109741211
            ],
            [
              -67.01542663574219,
              44.89815139770508
            ],
            [
              -67.01521301269531,
              44.898014068603516
            ],
            [
              -67.01499938964844,
              44.89787292480469
            ],
            [
              -67.01478576660156,
              44.897743225097656
            ],
            [
              -67.01457214355469,
              44.897605895996094
            ],
            [
              -67.01435852050781,
              44.89746856689453
            ],
            [
              -67.01415252685547,
              44.8973388671875
            ],
            [
              -67.0139389038086,
              44.89720916748047
            ],
            [
              -67.01372528076172,
              44.89706039428711
            ],
            [
              -67.01351928710938,
              44.89693069458008
            ],
            [
              -67.0133056640625,
              44.89680099487305
            ],
            [
              -67.01307678222656,
              44.896732330322266
            ],
            [
              -67.01310729980469,
              44.896976470947266
            ],
            [
              -67.01317596435547,
              44.897220611572266
            ],
            [
              -67.01324462890625,
              44.897464752197266
            ],
            [
              -67.01332092285156,
              44.897701263427734
            ],
            [
              -67.01338195800781,
              44.8979377746582
            ],
            [
              -67.01344299316406,
              44.898189544677734
            ],
            [
              -67.0134506225586,
              44.898433685302734
            ],
            [
              -67.01341247558594,
              44.89867401123047
            ],
            [
              -67.01336669921875,
              44.89892578125
            ],
            [
              -67.01334381103516,
              44.899169921875
            ],
            [
              -67.01338958740234,
              44.8994140625
            ],
            [
              -67.01350402832031,
              44.89963150024414
            ],
            [
              -67.0136947631836,
              44.899776458740234
            ],
            [
              -67.01388549804688,
              44.89994430541992
            ],
            [
              -67.01407623291016,
              44.900108337402344
            ],
            [
              -67.0142593383789,
              44.900264739990234
            ],
            [
              -67.01445007324219,
              44.900421142578125
            ],
            [
              -67.01464080810547,
              44.90058517456055
            ],
            [
              -67.01477813720703,
              44.900787353515625
            ],
            [
              -67.01483917236328,
              44.901023864746094
            ],
            [
              -67.01483917236328,
              44.90126419067383
            ],
            [
              -67.01481628417969,
              44.90150833129883
            ],
            [
              -67.01478576660156,
              44.90176010131836
            ],
            [
              -67.01476287841797,
              44.902000427246094
            ],
            [
              -67.01472473144531,
              44.902244567871094
            ],
            [
              -67.0146255493164,
              44.9024772644043
            ],
            [
              -67.01448059082031,
              44.902671813964844
            ],
            [
              -67.01428985595703,
              44.90281295776367
            ],
            [
              -67.01409149169922,
              44.90297317504883
            ],
            [
              -67.0138931274414,
              44.903114318847656
            ],
            [
              -67.0136947631836,
              44.903263092041016
            ],
            [
              -67.01350402832031,
              44.903411865234375
            ],
            [
              -67.0133056640625,
              44.9035530090332
            ],
            [
              -67.01310729980469,
              44.90370178222656
            ],
            [
              -67.01290130615234,
              44.903831481933594
            ],
            [
              -67.0126953125,
              44.90397262573242
            ],
            [
              -67.01248931884766,
              44.90409469604492
            ],
            [
              -67.01228332519531,
              44.90422821044922
            ],
            [
              -67.01206970214844,
              44.90435791015625
            ],
            [
              -67.0118637084961,
              44.90447998046875
            ],
            [
              -67.01165771484375,
              44.90461349487305
            ],
            [
              -67.0114517211914,
              44.90474319458008
            ],
            [
              -67.01124572753906,
              44.90486526489258
            ],
            [
              -67.01103210449219,
              44.904998779296875
            ],
            [
              -67.01083374023438,
              44.9051399230957
            ],
            [
              -67.0106430053711,
              44.90528869628906
            ],
            [
              -67.01045227050781,
              44.90543746948242
            ],
            [
              -67.01026153564453,
              44.90558624267578
            ],
            [
              -67.01007080078125,
              44.90574645996094
            ],
            [
              -67.0098876953125,
              44.905887603759766
            ],
            [
              -67.00969696044922,
              44.90604782104492
            ],
            [
              -67.00945281982422,
              44.90604019165039
            ],
            [
              -67.00922393798828,
              44.90596389770508
            ],
            [
              -67.00900268554688,
              44.90586471557617
            ],
            [
              -67.0087890625,
              44.90576171875
            ],
            [
              -67.0085678100586,
              44.90565872192383
            ],
            [
              -67.00834655761719,
              44.905555725097656
            ],
            [
              -67.00813293457031,
              44.905452728271484
            ],
            [
              -67.0079116821289,
              44.90534973144531
            ],
            [
              -67.00769805908203,
              44.90524673461914
            ],
            [
              -67.00747680664062,
              44.90514373779297
            ],
            [
              -67.00725555419922,
              44.9050407409668
            ],
            [
              -67.00704193115234,
              44.904937744140625
            ],
            [
              -67.00682067871094,
              44.90483474731445
            ],
            [
              -67.00659942626953,
              44.90475082397461
            ],
            [
              -67.00635528564453,
              44.904727935791016
            ],
            [
              -67.00613403320312,
              44.90481185913086
            ],
            [
              -67.00590515136719,
              44.90489959716797
            ],
            [
              -67.00568389892578,
              44.90497589111328
            ],
            [
              -67.00545501708984,
              44.905052185058594
            ],
            [
              -67.0052261352539,
              44.9051399230957
            ],
            [
              -67.0050048828125,
              44.90522766113281
            ],
            [
              -67.00477600097656,
              44.905303955078125
            ],
            [
              -67.00455474853516,
              44.90538024902344
            ],
            [
              -67.00432586669922,
              44.90543746948242
            ],
            [
              -67.00408935546875,
              44.90544509887695
            ],
            [
              -67.00384521484375,
              44.90544128417969
            ],
            [
              -67.00360870361328,
              44.905418395996094
            ],
            [
              -67.00337219238281,
              44.9053955078125
            ],
            [
              -67.00313568115234,
              44.905372619628906
            ],
            [
              -67.00289916992188,
              44.90534973144531
            ],
            [
              -67.0026626586914,
              44.905338287353516
            ],
            [
              -67.00242614746094,
              44.90531539916992
            ],
            [
              -67.00218963623047,
              44.9052848815918
            ],
            [
              -67.001953125,
              44.90525436401367
            ],
            [
              -67.00172424316406,
              44.90518569946289
            ],
            [
              -67.00150299072266,
              44.90510940551758
            ],
            [
              -67.00128173828125,
              44.9050178527832
            ],
            [
              -67.00106811523438,
              44.90492248535156
            ],
            [
              -67.00084686279297,
              44.90483093261719
            ],
            [
              -67.00064086914062,
              44.90471649169922
            ],
            [
              -67.00055694580078,
              44.904510498046875
            ],
            [
              -67.00057983398438,
              44.904266357421875
            ],
            [
              -67.00062561035156,
              44.9040412902832
            ],
            [
              -67.00067901611328,
              44.90380859375
            ],
            [
              -67.00072479248047,
              44.90358352661133
            ],
            [
              -67.0008544921875,
              44.90338134765625
            ],
            [
              -67.00105285644531,
              44.90324783325195
            ],
            [
              -67.00127410888672,
              44.9031982421875
            ],
            [
              -67.00151062011719,
              44.903167724609375
            ],
            [
              -67.00173950195312,
              44.90312576293945
            ],
            [
              -67.00196838378906,
              44.9030647277832
            ],
            [
              -67.00218963623047,
              44.90298843383789
            ],
            [
              -67.00240325927734,
              44.90289306640625
            ],
            [
              -67.00261688232422,
              44.90279006958008
            ],
            [
              -67.00282287597656,
              44.902687072753906
            ],
            [
              -67.00303649902344,
              44.902591705322266
            ],
            [
              -67.00325012207031,
              44.902496337890625
            ],
            [
              -67.00345611572266,
              44.90238952636719
            ],
            [
              -67.00366973876953,
              44.902286529541016
            ],
            [
              -67.0038833618164,
              44.90217971801758
            ],
            [
              -67.00402069091797,
              44.90200424194336
            ],
            [
              -67.00408172607422,
              44.901771545410156
            ],
            [
              -67.00408935546875,
              44.90153884887695
            ],
            [
              -67.00408935546875,
              44.901302337646484
            ],
            [
              -67.00408935546875,
              44.90106964111328
            ],
            [
              -67.00408935546875,
              44.90083312988281
            ],
            [
              -67.00408935546875,
              44.90060806274414
            ],
            [
              -67.00398254394531,
              44.900428771972656
            ],
            [
              -67.0037612915039,
              44.900413513183594
            ],
            [
              -67.0035400390625,
              44.900474548339844
            ],
            [
              -67.0033187866211,
              44.900550842285156
            ],
            [
              -67.00309753417969,
              44.90061950683594
            ],
            [
              -67.00288391113281,
              44.90070724487305
            ],
            [
              -67.0026626586914,
              44.90077209472656
            ],
            [
              -67.00244140625,
              44.90085220336914
            ],
            [
              -67.0022201538086,
              44.90092849731445
            ],
            [
              -67.00200653076172,
              44.90095901489258
            ],
            [
              -67.00177764892578,
              44.900901794433594
            ],
            [
              -67.0015869140625,
              44.90078353881836
            ],
            [
              -67.00141906738281,
              44.90062713623047
            ],
            [
              -67.00125885009766,
              44.90046310424805
            ],
            [
              -67.00109100341797,
              44.90029525756836
            ],
            [
              -67.00092315673828,
              44.90013122558594
            ],
            [
              -67.00076293945312,
              44.89997482299805
            ],
            [
              -67.00061798095703,
              44.899803161621094
            ],
            [
              -67.00047302246094,
              44.899620056152344
            ],
            [
              -67.00033569335938,
              44.899436950683594
            ],
            [
              -67.00019836425781,
              44.899253845214844
            ],
            [
              -67.00005340576172,
              44.899070739746094
            ],
            [
              -66.99993133544922,
              44.89887237548828
            ],
            [
              -66.99983978271484,
              44.8986701965332
            ],
            [
              -66.99987030029297,
              44.898475646972656
            ],
            [
              -67.00005340576172,
              44.898353576660156
            ],
            [
              -67.000244140625,
              44.89822006225586
            ],
            [
              -67.00043487548828,
              44.89808654785156
            ],
            [
              -67.00062561035156,
              44.89796447753906
            ],
            [
              -67.00081634521484,
              44.89784240722656
            ],
            [
              -67.00100708007812,
              44.89772033691406
            ],
            [
              -67.0011978149414,
              44.897586822509766
            ],
            [
              -67.0013427734375,
              44.89741134643555
            ],
            [
              -67.00141143798828,
              44.89719772338867
            ],
            [
              -67.0014877319336,
              44.89698028564453
            ],
            [
              -67.00155639648438,
              44.896759033203125
            ],
            [
              -67.00160217285156,
              44.896541595458984
            ],
            [
              -67.00163269042969,
              44.89631652832031
            ],
            [
              -67.00154113769531,
              44.89612579345703
            ],
            [
              -67.00138854980469,
              44.89595413208008
            ],
            [
              -67.00123596191406,
              44.895790100097656
            ],
            [
              -67.00108337402344,
              44.89562225341797
            ],
            [
              -67.00093078613281,
              44.89545822143555
            ],
            [
              -67.00077056884766,
              44.895294189453125
            ],
            [
              -67.00061798095703,
              44.8951301574707
            ],
            [
              -67.0004653930664,
              44.89496612548828
            ],
            [
              -67.00030517578125,
              44.89480209350586
            ],
            [
              -67.0001449584961,
              44.89464569091797
            ],
            [
              -66.9999771118164,
              44.89448928833008
            ],
            [
              -66.99981689453125,
              44.89433288574219
            ],
            [
              -66.99964904785156,
              44.89418411254883
            ],
            [
              -66.9994888305664,
              44.894020080566406
            ],
            [
              -66.99932098388672,
              44.89387512207031
            ],
            [
              -66.99916076660156,
              44.89371871948242
            ],
            [
              -66.99899291992188,
              44.89356231689453
            ],
            [
              -66.99882507324219,
              44.89341354370117
            ],
            [
              -66.99864959716797,
              44.89326858520508
            ],
            [
              -66.99847412109375,
              44.893131256103516
            ],
            [
              -66.99829864501953,
              44.89299011230469
            ],
            [
              -66.99812316894531,
              44.892852783203125
            ],
            [
              -66.9979476928711,
              44.89271545410156
            ],
            [
              -66.99777221679688,
              44.892578125
            ],
            [
              -66.99759674072266,
              44.89244079589844
            ],
            [
              -66.99740600585938,
              44.892311096191406
            ],
            [
              -66.99722290039062,
              44.892189025878906
            ],
            [
              -66.99703216552734,
              44.8920783996582
            ],
            [
              -66.99683380126953,
              44.89197540283203
            ],
            [
              -66.99664306640625,
              44.89186477661133
            ],
            [
              -66.99644470214844,
              44.891754150390625
            ],
            [
              -66.99625396728516,
              44.891639709472656
            ],
            [
              -66.99605560302734,
              44.89152908325195
            ],
            [
              -66.99586486816406,
              44.89141845703125
            ],
            [
              -66.99566650390625,
              44.89130783081055
            ],
            [
              -66.9954605102539,
              44.89125061035156
            ],
            [
              -66.99525451660156,
              44.891300201416016
            ],
            [
              -66.99520111083984,
              44.89151382446289
            ],
            [
              -66.99514770507812,
              44.89173889160156
            ],
            [
              -66.99510192871094,
              44.89195251464844
            ],
            [
              -66.99504852294922,
              44.89216995239258
            ],
            [
              -66.99500274658203,
              44.89238357543945
            ],
            [
              -66.99495697021484,
              44.892608642578125
            ],
            [
              -66.99491882324219,
              44.892826080322266
            ],
            [
              -66.99488830566406,
              44.89303970336914
            ],
            [
              -66.9948501586914,
              44.89325714111328
            ],
            [
              -66.99481201171875,
              44.893470764160156
            ],
            [
              -66.9947738647461,
              44.89368438720703
            ],
            [
              -66.99473571777344,
              44.8939094543457
            ],
            [
              -66.99468231201172,
              44.89411544799805
            ],
            [
              -66.99462127685547,
              44.89433288574219
            ],
            [
              -66.99454498291016,
              44.89454650878906
            ],
            [
              -66.99446105957031,
              44.89474105834961
            ],
            [
              -66.99437713623047,
              44.89494705200195
            ],
            [
              -66.99429321289062,
              44.8951530456543
            ],
            [
              -66.99420928955078,
              44.89535140991211
            ],
            [
              -66.99412536621094,
              44.89555740356445
            ],
            [
              -66.9939956665039,
              44.89572525024414
            ],
            [
              -66.99378204345703,
              44.895748138427734
            ],
            [
              -66.99357604980469,
              44.89568328857422
            ],
            [
              -66.9933853149414,
              44.89556884765625
            ],
            [
              -66.99320220947266,
              44.89543914794922
            ],
            [
              -66.99303436279297,
              44.89531326293945
            ],
            [
              -66.9929428100586,
              44.895111083984375
            ],
            [
              -66.99288177490234,
              44.89490509033203
            ],
            [
              -66.99282836914062,
              44.89469528198242
            ],
            [
              -66.9927749633789,
              44.89447784423828
            ],
            [
              -66.99271392822266,
              44.89427185058594
            ],
            [
              -66.99266052246094,
              44.89406204223633
            ],
            [
              -66.99250030517578,
              44.89401626586914
            ],
            [
              -66.99234771728516,
              44.8941650390625
            ],
            [
              -66.99219512939453,
              44.894325256347656
            ],
            [
              -66.99205017089844,
              44.89448547363281
            ],
            [
              -66.99189758300781,
              44.89464569091797
            ],
            [
              -66.99175262451172,
              44.89480209350586
            ],
            [
              -66.99160766601562,
              44.894962310791016
            ],
            [
              -66.991455078125,
              44.89512252807617
            ],
            [
              -66.99130249023438,
              44.895263671875
            ],
            [
              -66.99111938476562,
              44.8953857421875
            ],
            [
              -66.99093627929688,
              44.89550018310547
            ],
            [
              -66.99073791503906,
              44.89559555053711
            ],
            [
              -66.99054718017578,
              44.89568328857422
            ],
            [
              -66.99034881591797,
              44.89576721191406
            ],
            [
              -66.99015045166016,
              44.8958625793457
            ],
            [
              -66.98995208740234,
              44.89596176147461
            ],
            [
              -66.98976135253906,
              44.89604568481445
            ],
            [
              -66.98956298828125,
              44.89613342285156
            ],
            [
              -66.98936462402344,
              44.89622116088867
            ],
            [
              -66.98916625976562,
              44.896297454833984
            ],
            [
              -66.98896026611328,
              44.89635467529297
            ],
            [
              -66.9887466430664,
              44.89639663696289
            ],
            [
              -66.98853302001953,
              44.896419525146484
            ],
            [
              -66.98831939697266,
              44.89643478393555
            ],
            [
              -66.98810577392578,
              44.89645004272461
            ],
            [
              -66.9878921508789,
              44.8964729309082
            ],
            [
              -66.98767852783203,
              44.8964958190918
            ],
            [
              -66.98746490478516,
              44.89651107788086
            ],
            [
              -66.98725128173828,
              44.89652633666992
            ],
            [
              -66.9870376586914,
              44.89653778076172
            ],
            [
              -66.98682403564453,
              44.89656066894531
            ],
            [
              -66.98661804199219,
              44.89661407470703
            ],
            [
              -66.98641204833984,
              44.896671295166016
            ],
            [
              -66.98623657226562,
              44.89677810668945
            ],
            [
              -66.9860610961914,
              44.89690017700195
            ],
            [
              -66.98588562011719,
              44.89702224731445
            ],
            [
              -66.98571014404297,
              44.89714431762695
            ],
            [
              -66.98553466796875,
              44.89727020263672
            ],
            [
              -66.98536682128906,
              44.89739227294922
            ],
            [
              -66.98519134521484,
              44.89751434326172
            ],
            [
              -66.98501586914062,
              44.89763641357422
            ],
            [
              -66.9848403930664,
              44.89775848388672
            ],
            [
              -66.98467254638672,
              44.897884368896484
            ],
            [
              -66.9844970703125,
              44.898006439208984
            ],
            [
              -66.98433685302734,
              44.89814758300781
            ],
            [
              -66.98418426513672,
              44.89828872680664
            ],
            [
              -66.98414611816406,
              44.89848709106445
            ],
            [
              -66.98417663574219,
              44.898704528808594
            ],
            [
              -66.98422241210938,
              44.898902893066406
            ],
            [
              -66.98426055908203,
              44.89910888671875
            ],
            [
              -66.98429870605469,
              44.89931869506836
            ],
            [
              -66.98433685302734,
              44.8995246887207
            ],
            [
              -66.98439025878906,
              44.89973449707031
            ],
            [
              -66.9845199584961,
              44.899879455566406
            ],
            [
              -66.98468780517578,
              44.90000915527344
            ],
            [
              -66.98487091064453,
              44.90011215209961
            ],
            [
              -66.98506164550781,
              44.900203704833984
            ],
            [
              -66.9852523803711,
              44.90029525756836
            ],
            [
              -66.98543548583984,
              44.900390625
            ],
            [
              -66.98562622070312,
              44.900482177734375
            ],
            [
              -66.98580932617188,
              44.900577545166016
            ],
            [
              -66.98600006103516,
              44.90066909790039
            ],
            [
              -66.9861831665039,
              44.90076446533203
            ],
            [
              -66.98637390136719,
              44.900856018066406
            ],
            [
              -66.9864273071289,
              44.90097427368164
            ],
            [
              -66.98627471923828,
              44.90111541748047
            ],
            [
              -66.98609161376953,
              44.901222229003906
            ],
            [
              -66.98590850830078,
              44.90130615234375
            ],
            [
              -66.9857177734375,
              44.901405334472656
            ],
            [
              -66.98553466796875,
              44.9015007019043
            ],
            [
              -66.98534393310547,
              44.90158462524414
            ],
            [
              -66.98515319824219,
              44.90167236328125
            ],
            [
              -66.98497009277344,
              44.90176010131836
            ],
            [
              -66.98477935791016,
              44.90185546875
            ],
            [
              -66.9845962524414,
              44.90195083618164
            ],
            [
              -66.98440551757812,
              44.90203857421875
            ],
            [
              -66.98422241210938,
              44.902122497558594
            ],
            [
              -66.9840316772461,
              44.9022216796875
            ],
            [
              -66.98384857177734,
              44.90231704711914
            ],
            [
              -66.98365783691406,
              44.902400970458984
            ],
            [
              -66.98347473144531,
              44.902488708496094
            ],
            [
              -66.98329162597656,
              44.902584075927734
            ],
            [
              -66.9831771850586,
              44.90275573730469
            ],
            [
              -66.9831314086914,
              44.902950286865234
            ],
            [
              -66.98311614990234,
              44.903167724609375
            ],
            [
              -66.9831314086914,
              44.90336608886719
            ],
            [
              -66.98313903808594,
              44.90357208251953
            ],
            [
              -66.983154296875,
              44.903778076171875
            ],
            [
              -66.98316192626953,
              44.903987884521484
            ],
            [
              -66.98319244384766,
              44.90419387817383
            ],
            [
              -66.98323059082031,
              44.90439224243164
            ],
            [
              -66.9832992553711,
              44.90458297729492
            ],
            [
              -66.9833984375,
              44.90476608276367
            ],
            [
              -66.9834976196289,
              44.904945373535156
            ],
            [
              -66.98360443115234,
              44.905120849609375
            ],
            [
              -66.98369598388672,
              44.90530014038086
            ],
            [
              -66.98379516601562,
              44.90548324584961
            ],
            [
              -66.98390197753906,
              44.90566635131836
            ],
            [
              -66.9839096069336,
              44.90586471557617
            ],
            [
              -66.98379516601562,
              44.90604019165039
            ],
            [
              -66.98367309570312,
              44.90620040893555
            ],
            [
              -66.98352813720703,
              44.906341552734375
            ],
            [
              -66.98338317871094,
              44.9064826965332
            ],
            [
              -66.98323822021484,
              44.9066276550293
            ],
            [
              -66.98309326171875,
              44.906776428222656
            ],
            [
              -66.98300170898438,
              44.90695571899414
            ],
            [
              -66.98294830322266,
              44.90715026855469
            ],
            [
              -66.98291015625,
              44.9073600769043
            ],
            [
              -66.98291015625,
              44.907554626464844
            ],
            [
              -66.98291015625,
              44.907752990722656
            ],
            [
              -66.98291015625,
              44.907962799072266
            ],
            [
              -66.98291015625,
              44.90816879272461
            ],
            [
              -66.98291778564453,
              44.90836715698242
            ],
            [
              -66.98294067382812,
              44.908565521240234
            ],
            [
              -66.98297119140625,
              44.90877151489258
            ],
            [
              -66.98307037353516,
              44.9089469909668
            ],
            [
              -66.98316192626953,
              44.90912628173828
            ],
            [
              -66.98326110839844,
              44.90930938720703
            ],
            [
              -66.98336029052734,
              44.909481048583984
            ],
            [
              -66.98345947265625,
              44.90965270996094
            ],
            [
              -66.98355865478516,
              44.90983581542969
            ],
            [
              -66.98365783691406,
              44.91001892089844
            ],
            [
              -66.98367309570312,
              44.91021728515625
            ],
            [
              -66.9836654663086,
              44.91041564941406
            ],
            [
              -66.98359680175781,
              44.91060256958008
            ],
            [
              -66.9834976196289,
              44.910770416259766
            ],
            [
              -66.98339080810547,
              44.91094970703125
            ],
            [
              -66.98329162597656,
              44.911128997802734
            ],
            [
              -66.98319244384766,
              44.91129684448242
            ],
            [
              -66.98319244384766,
              44.911495208740234
            ],
            [
              -66.98323059082031,
              44.91169357299805
            ],
            [
              -66.98329162597656,
              44.91188430786133
            ],
            [
              -66.9833755493164,
              44.91206741333008
            ],
            [
              -66.98345947265625,
              44.91224670410156
            ],
            [
              -66.9835433959961,
              44.91242980957031
            ],
            [
              -66.98363494873047,
              44.9126091003418
            ],
            [
              -66.98371887207031,
              44.91279220581055
            ],
            [
              -66.98380279541016,
              44.91297149658203
            ],
            [
              -66.98388671875,
              44.91315460205078
            ],
            [
              -66.9840087890625,
              44.913265228271484
            ],
            [
              -66.984130859375,
              44.91336441040039
            ],
            [
              -66.9842529296875,
              44.91346740722656
            ],
            [
              -66.984375,
              44.913578033447266
            ],
            [
              -66.9844970703125,
              44.91368865966797
            ],
            [
              -66.98462677001953,
              44.913787841796875
            ],
            [
              -66.98474884033203,
              44.91389083862305
            ],
            [
              -66.98487091064453,
              44.91400146484375
            ],
            [
              -66.98500061035156,
              44.91411209106445
            ],
            [
              -66.98512268066406,
              44.91421127319336
            ],
            [
              -66.98524475097656,
              44.91431427001953
            ],
            [
              -66.9853744506836,
              44.914424896240234
            ],
            [
              -66.98550415039062,
              44.91451644897461
            ],
            [
              -66.98564147949219,
              44.914608001708984
            ],
            [
              -66.98578643798828,
              44.91469955444336
            ],
            [
              -66.98592376708984,
              44.9147834777832
            ],
            [
              -66.98606872558594,
              44.91486740112305
            ],
            [
              -66.9862060546875,
              44.91495895385742
            ],
            [
              -66.98634338378906,
              44.91505432128906
            ],
            [
              -66.98648834228516,
              44.91513442993164
            ],
            [
              -66.98662567138672,
              44.915218353271484
            ],
            [
              -66.98677062988281,
              44.915313720703125
            ],
            [
              -66.98690795898438,
              44.9154052734375
            ],
            [
              -66.98705291748047,
              44.915496826171875
            ],
            [
              -66.98719024658203,
              44.91558074951172
            ],
            [
              -66.98733520507812,
              44.915672302246094
            ],
            [
              -66.98747253417969,
              44.91576385498047
            ],
            [
              -66.98760986328125,
              44.91586685180664
            ],
            [
              -66.98774719238281,
              44.915958404541016
            ],
            [
              -66.9878921508789,
              44.916053771972656
            ],
            [
              -66.98802947998047,
              44.91614532470703
            ],
            [
              -66.98816680908203,
              44.916236877441406
            ],
            [
              -66.9883041381836,
              44.91633987426758
            ],
            [
              -66.98844909667969,
              44.91643142700195
            ],
            [
              -66.98858642578125,
              44.916534423828125
            ],
            [
              -66.98873138427734,
              44.9166259765625
            ],
            [
              -66.9888687133789,
              44.916717529296875
            ],
            [
              -66.98900604248047,
              44.91680908203125
            ],
            [
              -66.98915100097656,
              44.91691207885742
            ],
            [
              -66.98928833007812,
              44.91701126098633
            ],
            [
              -66.98944091796875,
              44.91708755493164
            ],
            [
              -66.98960876464844,
              44.917118072509766
            ],
            [
              -66.98977661132812,
              44.917083740234375
            ],
            [
              -66.98994445800781,
              44.91704177856445
            ],
            [
              -66.9901123046875,
              44.91701126098633
            ],
            [
              -66.99028015136719,
              44.91695785522461
            ],
            [
              -66.99044799804688,
              44.91692352294922
            ],
            [
              -66.99061584472656,
              44.916873931884766
            ],
            [
              -66.99078369140625,
              44.916839599609375
            ],
            [
              -66.99095153808594,
              44.91679763793945
            ],
            [
              -66.99111938476562,
              44.91675567626953
            ],
            [
              -66.99128723144531,
              44.91671371459961
            ],
            [
              -66.991455078125,
              44.91667175292969
            ],
            [
              -66.99163055419922,
              44.91664123535156
            ],
            [
              -66.9917984008789,
              44.91659927368164
            ],
            [
              -66.9919662475586,
              44.91655731201172
            ],
            [
              -66.99214172363281,
              44.91655731201172
            ],
            [
              -66.99231719970703,
              44.91654586791992
            ],
            [
              -66.99249267578125,
              44.91654586791992
            ],
            [
              -66.99266815185547,
              44.91653060913086
            ],
            [
              -66.99284362792969,
              44.916526794433594
            ],
            [
              -66.99302673339844,
              44.91651916503906
            ],
            [
              -66.99320220947266,
              44.9165153503418
            ],
            [
              -66.99337768554688,
              44.916507720947266
            ],
            [
              -66.9935531616211,
              44.91650390625
            ],
            [
              -66.99372863769531,
              44.91649627685547
            ],
            [
              -66.99391174316406,
              44.916481018066406
            ],
            [
              -66.99408721923828,
              44.91648483276367
            ],
            [
              -66.9942626953125,
              44.91646957397461
            ],
            [
              -66.99444580078125,
              44.916473388671875
            ],
            [
              -66.99462127685547,
              44.91645812988281
            ],
            [
              -66.99480438232422,
              44.91645431518555
            ],
            [
              -66.99497985839844,
              44.916446685791016
            ],
            [
              -66.99515533447266,
              44.91644287109375
            ],
            [
              -66.9953384399414,
              44.91643524169922
            ],
            [
              -66.99552154541016,
              44.916439056396484
            ],
            [
              -66.99569702148438,
              44.91642379760742
            ],
            [
              -66.99588012695312,
              44.91642761230469
            ],
            [
              -66.99606323242188,
              44.916412353515625
            ],
            [
              -66.9962387084961,
              44.91641616821289
            ],
            [
              -66.99642181396484,
              44.91640090942383
            ],
            [
              -66.9966049194336,
              44.916404724121094
            ],
            [
              -66.99678802490234,
              44.91638946533203
            ],
            [
              -66.9969711303711,
              44.9163932800293
            ],
            [
              -66.99714660644531,
              44.916378021240234
            ],
            [
              -66.99732971191406,
              44.9163818359375
            ],
            [
              -66.99752044677734,
              44.91636657714844
            ],
            [
              -66.99768829345703,
              44.916404724121094
            ],
            [
              -66.99781036376953,
              44.916534423828125
            ],
            [
              -66.99783325195312,
              44.91671371459961
            ],
            [
              -66.99784851074219,
              44.916893005371094
            ],
            [
              -66.99786376953125,
              44.91707229614258
            ],
            [
              -66.99787902832031,
              44.91726303100586
            ],
            [
              -66.99789428710938,
              44.91745376586914
            ],
            [
              -66.99790954589844,
              44.917633056640625
            ],
            [
              -66.99793243408203,
              44.91781234741211
            ],
            [
              -66.9979476928711,
              44.91800308227539
            ],
            [
              -66.99796295166016,
              44.918190002441406
            ],
            [
              -66.9980239868164,
              44.918365478515625
            ],
            [
              -66.99813842773438,
              44.918338775634766
            ],
            [
              -66.998291015625,
              44.9182243347168
            ],
            [
              -66.9984359741211,
              44.91810989379883
            ],
            [
              -66.99858093261719,
              44.91799545288086
            ],
            [
              -66.99873352050781,
              44.91788101196289
            ],
            [
              -66.9988784790039,
              44.91775894165039
            ],
            [
              -66.9990234375,
              44.91765213012695
            ],
            [
              -66.99917602539062,
              44.91753005981445
            ],
            [
              -66.99932098388672,
              44.917415618896484
            ],
            [
              -66.99947357177734,
              44.917301177978516
            ],
            [
              -66.99961853027344,
              44.91717529296875
            ],
            [
              -66.99978637695312,
              44.91709899902344
            ],
            [
              -66.99996948242188,
              44.917057037353516
            ],
            [
              -67.00016021728516,
              44.91704177856445
            ],
            [
              -67.00035095214844,
              44.91702651977539
            ],
            [
              -67.00053405761719,
              44.917030334472656
            ],
            [
              -67.000732421875,
              44.917015075683594
            ],
            [
              -67.00092315673828,
              44.91701889038086
            ],
            [
              -67.00111389160156,
              44.9170036315918
            ],
            [
              -67.00130462646484,
              44.91699981689453
            ],
            [
              -67.00149536132812,
              44.9169921875
            ],
            [
              -67.0016860961914,
              44.916988372802734
            ],
            [
              -67.00187683105469,
              44.9169807434082
            ],
            [
              -67.00206756591797,
              44.91697692871094
            ],
            [
              -67.00226593017578,
              44.916969299316406
            ],
            [
              -67.00245666503906,
              44.91695785522461
            ],
            [
              -67.00264739990234,
              44.91695785522461
            ],
            [
              -67.00263977050781,
              44.91714096069336
            ],
            [
              -67.00262451171875,
              44.917327880859375
            ],
            [
              -67.0025863647461,
              44.91751480102539
            ],
            [
              -67.00255584716797,
              44.9177131652832
            ],
            [
              -67.00252532958984,
              44.917903900146484
            ],
            [
              -67.00248718261719,
              44.9180908203125
            ],
            [
              -67.00245666503906,
              44.91828918457031
            ],
            [
              -67.0024185180664,
              44.91847610473633
            ],
            [
              -67.00226593017578,
              44.918601989746094
            ],
            [
              -67.00211334228516,
              44.9187126159668
            ],
            [
              -67.00193786621094,
              44.918800354003906
            ],
            [
              -67.00176239013672,
              44.91889572143555
            ],
            [
              -67.0015869140625,
              44.91899490356445
            ],
            [
              -67.00141143798828,
              44.9190788269043
            ],
            [
              -67.00123596191406,
              44.919166564941406
            ],
            [
              -67.00106048583984,
              44.919254302978516
            ],
            [
              -67.00088500976562,
              44.919349670410156
            ],
            [
              -67.0007095336914,
              44.9194450378418
            ],
            [
              -67.00068664550781,
              44.91961669921875
            ],
            [
              -67.0008773803711,
              44.919681549072266
            ],
            [
              -67.00106048583984,
              44.91973876953125
            ],
            [
              -67.00125885009766,
              44.919795989990234
            ],
            [
              -67.0014419555664,
              44.919864654541016
            ],
            [
              -67.00163269042969,
              44.91992950439453
            ],
            [
              -67.00182342529297,
              44.919986724853516
            ],
            [
              -67.00201416015625,
              44.9200439453125
            ],
            [
              -67.00220489501953,
              44.92011260986328
            ],
            [
              -67.00240325927734,
              44.9201774597168
            ],
            [
              -67.00259399414062,
              44.92023468017578
            ],
            [
              -67.0027847290039,
              44.92030334472656
            ],
            [
              -67.00297546386719,
              44.92036819458008
            ],
            [
              -67.00316619873047,
              44.92042541503906
            ],
            [
              -67.00336456298828,
              44.92048263549805
            ],
            [
              -67.00355529785156,
              44.92054748535156
            ],
            [
              -67.00374603271484,
              44.920616149902344
            ],
            [
              -67.00394439697266,
              44.92067337036133
            ],
            [
              -67.0041275024414,
              44.9207649230957
            ],
            [
              -67.00431060791016,
              44.920860290527344
            ],
            [
              -67.00447082519531,
              44.92097091674805
            ],
            [
              -67.00463104248047,
              44.92110061645508
            ],
            [
              -67.00479888916016,
              44.921226501464844
            ],
            [
              -67.00495910644531,
              44.921356201171875
            ],
            [
              -67.00511932373047,
              44.921485900878906
            ],
            [
              -67.00527954101562,
              44.92161560058594
            ],
            [
              -67.00543975830078,
              44.9217414855957
            ],
            [
              -67.00559997558594,
              44.921871185302734
            ],
            [
              -67.00576782226562,
              44.922000885009766
            ],
            [
              -67.00592803955078,
              44.9221305847168
            ],
            [
              -67.00608825683594,
              44.92226028442383
            ],
            [
              -67.00625610351562,
              44.922386169433594
            ],
            [
              -67.00641632080078,
              44.922515869140625
            ],
            [
              -67.00658416748047,
              44.92262649536133
            ],
            [
              -67.00677490234375,
              44.9227294921875
            ],
            [
              -67.0069580078125,
              44.922813415527344
            ],
            [
              -67.00716400146484,
              44.92287063598633
            ],
            [
              -67.00736236572266,
              44.92292785644531
            ],
            [
              -67.007568359375,
              44.9229850769043
            ],
            [
              -67.00776672363281,
              44.92304611206055
            ],
            [
              -67.00797271728516,
              44.92310333251953
            ],
            [
              -67.00817108154297,
              44.923160552978516
            ],
            [
              -67.00837707519531,
              44.9232177734375
            ],
            [
              -67.00858306884766,
              44.923274993896484
            ],
            [
              -67.00878143310547,
              44.92333221435547
            ],
            [
              -67.00898742675781,
              44.92338943481445
            ],
            [
              -67.00919342041016,
              44.92344665527344
            ],
            [
              -67.0093994140625,
              44.92350387573242
            ],
            [
              -67.00960540771484,
              44.923561096191406
            ],
            [
              -67.00980377197266,
              44.92361831665039
            ],
            [
              -67.010009765625,
              44.92367935180664
            ],
            [
              -67.01021575927734,
              44.923736572265625
            ],
            [
              -67.01042175292969,
              44.92379379272461
            ],
            [
              -67.01062774658203,
              44.923858642578125
            ],
            [
              -67.0108413696289,
              44.92391586303711
            ],
            [
              -67.01103973388672,
              44.92398452758789
            ],
            [
              -67.01124572753906,
              44.924041748046875
            ],
            [
              -67.0114517211914,
              44.92410659790039
            ],
            [
              -67.01166534423828,
              44.92417526245117
            ],
            [
              -67.01187133789062,
              44.924232482910156
            ],
            [
              -67.01207733154297,
              44.92429733276367
            ],
            [
              -67.01228332519531,
              44.92436599731445
            ],
            [
              -67.01248931884766,
              44.92442321777344
            ],
            [
              -67.01270294189453,
              44.92448806762695
            ],
            [
              -67.01290893554688,
              44.924556732177734
            ],
            [
              -67.01311492919922,
              44.92461395263672
            ],
            [
              -67.0133285522461,
              44.924678802490234
            ],
            [
              -67.01353454589844,
              44.924747467041016
            ],
            [
              -67.01374053955078,
              44.9248046875
            ],
            [
              -67.0138931274414,
              44.92496871948242
            ],
            [
              -67.01404571533203,
              44.92512512207031
            ],
            [
              -67.0141830444336,
              44.925296783447266
            ],
            [
              -67.0143051147461,
              44.925479888916016
            ],
            [
              -67.01441955566406,
              44.9256706237793
            ],
            [
              -67.0145492553711,
              44.92585372924805
            ],
            [
              -67.0146713256836,
              44.92604446411133
            ],
            [
              -67.0147933959961,
              44.92622756958008
            ],
            [
              -67.0149154663086,
              44.92641067504883
            ],
            [
              -67.01502990722656,
              44.92658996582031
            ],
            [
              -67.01513671875,
              44.92679214477539
            ],
            [
              -67.01524353027344,
              44.9269905090332
            ],
            [
              -67.01535034179688,
              44.927181243896484
            ],
            [
              -67.01545715332031,
              44.92738342285156
            ],
            [
              -67.01556396484375,
              44.927574157714844
            ],
            [
              -67.01567077636719,
              44.927772521972656
            ],
            [
              -67.01577758789062,
              44.927974700927734
            ],
            [
              -67.01588439941406,
              44.92817306518555
            ],
            [
              -67.01599884033203,
              44.92837142944336
            ],
            [
              -67.01606750488281,
              44.92857360839844
            ],
            [
              -67.0160140991211,
              44.92878723144531
            ],
            [
              -67.01593780517578,
              44.92900085449219
            ],
            [
              -67.0157699584961,
              44.92915344238281
            ],
            [
              -67.01560974121094,
              44.92930221557617
            ],
            [
              -67.01544189453125,
              44.92946243286133
            ],
            [
              -67.01527404785156,
              44.92961120605469
            ],
            [
              -67.01510620117188,
              44.92975997924805
            ],
            [
              -67.01493835449219,
              44.9299201965332
            ],
            [
              -67.0147705078125,
              44.93008041381836
            ],
            [
              -67.01460266113281,
              44.930240631103516
            ],
            [
              -67.01443481445312,
              44.930389404296875
            ],
            [
              -67.01426696777344,
              44.930538177490234
            ],
            [
              -67.01409912109375,
              44.93069839477539
            ],
            [
              -67.01393127441406,
              44.93085861206055
            ],
            [
              -67.01375579833984,
              44.93101501464844
            ],
            [
              -67.01358795166016,
              44.931175231933594
            ],
            [
              -67.01342010498047,
              44.93133544921875
            ],
            [
              -67.01325225830078,
              44.93149185180664
            ],
            [
              -67.0130844116211,
              44.9316520690918
            ],
            [
              -67.0129165649414,
              44.93181228637695
            ],
            [
              -67.01274871826172,
              44.93197250366211
            ],
            [
              -67.01258087158203,
              44.93212890625
            ],
            [
              -67.01240539550781,
              44.932289123535156
            ],
            [
              -67.01223754882812,
              44.93244934082031
            ],
            [
              -67.01206970214844,
              44.9326057434082
            ],
            [
              -67.01190185546875,
              44.93276596069336
            ],
            [
              -67.01172637939453,
              44.932926177978516
            ],
            [
              -67.01156616210938,
              44.933101654052734
            ],
            [
              -67.01145935058594,
              44.93330764770508
            ],
            [
              -67.0113525390625,
              44.93351364135742
            ],
            [
              -67.01126098632812,
              44.9337272644043
            ],
            [
              -67.01116943359375,
              44.93395233154297
            ],
            [
              -67.01107788085938,
              44.934173583984375
            ],
            [
              -67.010986328125,
              44.93438720703125
            ],
            [
              -67.01089477539062,
              44.93460464477539
            ],
            [
              -67.01081085205078,
              44.9348258972168
            ],
            [
              -67.01090240478516,
              44.935054779052734
            ],
            [
              -67.010986328125,
              44.935272216796875
            ],
            [
              -67.01114654541016,
              44.93544387817383
            ],
            [
              -67.01131439208984,
              44.935611724853516
            ],
            [
              -67.01148986816406,
              44.93576431274414
            ],
            [
              -67.01166534423828,
              44.93593215942383
            ],
            [
              -67.0118408203125,
              44.93609619140625
            ],
            [
              -67.01203155517578,
              44.93624496459961
            ],
            [
              -67.01223754882812,
              44.936363220214844
            ],
            [
              -67.012451171875,
              44.936485290527344
            ],
            [
              -67.01268005371094,
              44.936561584472656
            ],
            [
              -67.01290893554688,
              44.93661880493164
            ],
            [
              -67.01314544677734,
              44.936676025390625
            ],
            [
              -67.01338195800781,
              44.936737060546875
            ],
            [
              -67.01361846923828,
              44.93679428100586
            ],
            [
              -67.01385498046875,
              44.93684387207031
            ],
            [
              -67.01409149169922,
              44.9369010925293
            ],
            [
              -67.01432800292969,
              44.93695831298828
            ],
            [
              -67.01457214355469,
              44.936988830566406
            ],
            [
              -67.01481628417969,
              44.93699264526367
            ],
            [
              -67.01506042480469,
              44.936988830566406
            ],
            [
              -67.01530456542969,
              44.93696594238281
            ],
            [
              -67.01554107666016,
              44.93692398071289
            ],
            [
              -67.01578521728516,
              44.936885833740234
            ],
            [
              -67.01602935791016,
              44.936851501464844
            ],
            [
              -67.01627349853516,
              44.93682098388672
            ],
            [
              -67.01651763916016,
              44.936771392822266
            ],
            [
              -67.01676177978516,
              44.93674087524414
            ],
            [
              -67.01700592041016,
              44.93670654296875
            ],
            [
              -67.01725769042969,
              44.936676025390625
            ],
            [
              -67.01750183105469,
              44.93666458129883
            ],
            [
              -67.01775360107422,
              44.936668395996094
            ],
            [
              -67.01799774169922,
              44.93666076660156
            ],
            [
              -67.01824951171875,
              44.936676025390625
            ],
            [
              -67.01850128173828,
              44.93667984008789
            ],
            [
              -67.01875305175781,
              44.936683654785156
            ],
            [
              -67.01899719238281,
              44.93668746948242
            ],
            [
              -67.01924896240234,
              44.93669128417969
            ],
            [
              -67.01950073242188,
              44.93670654296875
            ],
            [
              -67.0197525024414,
              44.936710357666016
            ],
            [
              -67.02000427246094,
              44.93672561645508
            ],
            [
              -67.02025604248047,
              44.936729431152344
            ],
            [
              -67.0205078125,
              44.93673324584961
            ],
            [
              -67.02075958251953,
              44.936737060546875
            ],
            [
              -67.02101135253906,
              44.936805725097656
            ],
            [
              -67.02125549316406,
              44.93687057495117
            ],
            [
              -67.02149963378906,
              44.936946868896484
            ],
            [
              -67.021728515625,
              44.93706130981445
            ],
            [
              -67.02195739746094,
              44.937164306640625
            ],
            [
              -67.02218627929688,
              44.9372673034668
            ],
            [
              -67.02242279052734,
              44.9373779296875
            ],
            [
              -67.02265167236328,
              44.9374885559082
            ],
            [
              -67.02288055419922,
              44.93760299682617
            ],
            [
              -67.02311706542969,
              44.937713623046875
            ],
            [
              -67.02334594726562,
              44.937828063964844
            ],
            [
              -67.0235824584961,
              44.937931060791016
            ],
            [
              -67.02381134033203,
              44.93804168701172
            ],
            [
              -67.0240478515625,
              44.93815231323242
            ],
            [
              -67.02427673339844,
              44.938255310058594
            ],
            [
              -67.0245132446289,
              44.93836975097656
            ],
            [
              -67.02474975585938,
              44.938480377197266
            ],
            [
              -67.02499389648438,
              44.93855667114258
            ],
            [
              -67.02525329589844,
              44.93857955932617
            ],
            [
              -67.0255126953125,
              44.938602447509766
            ],
            [
              -67.02577209472656,
              44.9385986328125
            ],
            [
              -67.02603149414062,
              44.93858337402344
            ],
            [
              -67.02629089355469,
              44.938560485839844
            ],
            [
              -67.02655792236328,
              44.93854904174805
            ],
            [
              -67.02681732177734,
              44.938533782958984
            ],
            [
              -67.0270767211914,
              44.93852233886719
            ],
            [
              -67.02734375,
              44.938507080078125
            ],
            [
              -67.02760314941406,
              44.93849563598633
            ],
            [
              -67.02787017822266,
              44.938480377197266
            ],
            [
              -67.02812957763672,
              44.93848419189453
            ],
            [
              -67.02839660644531,
              44.938499450683594
            ],
            [
              -67.0286636352539,
              44.93851089477539
            ],
            [
              -67.02892303466797,
              44.938533782958984
            ],
            [
              -67.02919006347656,
              44.93854904174805
            ],
            [
              -67.02945709228516,
              44.938560485839844
            ],
            [
              -67.02972412109375,
              44.93858337402344
            ],
            [
              -67.02999114990234,
              44.93860626220703
            ],
            [
              -67.03025817871094,
              44.938621520996094
            ],
            [
              -67.030517578125,
              44.93865203857422
            ],
            [
              -67.03077697753906,
              44.938720703125
            ],
            [
              -67.03104400634766,
              44.93878936767578
            ],
            [
              -67.03128814697266,
              44.938880920410156
            ],
            [
              -67.03152465820312,
              44.93901062011719
            ],
            [
              -67.03175354003906,
              44.939151763916016
            ],
            [
              -67.03199005126953,
              44.93928909301758
            ],
            [
              -67.03221893310547,
              44.93941879272461
            ],
            [
              -67.03245544433594,
              44.93955993652344
            ],
            [
              -67.0326919555664,
              44.939697265625
            ],
            [
              -67.03292846679688,
              44.93982696533203
            ],
            [
              -67.03315734863281,
              44.93997573852539
            ],
            [
              -67.03337860107422,
              44.94012451171875
            ],
            [
              -67.03353118896484,
              44.94034194946289
            ],
            [
              -67.03369140625,
              44.94057846069336
            ],
            [
              -67.0337142944336,
              44.94082260131836
            ],
            [
              -67.03366088867188,
              44.94109344482422
            ],
            [
              -67.03360748291016,
              44.94136047363281
            ],
            [
              -67.03355407714844,
              44.94163131713867
            ],
            [
              -67.03350067138672,
              44.941898345947266
            ],
            [
              -67.033447265625,
              44.942169189453125
            ],
            [
              -67.03339385986328,
              44.942447662353516
            ],
            [
              -67.03334045410156,
              44.94271469116211
            ],
            [
              -67.03327941894531,
              44.94298553466797
            ],
            [
              -67.03324890136719,
              44.94325637817383
            ],
            [
              -67.03327941894531,
              44.94352340698242
            ],
            [
              -67.03331756591797,
              44.94380569458008
            ],
            [
              -67.03353881835938,
              44.94389724731445
            ],
            [
              -67.0338134765625,
              44.943931579589844
            ],
            [
              -67.03408813476562,
              44.9439697265625
            ],
            [
              -67.03436279296875,
              44.94401168823242
            ],
            [
              -67.0346450805664,
              44.944053649902344
            ],
            [
              -67.03491973876953,
              44.94408416748047
            ],
            [
              -67.03520202636719,
              44.944114685058594
            ],
            [
              -67.03547668457031,
              44.944156646728516
            ],
            [
              -67.03575897216797,
              44.94419860839844
            ],
            [
              -67.0360336303711,
              44.94424057006836
            ],
            [
              -67.03631591796875,
              44.944271087646484
            ],
            [
              -67.0365982055664,
              44.944313049316406
            ],
            [
              -67.03687286376953,
              44.94435119628906
            ],
            [
              -67.03697967529297,
              44.94461441040039
            ],
            [
              -67.0370864868164,
              44.94487762451172
            ],
            [
              -67.03718566894531,
              44.94514083862305
            ],
            [
              -67.0372543334961,
              44.94541931152344
            ],
            [
              -67.0373306274414,
              44.945701599121094
            ],
            [
              -67.03739929199219,
              44.94597244262695
            ],
            [
              -67.03746795654297,
              44.94624328613281
            ],
            [
              -67.03754425048828,
              44.946533203125
            ],
            [
              -67.03761291503906,
              44.94680404663086
            ],
            [
              -67.03768157958984,
              44.947086334228516
            ],
            [
              -67.03775787353516,
              44.947364807128906
            ],
            [
              -67.03782653808594,
              44.947635650634766
            ],
            [
              -67.03789520263672,
              44.94792556762695
            ],
            [
              -67.03795623779297,
              44.948204040527344
            ],
            [
              -67.03801727294922,
              44.948486328125
            ],
            [
              -67.03807067871094,
              44.94877624511719
            ],
            [
              -67.03802490234375,
              44.94906234741211
            ],
            [
              -67.0379867553711,
              44.94934844970703
            ],
            [
              -67.0379409790039,
              44.94963836669922
            ],
            [
              -67.03790283203125,
              44.94992446899414
            ],
            [
              -67.03785705566406,
              44.95021057128906
            ],
            [
              -67.03781127929688,
              44.95050048828125
            ],
            [
              -67.03778839111328,
              44.95078659057617
            ],
            [
              -67.03777313232422,
              44.95108413696289
            ],
            [
              -67.03776550292969,
              44.95138168334961
            ],
            [
              -67.03777313232422,
              44.95166778564453
            ],
            [
              -67.03785705566406,
              44.95195007324219
            ],
            [
              -67.03793334960938,
              44.95222854614258
            ],
            [
              -67.03800964355469,
              44.952518463134766
            ],
            [
              -67.03809356689453,
              44.95280838012695
            ],
            [
              -67.03816986083984,
              44.953086853027344
            ],
            [
              -67.03825378417969,
              44.953369140625
            ],
            [
              -67.03829956054688,
              44.95366668701172
            ],
            [
              -67.03833770751953,
              44.95396423339844
            ],
            [
              -67.03837585449219,
              44.954254150390625
            ],
            [
              -67.03841400146484,
              44.954551696777344
            ],
            [
              -67.03844451904297,
              44.95484924316406
            ],
            [
              -67.03848266601562,
              44.95514678955078
            ],
            [
              -67.03851318359375,
              44.9554443359375
            ],
            [
              -67.03860473632812,
              44.95571517944336
            ],
            [
              -67.03870391845703,
              44.95600509643555
            ],
            [
              -67.03880310058594,
              44.95631408691406
            ],
            [
              -67.03890228271484,
              44.95663833618164
            ],
            [
              -67.03901672363281,
              44.956966400146484
            ],
            [
              -67.03914642333984,
              44.95730972290039
            ],
            [
              -67.03932189941406,
              44.9576530456543
            ],
            [
              -67.03953552246094,
              44.95800018310547
            ],
            [
              -67.03976440429688,
              44.95835494995117
            ],
            [
              -67.0400619506836,
              44.958683013916016
            ],
            [
              -67.04037475585938,
              44.959022521972656
            ],
            [
              -67.04071044921875,
              44.959381103515625
            ],
            [
              -67.04108428955078,
              44.959720611572266
            ],
            [
              -67.04148864746094,
              44.96006774902344
            ],
            [
              -67.04196166992188,
              44.96035385131836
            ],
            [
              -67.04247283935547,
              44.96064376831055
            ],
            [
              -67.04299926757812,
              44.96095657348633
            ],
            [
              -67.04351806640625,
              44.961326599121094
            ],
            [
              -67.04393768310547,
              44.96183776855469
            ],
            [
              -67.0443115234375,
              44.962440490722656
            ],
            [
              -67.04473114013672,
              44.96303939819336
            ],
            [
              -67.04532623291016,
              44.96352005004883
            ],
            [
              -67.04602813720703,
              44.963890075683594
            ],
            [
              -67.0468521118164,
              44.96408462524414
            ],
            [
              -67.04768371582031,
              44.964385986328125
            ],
            [
              -67.04854583740234,
              44.964725494384766
            ],
            [
              -67.04942321777344,
              44.965118408203125
            ],
            [
              -67.05046844482422,
              44.96525192260742
            ],
            [
              -67.05160522460938,
              44.965049743652344
            ],
            [
              -67.05274963378906,
              44.96456527709961
            ],
            [
              -67.05414581298828,
              44.96466064453125
            ],
            [
              -67.05561065673828,
              44.965152740478516
            ],
            [
              -67.0570297241211,
              44.966087341308594
            ],
            [
              -67.05807495117188,
              44.96759033203125
            ],
            [
              -67.05797576904297,
              44.96958541870117
            ],
            [
              -67.05681610107422,
              44.97151184082031
            ],
            [
              -67.05469512939453,
              44.97280502319336
            ],
            [
              -67.0521240234375,
              44.97368240356445
            ],
            [
              -67.05035400390625,
              44.97612380981445
            ],
            [
              -67.05048370361328,
              44.979366302490234
            ],
            [
              -67.05216979980469,
              44.98264694213867
            ],
            [
              -67.05415344238281,
              44.98617935180664
            ],
            [
              -67.0572280883789,
              44.9893913269043
            ],
            [
              -67.0613021850586,
              44.99216079711914
            ],
            [
              -67.06362915039062,
              44.996578216552734
            ],
            [
              -67.06676483154297,
              45.000465393066406
            ],
            [
              -67.069580078125,
              45.004600524902344
            ],
            [
              -67.07222747802734,
              45.00880432128906
            ],
            [
              -67.0738525390625,
              45.013431549072266
            ],
            [
              -67.07624053955078,
              45.01766586303711
            ],
            [
              -67.07699584960938,
              45.02225875854492
            ],
            [
              -67.07965850830078,
              45.0265007019043
            ],
            [
              -67.08281707763672,
              45.03034210205078
            ],
            [
              -67.08684539794922,
              45.03330993652344
            ],
            [
              -67.0915298461914,
              45.034603118896484
            ],
            [
              -67.09644317626953,
              45.033748626708984
            ],
            [
              -67.10142517089844,
              45.03350830078125
            ],
            [
              -67.1021957397461,
              45.03643798828125
            ],
            [
              -67.09742736816406,
              45.03781509399414
            ],
            [
              -67.09752655029297,
              45.04143524169922
            ],
            [
              -67.10063171386719,
              45.04536819458008
            ],
            [
              -67.10420227050781,
              45.04875946044922
            ],
            [
              -67.10836791992188,
              45.05144500732422
            ],
            [
              -67.11156463623047,
              45.0552978515625
            ],
            [
              -67.11296844482422,
              45.0591926574707
            ],
            [
              -67.1087646484375,
              45.06167984008789
            ],
            [
              -67.10521697998047,
              45.06498718261719
            ],
            [
              -67.10505676269531,
              45.06995391845703
            ],
            [
              -67.10498046875,
              45.074920654296875
            ],
            [
              -67.1066665649414,
              45.079593658447266
            ],
            [
              -67.10892486572266,
              45.08405303955078
            ],
            [
              -67.11080932617188,
              45.08868408203125
            ],
            [
              -67.11441802978516,
              45.09197235107422
            ],
            [
              -67.11775970458984,
              45.09526062011719
            ],
            [
              -67.11840057373047,
              45.09952163696289
            ],
            [
              -67.12224578857422,
              45.10271453857422
            ],
            [
              -67.12694549560547,
              45.104251861572266
            ],
            [
              -67.13091278076172,
              45.105430603027344
            ],
            [
              -67.13175964355469,
              45.10969543457031
            ],
            [
              -67.1358642578125,
              45.11246109008789
            ],
            [
              -67.13818359375,
              45.11656951904297
            ],
            [
              -67.14253234863281,
              45.11894607543945
            ],
            [
              -67.14530944824219,
              45.12309646606445
            ],
            [
              -67.14478302001953,
              45.126991271972656
            ],
            [
              -67.14839935302734,
              45.130218505859375
            ],
            [
              -67.15080261230469,
              45.134578704833984
            ],
            [
              -67.1520767211914,
              45.139408111572266
            ],
            [
              -67.15440368652344,
              45.14362335205078
            ],
            [
              -67.15533447265625,
              45.14851760864258
            ],
            [
              -67.15774536132812,
              45.15285873413086
            ],
            [
              -67.160888671875,
              45.156742095947266
            ],
            [
              -67.1652603149414,
              45.15884780883789
            ],
            [
              -67.17020416259766,
              45.15923309326172
            ],
            [
              -67.17520904541016,
              45.15924072265625
            ],
            [
              -67.18016052246094,
              45.15989685058594
            ],
            [
              -67.1849594116211,
              45.16127014160156
            ],
            [
              -67.1895980834961,
              45.16279220581055
            ],
            [
              -67.1943588256836,
              45.16422653198242
            ],
            [
              -67.19930267333984,
              45.16488265991211
            ],
            [
              -67.20401763916016,
              45.166465759277344
            ],
            [
              -67.20713806152344,
              45.16976547241211
            ],
            [
              -67.20459747314453,
              45.1732292175293
            ],
            [
              -67.19970703125,
              45.17223358154297
            ],
            [
              -67.1950454711914,
              45.170413970947266
            ],
            [
              -67.19023895263672,
              45.16907501220703
            ],
            [
              -67.18534851074219,
              45.168006896972656
            ],
            [
              -67.1803970336914,
              45.16734313964844
            ],
            [
              -67.1754379272461,
              45.166770935058594
            ],
            [
              -67.17047119140625,
              45.16728591918945
            ],
            [
              -67.16583251953125,
              45.16911697387695
            ],
            [
              -67.16107177734375,
              45.169456481933594
            ],
            [
              -67.16010284423828,
              45.173606872558594
            ],
            [
              -67.16313171386719,
              45.1771240234375
            ],
            [
              -67.16796112060547,
              45.17799377441406
            ],
            [
              -67.1724624633789,
              45.180152893066406
            ],
            [
              -67.17726135253906,
              45.18154525756836
            ],
            [
              -67.18211364746094,
              45.18275451660156
            ],
            [
              -67.18693542480469,
              45.18408203125
            ],
            [
              -67.1916732788086,
              45.18566131591797
            ],
            [
              -67.19337463378906,
              45.188819885253906
            ],
            [
              -67.18843078613281,
              45.1894645690918
            ],
            [
              -67.18345642089844,
              45.18965530395508
            ],
            [
              -67.1808090209961,
              45.19287872314453
            ],
            [
              -67.1829605102539,
              45.19735336303711
            ],
            [
              -67.18138885498047,
              45.20191955566406
            ],
            [
              -67.18183135986328,
              45.20655059814453
            ],
            [
              -67.18473815917969,
              45.21041488647461
            ],
            [
              -67.18915557861328,
              45.212501525878906
            ],
            [
              -67.19231414794922,
              45.215702056884766
            ],
            [
              -67.19003295898438,
              45.219879150390625
            ],
            [
              -67.18742370605469,
              45.22408676147461
            ],
            [
              -67.18438720703125,
              45.227996826171875
            ],
            [
              -67.1797866821289,
              45.22740173339844
            ],
            [
              -67.17533874511719,
              45.225135803222656
            ],
            [
              -67.17074584960938,
              45.223262786865234
            ],
            [
              -67.1675033569336,
              45.219581604003906
            ],
            [
              -67.16419982910156,
              45.215919494628906
            ],
            [
              -67.16275024414062,
              45.211143493652344
            ],
            [
              -67.16077423095703,
              45.20655822753906
            ],
            [
              -67.15933227539062,
              45.2017822265625
            ],
            [
              -67.15841674804688,
              45.196868896484375
            ],
            [
              -67.15723419189453,
              45.19202423095703
            ],
            [
              -67.15506744384766,
              45.18752670288086
            ],
            [
              -67.1523208618164,
              45.183349609375
            ],
            [
              -67.14835357666016,
              45.18032455444336
            ],
            [
              -67.1441421508789,
              45.177860260009766
            ],
            [
              -67.1418228149414,
              45.173465728759766
            ],
            [
              -67.13865661621094,
              45.16965103149414
            ],
            [
              -67.1380844116211,
              45.16474533081055
            ],
            [
              -67.13844299316406,
              45.15977478027344
            ],
            [
              -67.13751220703125,
              45.15496063232422
            ],
            [
              -67.13508605957031,
              45.15058135986328
            ],
            [
              -67.13278198242188,
              45.14615249633789
            ],
            [
              -67.1304931640625,
              45.1417121887207
            ],
            [
              -67.12669372558594,
              45.138580322265625
            ],
            [
              -67.1220703125,
              45.13668441772461
            ],
            [
              -67.11784362792969,
              45.13405227661133
            ],
            [
              -67.1153793334961,
              45.130130767822266
            ],
            [
              -67.11502075195312,
              45.12570571899414
            ],
            [
              -67.11036682128906,
              45.124305725097656
            ],
            [
              -67.10552978515625,
              45.123252868652344
            ],
            [
              -67.10460662841797,
              45.11911392211914
            ],
            [
              -67.10244750976562,
              45.11473846435547
            ],
            [
              -67.10057830810547,
              45.110107421875
            ],
            [
              -67.09807586669922,
              45.10577392578125
            ],
            [
              -67.0966796875,
              45.101139068603516
            ],
            [
              -67.09457397460938,
              45.096839904785156
            ],
            [
              -67.09070587158203,
              45.09367752075195
            ],
            [
              -67.08694458007812,
              45.09044647216797
            ],
            [
              -67.08343505859375,
              45.08692932128906
            ],
            [
              -67.08224487304688,
              45.08307647705078
            ],
            [
              -67.08309936523438,
              45.07857131958008
            ],
            [
              -67.07917785644531,
              45.075767517089844
            ],
            [
              -67.07420349121094,
              45.07598114013672
            ],
            [
              -67.06944274902344,
              45.077423095703125
            ],
            [
              -67.06453704833984,
              45.077430725097656
            ],
            [
              -67.05967712402344,
              45.076229095458984
            ],
            [
              -67.05512237548828,
              45.07424545288086
            ],
            [
              -67.0507583618164,
              45.07179260253906
            ],
            [
              -67.04681396484375,
              45.06871032714844
            ],
            [
              -67.04203796386719,
              45.068115234375
            ],
            [
              -67.0371322631836,
              45.06878662109375
            ],
            [
              -67.03623962402344,
              45.07342529296875
            ],
            [
              -67.03826904296875,
              45.077972412109375
            ],
            [
              -67.04035949707031,
              45.0825080871582
            ],
            [
              -67.04422760009766,
              45.0853385925293
            ],
            [
              -67.04730987548828,
              45.0890998840332
            ],
            [
              -67.05123138427734,
              45.09218215942383
            ],
            [
              -67.05369567871094,
              45.09640121459961
            ],
            [
              -67.05731964111328,
              45.09921646118164
            ],
            [
              -67.06097412109375,
              45.10251998901367
            ],
            [
              -67.06361389160156,
              45.10623550415039
            ],
            [
              -67.06248474121094,
              45.11077117919922
            ],
            [
              -67.06086730957031,
              45.114524841308594
            ],
            [
              -67.06267547607422,
              45.11909484863281
            ],
            [
              -67.06412506103516,
              45.12388229370117
            ],
            [
              -67.06333923339844,
              45.127601623535156
            ],
            [
              -67.05882263183594,
              45.12572479248047
            ],
            [
              -67.05451965332031,
              45.12434005737305
            ],
            [
              -67.05014038085938,
              45.12437057495117
            ],
            [
              -67.05091857910156,
              45.127777099609375
            ],
            [
              -67.05054473876953,
              45.130958557128906
            ],
            [
              -67.04563903808594,
              45.13124465942383
            ],
            [
              -67.04075622558594,
              45.131187438964844
            ],
            [
              -67.03772735595703,
              45.12763214111328
            ],
            [
              -67.03387451171875,
              45.125282287597656
            ],
            [
              -67.03080749511719,
              45.12848663330078
            ],
            [
              -67.03174591064453,
              45.13329315185547
            ],
            [
              -67.0322036743164,
              45.138221740722656
            ],
            [
              -67.03260040283203,
              45.14320755004883
            ],
            [
              -67.0350112915039,
              45.14718246459961
            ],
            [
              -67.03995513916016,
              45.147708892822266
            ],
            [
              -67.04283142089844,
              45.15105438232422
            ],
            [
              -67.04206085205078,
              45.154720306396484
            ],
            [
              -67.03730773925781,
              45.15319061279297
            ],
            [
              -67.03234100341797,
              45.153053283691406
            ],
            [
              -67.03221130371094,
              45.15724563598633
            ],
            [
              -67.0335464477539,
              45.16205596923828
            ],
            [
              -67.03445434570312,
              45.16695022583008
            ],
            [
              -67.03022766113281,
              45.16840744018555
            ],
            [
              -67.02542877197266,
              45.16720962524414
            ],
            [
              -67.0208740234375,
              45.165130615234375
            ],
            [
              -67.01673889160156,
              45.16239547729492
            ],
            [
              -67.01314544677734,
              45.158912658691406
            ],
            [
              -67.01026916503906,
              45.15498352050781
            ],
            [
              -67.00679016113281,
              45.15139389038086
            ],
            [
              -67.00432586669922,
              45.147117614746094
            ],
            [
              -67.0018310546875,
              45.14877700805664
            ],
            [
              -66.99828338623047,
              45.14987564086914
            ],
            [
              -66.99466705322266,
              45.14937973022461
            ],
            [
              -66.99090576171875,
              45.14613723754883
            ],
            [
              -66.98615264892578,
              45.14559555053711
            ],
            [
              -66.98278045654297,
              45.148956298828125
            ],
            [
              -66.98241424560547,
              45.1514778137207
            ],
            [
              -66.98245239257812,
              45.153907775878906
            ],
            [
              -66.98283386230469,
              45.156219482421875
            ],
            [
              -66.9832992553711,
              45.158424377441406
            ],
            [
              -66.98387908935547,
              45.16050720214844
            ],
            [
              -66.9846420288086,
              45.16242599487305
            ],
            [
              -66.9854507446289,
              45.164241790771484
            ],
            [
              -66.98534393310547,
              45.1661491394043
            ],
            [
              -66.98465728759766,
              45.167755126953125
            ],
            [
              -66.98359680175781,
              45.169158935546875
            ],
            [
              -66.98281860351562,
              45.16750717163086
            ],
            [
              -66.98212432861328,
              45.16572189331055
            ],
            [
              -66.98157501220703,
              45.16377639770508
            ],
            [
              -66.98013305664062,
              45.1622314453125
            ],
            [
              -66.97866821289062,
              45.16054153442383
            ],
            [
              -66.97822570800781,
              45.15873336791992
            ],
            [
              -66.978515625,
              45.156883239746094
            ],
            [
              -66.97705841064453,
              45.15538024902344
            ],
            [
              -66.97538757324219,
              45.1532096862793
            ],
            [
              -66.97137451171875,
              45.15032958984375
            ],
            [
              -66.96876525878906,
              45.15262222290039
            ],
            [
              -66.96977233886719,
              45.1575813293457
            ],
            [
              -66.9715347290039,
              45.16107177734375
            ],
            [
              -66.96798706054688,
              45.16411209106445
            ],
            [
              -66.96798706054688,
              45.16893005371094
            ],
            [
              -66.96690368652344,
              45.17384338378906
            ],
            [
              -66.9669418334961,
              45.17890167236328
            ],
            [
              -66.96401977539062,
              45.1802978515625
            ],
            [
              -66.95953369140625,
              45.17937469482422
            ],
            [
              -66.95775604248047,
              45.175472259521484
            ],
            [
              -66.9554672241211,
              45.17105484008789
            ],
            [
              -66.95396423339844,
              45.16627502441406
            ],
            [
              -66.95455169677734,
              45.1612434387207
            ],
            [
              -66.9519271850586,
              45.157127380371094
            ],
            [
              -66.9481201171875,
              45.1538200378418
            ],
            [
              -66.94349670410156,
              45.151790618896484
            ],
            [
              -66.94012451171875,
              45.148597717285156
            ],
            [
              -66.93925476074219,
              45.14584732055664
            ],
            [
              -66.93434143066406,
              45.14639663696289
            ],
            [
              -66.92984008789062,
              45.14427185058594
            ],
            [
              -66.92572021484375,
              45.14131546020508
            ],
            [
              -66.9229965209961,
              45.13720703125
            ],
            [
              -66.91822814941406,
              45.13594055175781
            ],
            [
              -66.91336822509766,
              45.13454818725586
            ],
            [
              -66.90857696533203,
              45.133155822753906
            ],
            [
              -66.90365600585938,
              45.13288497924805
            ],
            [
              -66.89900970458984,
              45.130924224853516
            ],
            [
              -66.89481353759766,
              45.12868118286133
            ],
            [
              -66.89772033691406,
              45.12461853027344
            ],
            [
              -66.89791107177734,
              45.1204833984375
            ],
            [
              -66.89541625976562,
              45.1160888671875
            ],
            [
              -66.89155578613281,
              45.11518859863281
            ],
            [
              -66.88697814941406,
              45.117164611816406
            ],
            [
              -66.88194274902344,
              45.117774963378906
            ],
            [
              -66.8794174194336,
              45.11723327636719
            ],
            [
              -66.87752532958984,
              45.117637634277344
            ],
            [
              -66.8760757446289,
              45.1180534362793
            ],
            [
              -66.87494659423828,
              45.118247985839844
            ],
            [
              -66.87451934814453,
              45.117454528808594
            ],
            [
              -66.87509155273438,
              45.11653137207031
            ],
            [
              -66.8760757446289,
              45.115604400634766
            ],
            [
              -66.87718200683594,
              45.11431884765625
            ],
            [
              -66.87765502929688,
              45.112274169921875
            ],
            [
              -66.87545776367188,
              45.11167526245117
            ],
            [
              -66.87421417236328,
              45.10995101928711
            ],
            [
              -66.87504577636719,
              45.10813903808594
            ],
            [
              -66.87681579589844,
              45.108009338378906
            ],
            [
              -66.8786392211914,
              45.10816955566406
            ],
            [
              -66.88008117675781,
              45.10642623901367
            ],
            [
              -66.88298034667969,
              45.10625457763672
            ],
            [
              -66.88584899902344,
              45.105712890625
            ],
            [
              -66.88845825195312,
              45.104103088378906
            ],
            [
              -66.8913803100586,
              45.10310363769531
            ],
            [
              -66.89453125,
              45.1026496887207
            ],
            [
              -66.8972396850586,
              45.10454559326172
            ],
            [
              -66.89961242675781,
              45.106937408447266
            ],
            [
              -66.9017562866211,
              45.10968017578125
            ],
            [
              -66.90376281738281,
              45.112632751464844
            ],
            [
              -66.90701293945312,
              45.114097595214844
            ],
            [
              -66.91043853759766,
              45.11370849609375
            ],
            [
              -66.9135513305664,
              45.111568450927734
            ],
            [
              -66.91559600830078,
              45.108184814453125
            ],
            [
              -66.91691589355469,
              45.103736877441406
            ],
            [
              -66.91834259033203,
              45.09955978393555
            ],
            [
              -66.91963195800781,
              45.095577239990234
            ],
            [
              -66.9202651977539,
              45.091670989990234
            ],
            [
              -66.9194107055664,
              45.087982177734375
            ],
            [
              -66.91699981689453,
              45.08531951904297
            ],
            [
              -66.91629791259766,
              45.08214569091797
            ],
            [
              -66.91658020019531,
              45.078956604003906
            ],
            [
              -66.91761779785156,
              45.07604217529297
            ],
            [
              -66.91854095458984,
              45.07324981689453
            ],
            [
              -66.91939544677734,
              45.07059097290039
            ],
            [
              -66.9172134399414,
              45.069984436035156
            ],
            [
              -66.91511535644531,
              45.06993865966797
            ],
            [
              -66.9132080078125,
              45.070316314697266
            ],
            [
              -66.91297912597656,
              45.06916046142578
            ],
            [
              -66.91190338134766,
              45.068077087402344
            ],
            [
              -66.91148376464844,
              45.06668472290039
            ],
            [
              -66.91165924072266,
              45.06535339355469
            ],
            [
              -66.91211700439453,
              45.06415557861328
            ],
            [
              -66.91268920898438,
              45.0631217956543
            ],
            [
              -66.91279602050781,
              45.062191009521484
            ],
            [
              -66.91227722167969,
              45.06133270263672
            ],
            [
              -66.91179656982422,
              45.060550689697266
            ],
            [
              -66.9107894897461,
              45.06040573120117
            ],
            [
              -66.90979766845703,
              45.0601806640625
            ],
            [
              -66.9088134765625,
              45.05990219116211
            ],
            [
              -66.90780639648438,
              45.059722900390625
            ],
            [
              -66.90681457519531,
              45.059478759765625
            ],
            [
              -66.90581512451172,
              45.05928039550781
            ],
            [
              -66.90489196777344,
              45.05885696411133
            ],
            [
              -66.90487670898438,
              45.0579948425293
            ],
            [
              -66.90452575683594,
              45.05731201171875
            ],
            [
              -66.90351104736328,
              45.05730056762695
            ],
            [
              -66.902587890625,
              45.057682037353516
            ],
            [
              -66.90167236328125,
              45.05777359008789
            ],
            [
              -66.90070343017578,
              45.057437896728516
            ],
            [
              -66.90000915527344,
              45.057029724121094
            ],
            [
              -66.90068054199219,
              45.05625915527344
            ],
            [
              -66.90042877197266,
              45.055355072021484
            ],
            [
              -66.89948272705078,
              45.055320739746094
            ],
            [
              -66.89849853515625,
              45.05509567260742
            ],
            [
              -66.8975830078125,
              45.055015563964844
            ],
            [
              -66.89678192138672,
              45.05564880371094
            ],
            [
              -66.89698791503906,
              45.05647277832031
            ],
            [
              -66.89677429199219,
              45.05717849731445
            ],
            [
              -66.8973159790039,
              45.057682037353516
            ],
            [
              -66.89743041992188,
              45.05854797363281
            ],
            [
              -66.89659881591797,
              45.058868408203125
            ],
            [
              -66.89568328857422,
              45.058597564697266
            ],
            [
              -66.89469909667969,
              45.05836486816406
            ],
            [
              -66.89382934570312,
              45.05805969238281
            ],
            [
              -66.89354705810547,
              45.05708312988281
            ],
            [
              -66.89374542236328,
              45.05624008178711
            ],
            [
              -66.89449310302734,
              45.0555534362793
            ],
            [
              -66.89431762695312,
              45.054595947265625
            ],
            [
              -66.89348602294922,
              45.05418395996094
            ],
            [
              -66.8924789428711,
              45.054019927978516
            ],
            [
              -66.89242553710938,
              45.05299377441406
            ],
            [
              -66.89311218261719,
              45.052467346191406
            ],
            [
              -66.8939208984375,
              45.05174255371094
            ],
            [
              -66.89468383789062,
              45.05091094970703
            ],
            [
              -66.8939208984375,
              45.04999542236328
            ],
            [
              -66.89285278320312,
              45.04949188232422
            ],
            [
              -66.89215850830078,
              45.04843521118164
            ],
            [
              -66.8928451538086,
              45.047393798828125
            ],
            [
              -66.8936996459961,
              45.04788589477539
            ],
            [
              -66.89447784423828,
              45.047088623046875
            ],
            [
              -66.89466857910156,
              45.046104431152344
            ],
            [
              -66.89331817626953,
              45.046329498291016
            ],
            [
              -66.89214324951172,
              45.04574966430664
            ],
            [
              -66.89219665527344,
              45.04458236694336
            ],
            [
              -66.89115905761719,
              45.04387664794922
            ],
            [
              -66.88973999023438,
              45.04310607910156
            ],
            [
              -66.88816833496094,
              45.042545318603516
            ],
            [
              -66.88770294189453,
              45.04103088378906
            ],
            [
              -66.8893051147461,
              45.040340423583984
            ],
            [
              -66.8904037475586,
              45.0391845703125
            ],
            [
              -66.89180755615234,
              45.03811264038086
            ],
            [
              -66.89028930664062,
              45.03817367553711
            ],
            [
              -66.8893814086914,
              45.039066314697266
            ],
            [
              -66.88835906982422,
              45.040061950683594
            ],
            [
              -66.88671112060547,
              45.04055404663086
            ],
            [
              -66.88511657714844,
              45.04138946533203
            ],
            [
              -66.88340759277344,
              45.04216766357422
            ],
            [
              -66.88166809082031,
              45.04303741455078
            ],
            [
              -66.87985229492188,
              45.04384994506836
            ],
            [
              -66.87777709960938,
              45.044044494628906
            ],
            [
              -66.87604522705078,
              45.045387268066406
            ],
            [
              -66.87389373779297,
              45.04621505737305
            ],
            [
              -66.8714599609375,
              45.046329498291016
            ],
            [
              -66.86924743652344,
              45.04693603515625
            ],
            [
              -66.86767578125,
              45.048553466796875
            ],
            [
              -66.86587524414062,
              45.049800872802734
            ],
            [
              -66.86553192138672,
              45.05190658569336
            ],
            [
              -66.86441802978516,
              45.05331802368164
            ],
            [
              -66.86243438720703,
              45.05354309082031
            ],
            [
              -66.8642807006836,
              45.05403518676758
            ],
            [
              -66.86483764648438,
              45.055755615234375
            ],
            [
              -66.86599731445312,
              45.05709457397461
            ],
            [
              -66.86634063720703,
              45.05854034423828
            ],
            [
              -66.86576080322266,
              45.06011199951172
            ],
            [
              -66.86480712890625,
              45.06135559082031
            ],
            [
              -66.8633804321289,
              45.061798095703125
            ],
            [
              -66.86186218261719,
              45.061641693115234
            ],
            [
              -66.86042785644531,
              45.061275482177734
            ],
            [
              -66.85926818847656,
              45.061790466308594
            ],
            [
              -66.85819244384766,
              45.062076568603516
            ],
            [
              -66.85704803466797,
              45.061363220214844
            ],
            [
              -66.85702514648438,
              45.060237884521484
            ],
            [
              -66.85739135742188,
              45.05902862548828
            ],
            [
              -66.85811614990234,
              45.05803298950195
            ],
            [
              -66.8586654663086,
              45.057037353515625
            ],
            [
              -66.85838317871094,
              45.055908203125
            ],
            [
              -66.85797119140625,
              45.05535125732422
            ],
            [
              -66.85720825195312,
              45.05613708496094
            ],
            [
              -66.8564682006836,
              45.056888580322266
            ],
            [
              -66.85551452636719,
              45.057167053222656
            ],
            [
              -66.8545913696289,
              45.05751037597656
            ],
            [
              -66.85470581054688,
              45.05833053588867
            ],
            [
              -66.85470581054688,
              45.059059143066406
            ],
            [
              -66.85370635986328,
              45.05903244018555
            ],
            [
              -66.85273742675781,
              45.05892562866211
            ],
            [
              -66.85204315185547,
              45.05949783325195
            ],
            [
              -66.85163879394531,
              45.06020736694336
            ],
            [
              -66.85099792480469,
              45.06089782714844
            ],
            [
              -66.85047912597656,
              45.06175231933594
            ],
            [
              -66.85010528564453,
              45.062644958496094
            ],
            [
              -66.84957885742188,
              45.063358306884766
            ],
            [
              -66.84921264648438,
              45.06428527832031
            ],
            [
              -66.84867095947266,
              45.065120697021484
            ],
            [
              -66.84855651855469,
              45.065643310546875
            ],
            [
              -66.84954833984375,
              45.0655517578125
            ],
            [
              -66.84977722167969,
              45.064754486083984
            ],
            [
              -66.85051727294922,
              45.06441116333008
            ],
            [
              -66.85151672363281,
              45.06438446044922
            ],
            [
              -66.85242462158203,
              45.06406784057617
            ],
            [
              -66.85289764404297,
              45.06318664550781
            ],
            [
              -66.85380554199219,
              45.06283187866211
            ],
            [
              -66.85436248779297,
              45.062095642089844
            ],
            [
              -66.8551254272461,
              45.06146240234375
            ],
            [
              -66.8560562133789,
              45.061336517333984
            ],
            [
              -66.8563003540039,
              45.06224822998047
            ],
            [
              -66.85574340820312,
              45.06304168701172
            ],
            [
              -66.85523986816406,
              45.06389617919922
            ],
            [
              -66.85441589355469,
              45.064430236816406
            ],
            [
              -66.853515625,
              45.06487274169922
            ],
            [
              -66.8525619506836,
              45.06515121459961
            ],
            [
              -66.85187530517578,
              45.06583023071289
            ],
            [
              -66.85260009765625,
              45.06598663330078
            ],
            [
              -66.85355377197266,
              45.065853118896484
            ],
            [
              -66.8543701171875,
              45.06576156616211
            ],
            [
              -66.85504150390625,
              45.06562805175781
            ],
            [
              -66.85560607910156,
              45.065521240234375
            ],
            [
              -66.85608673095703,
              45.0654411315918
            ],
            [
              -66.85649108886719,
              45.06539535522461
            ],
            [
              -66.85670471191406,
              45.06582260131836
            ],
            [
              -66.8568115234375,
              45.06623077392578
            ],
            [
              -66.85620880126953,
              45.06629943847656
            ],
            [
              -66.85555267333984,
              45.066429138183594
            ],
            [
              -66.8548355102539,
              45.0666618347168
            ],
            [
              -66.8541488647461,
              45.06707000732422
            ],
            [
              -66.85468292236328,
              45.06785583496094
            ],
            [
              -66.85497283935547,
              45.06853485107422
            ],
            [
              -66.855224609375,
              45.06924057006836
            ],
            [
              -66.85511779785156,
              45.06982421875
            ],
            [
              -66.8545150756836,
              45.069786071777344
            ],
            [
              -66.85392761230469,
              45.0693244934082
            ],
            [
              -66.85340118408203,
              45.06880187988281
            ],
            [
              -66.85242462158203,
              45.06855773925781
            ],
            [
              -66.8514404296875,
              45.068504333496094
            ],
            [
              -66.85045623779297,
              45.06863021850586
            ],
            [
              -66.84962463378906,
              45.0684700012207
            ],
            [
              -66.84873962402344,
              45.06821060180664
            ],
            [
              -66.84785461425781,
              45.06856155395508
            ],
            [
              -66.84705352783203,
              45.06916046142578
            ],
            [
              -66.84639739990234,
              45.06991195678711
            ],
            [
              -66.8463363647461,
              45.070838928222656
            ],
            [
              -66.84683990478516,
              45.071678161621094
            ],
            [
              -66.84733581542969,
              45.072532653808594
            ],
            [
              -66.8472900390625,
              45.07326126098633
            ],
            [
              -66.84686279296875,
              45.073638916015625
            ],
            [
              -66.84758758544922,
              45.07419204711914
            ],
            [
              -66.84748077392578,
              45.07518005371094
            ],
            [
              -66.8474349975586,
              45.076171875
            ],
            [
              -66.84783935546875,
              45.076881408691406
            ],
            [
              -66.84883117675781,
              45.076908111572266
            ],
            [
              -66.84942626953125,
              45.07732391357422
            ],
            [
              -66.84969329833984,
              45.07826614379883
            ],
            [
              -66.8497543334961,
              45.07909393310547
            ],
            [
              -66.84888458251953,
              45.07923889160156
            ],
            [
              -66.8479232788086,
              45.07905960083008
            ],
            [
              -66.84696960449219,
              45.07878875732422
            ],
            [
              -66.84597778320312,
              45.07868957519531
            ],
            [
              -66.84506225585938,
              45.078304290771484
            ],
            [
              -66.84407806396484,
              45.07815933227539
            ],
            [
              -66.84308624267578,
              45.078250885009766
            ],
            [
              -66.84210205078125,
              45.07841110229492
            ],
            [
              -66.84111022949219,
              45.07841110229492
            ],
            [
              -66.8401107788086,
              45.07832717895508
            ],
            [
              -66.83938598632812,
              45.07815170288086
            ],
            [
              -66.8394546508789,
              45.07753372192383
            ],
            [
              -66.83975982666016,
              45.07685470581055
            ],
            [
              -66.8401870727539,
              45.076332092285156
            ],
            [
              -66.84091186523438,
              45.07649612426758
            ],
            [
              -66.84161376953125,
              45.07676315307617
            ],
            [
              -66.84233856201172,
              45.07691955566406
            ],
            [
              -66.84281921386719,
              45.07664108276367
            ],
            [
              -66.84294128417969,
              45.075904846191406
            ],
            [
              -66.84294128417969,
              45.07514953613281
            ],
            [
              -66.84344482421875,
              45.07432174682617
            ],
            [
              -66.8442153930664,
              45.07368850708008
            ],
            [
              -66.84473419189453,
              45.07292556762695
            ],
            [
              -66.8442153930664,
              45.07243728637695
            ],
            [
              -66.84329986572266,
              45.072059631347656
            ],
            [
              -66.84236145019531,
              45.071773529052734
            ],
            [
              -66.8421401977539,
              45.0709114074707
            ],
            [
              -66.84123992919922,
              45.071083068847656
            ],
            [
              -66.84038543701172,
              45.071590423583984
            ],
            [
              -66.839599609375,
              45.07220458984375
            ],
            [
              -66.83866119384766,
              45.07247543334961
            ],
            [
              -66.83788299560547,
              45.071922302246094
            ],
            [
              -66.83759307861328,
              45.07105255126953
            ],
            [
              -66.83668518066406,
              45.07080841064453
            ],
            [
              -66.83573913574219,
              45.07102584838867
            ],
            [
              -66.83484649658203,
              45.071468353271484
            ],
            [
              -66.83457946777344,
              45.07234573364258
            ],
            [
              -66.83366394042969,
              45.072418212890625
            ],
            [
              -66.83277893066406,
              45.07278060913086
            ],
            [
              -66.83274841308594,
              45.07368850708008
            ],
            [
              -66.83312225341797,
              45.07449722290039
            ],
            [
              -66.8341064453125,
              45.074317932128906
            ],
            [
              -66.83462524414062,
              45.0741081237793
            ],
            [
              -66.83517456054688,
              45.074031829833984
            ],
            [
              -66.83555603027344,
              45.07426452636719
            ],
            [
              -66.8354721069336,
              45.07474899291992
            ],
            [
              -66.83511352539062,
              45.07518005371094
            ],
            [
              -66.83472442626953,
              45.07558822631836
            ],
            [
              -66.83409118652344,
              45.076351165771484
            ],
            [
              -66.83344268798828,
              45.076717376708984
            ],
            [
              -66.83256530761719,
              45.076393127441406
            ],
            [
              -66.8318099975586,
              45.07693862915039
            ],
            [
              -66.83202362060547,
              45.07791519165039
            ],
            [
              -66.83240509033203,
              45.07858657836914
            ],
            [
              -66.83274841308594,
              45.079132080078125
            ],
            [
              -66.83240509033203,
              45.079864501953125
            ],
            [
              -66.83170318603516,
              45.080238342285156
            ],
            [
              -66.83100128173828,
              45.08023452758789
            ],
            [
              -66.83035278320312,
              45.07947540283203
            ],
            [
              -66.82945251464844,
              45.07905197143555
            ],
            [
              -66.82874298095703,
              45.07912826538086
            ],
            [
              -66.82807922363281,
              45.0792236328125
            ],
            [
              -66.82746124267578,
              45.079322814941406
            ],
            [
              -66.82688903808594,
              45.07942581176758
            ],
            [
              -66.82635498046875,
              45.07942581176758
            ],
            [
              -66.82585144042969,
              45.07937240600586
            ],
            [
              -66.8256607055664,
              45.07897186279297
            ],
            [
              -66.82591247558594,
              45.07868957519531
            ],
            [
              -66.8263931274414,
              45.07843780517578
            ],
            [
              -66.82691955566406,
              45.07814025878906
            ],
            [
              -66.82743835449219,
              45.077735900878906
            ],
            [
              -66.82791137695312,
              45.07716751098633
            ],
            [
              -66.82788848876953,
              45.07659149169922
            ],
            [
              -66.82805633544922,
              45.07597351074219
            ],
            [
              -66.82835388183594,
              45.075340270996094
            ],
            [
              -66.82778930664062,
              45.07464599609375
            ],
            [
              -66.8268814086914,
              45.0741081237793
            ],
            [
              -66.82572174072266,
              45.074398040771484
            ],
            [
              -66.82483673095703,
              45.07353591918945
            ],
            [
              -66.82486724853516,
              45.072593688964844
            ],
            [
              -66.82587432861328,
              45.0721435546875
            ],
            [
              -66.82696533203125,
              45.07182312011719
            ],
            [
              -66.82769775390625,
              45.07102584838867
            ],
            [
              -66.82838439941406,
              45.07032775878906
            ],
            [
              -66.82926940917969,
              45.07021713256836
            ],
            [
              -66.83009338378906,
              45.07017135620117
            ],
            [
              -66.83011627197266,
              45.069576263427734
            ],
            [
              -66.82975769042969,
              45.06899642944336
            ],
            [
              -66.82928466796875,
              45.06865310668945
            ],
            [
              -66.82874298095703,
              45.06848907470703
            ],
            [
              -66.8281021118164,
              45.06869125366211
            ],
            [
              -66.82747650146484,
              45.06891632080078
            ],
            [
              -66.82687377929688,
              45.069183349609375
            ],
            [
              -66.82632446289062,
              45.06953048706055
            ],
            [
              -66.82572174072266,
              45.06970977783203
            ],
            [
              -66.82508087158203,
              45.069679260253906
            ],
            [
              -66.82445526123047,
              45.06959533691406
            ],
            [
              -66.82382202148438,
              45.069576263427734
            ],
            [
              -66.82319641113281,
              45.06960678100586
            ],
            [
              -66.82257843017578,
              45.06968688964844
            ],
            [
              -66.82197570800781,
              45.069801330566406
            ],
            [
              -66.82138061523438,
              45.0699348449707
            ],
            [
              -66.82079315185547,
              45.070030212402344
            ],
            [
              -66.8201904296875,
              45.070072174072266
            ],
            [
              -66.8196029663086,
              45.07002639770508
            ],
            [
              -66.81909942626953,
              45.069854736328125
            ],
            [
              -66.81890106201172,
              45.06935501098633
            ],
            [
              -66.81938171386719,
              45.06906509399414
            ],
            [
              -66.82002258300781,
              45.06896209716797
            ],
            [
              -66.82067108154297,
              45.06884765625
            ],
            [
              -66.82132720947266,
              45.0687255859375
            ],
            [
              -66.82197570800781,
              45.068603515625
            ],
            [
              -66.8226318359375,
              45.06850051879883
            ],
            [
              -66.82329559326172,
              45.06840515136719
            ],
            [
              -66.82395935058594,
              45.06830978393555
            ],
            [
              -66.8245620727539,
              45.06806564331055
            ],
            [
              -66.82504272460938,
              45.06760025024414
            ],
            [
              -66.82560729980469,
              45.06723403930664
            ],
            [
              -66.82613372802734,
              45.06681823730469
            ],
            [
              -66.82659149169922,
              45.066322326660156
            ],
            [
              -66.8265151977539,
              45.06589126586914
            ],
            [
              -66.82649993896484,
              45.06542205810547
            ],
            [
              -66.82627868652344,
              45.06497573852539
            ],
            [
              -66.82589721679688,
              45.06458282470703
            ],
            [
              -66.82540893554688,
              45.064266204833984
            ],
            [
              -66.8248519897461,
              45.06394958496094
            ],
            [
              -66.8242416381836,
              45.06365203857422
            ],
            [
              -66.82354736328125,
              45.063392639160156
            ],
            [
              -66.82291412353516,
              45.0629768371582
            ],
            [
              -66.82247161865234,
              45.06224822998047
            ],
            [
              -66.82181549072266,
              45.061607360839844
            ],
            [
              -66.82088470458984,
              45.06124496459961
            ],
            [
              -66.81985473632812,
              45.06092071533203
            ],
            [
              -66.8187255859375,
              45.060646057128906
            ],
            [
              -66.81756591796875,
              45.0609130859375
            ],
            [
              -66.81637573242188,
              45.06155776977539
            ],
            [
              -66.81513214111328,
              45.06230545043945
            ],
            [
              -66.81449890136719,
              45.06324768066406
            ],
            [
              -66.81486511230469,
              45.06418228149414
            ],
            [
              -66.81338500976562,
              45.06525421142578
            ],
            [
              -66.81188201904297,
              45.0665283203125
            ],
            [
              -66.81086730957031,
              45.068119049072266
            ],
            [
              -66.80941772460938,
              45.068912506103516
            ],
            [
              -66.80795288085938,
              45.06941604614258
            ],
            [
              -66.80668640136719,
              45.070011138916016
            ],
            [
              -66.80560302734375,
              45.070621490478516
            ],
            [
              -66.80451965332031,
              45.0709228515625
            ],
            [
              -66.80362701416016,
              45.07143020629883
            ],
            [
              -66.80296325683594,
              45.07206344604492
            ],
            [
              -66.80228424072266,
              45.07255554199219
            ],
            [
              -66.80169677734375,
              45.072975158691406
            ],
            [
              -66.8017807006836,
              45.07364273071289
            ],
            [
              -66.80319213867188,
              45.07334899902344
            ],
            [
              -66.80440521240234,
              45.0733528137207
            ],
            [
              -66.80538940429688,
              45.07304000854492
            ],
            [
              -66.8062973022461,
              45.07254409790039
            ],
            [
              -66.80770111083984,
              45.07255172729492
            ],
            [
              -66.8091049194336,
              45.07254409790039
            ],
            [
              -66.80950164794922,
              45.0733528137207
            ],
            [
              -66.80879974365234,
              45.074554443359375
            ],
            [
              -66.80699920654297,
              45.07475280761719
            ],
            [
              -66.80569458007812,
              45.07524871826172
            ],
            [
              -66.80510711669922,
              45.07575988769531
            ],
            [
              -66.80529022216797,
              45.076961517333984
            ],
            [
              -66.80510711669922,
              45.07794952392578
            ],
            [
              -66.80599212646484,
              45.078460693359375
            ],
            [
              -66.80687713623047,
              45.078853607177734
            ],
            [
              -66.80840301513672,
              45.07973098754883
            ],
            [
              -66.8095932006836,
              45.08005905151367
            ],
            [
              -66.81078338623047,
              45.08024597167969
            ],
            [
              -66.81200408935547,
              45.0799446105957
            ],
            [
              -66.81306457519531,
              45.07987594604492
            ],
            [
              -66.81330108642578,
              45.08043670654297
            ],
            [
              -66.81306457519531,
              45.08139419555664
            ],
            [
              -66.81351470947266,
              45.0820426940918
            ],
            [
              -66.81298065185547,
              45.08296203613281
            ],
            [
              -66.81407928466797,
              45.08345031738281
            ],
            [
              -66.81499481201172,
              45.08354949951172
            ],
            [
              -66.81578826904297,
              45.082950592041016
            ],
            [
              -66.81658935546875,
              45.08305740356445
            ],
            [
              -66.81768035888672,
              45.082645416259766
            ],
            [
              -66.8183822631836,
              45.08233642578125
            ],
            [
              -66.81880950927734,
              45.081695556640625
            ],
            [
              -66.81914520263672,
              45.080955505371094
            ],
            [
              -66.8196029663086,
              45.080440521240234
            ],
            [
              -66.8205795288086,
              45.079837799072266
            ],
            [
              -66.82132720947266,
              45.07920455932617
            ],
            [
              -66.8221664428711,
              45.07868957519531
            ],
            [
              -66.82291412353516,
              45.07913589477539
            ],
            [
              -66.82347869873047,
              45.079837799072266
            ],
            [
              -66.82347869873047,
              45.080848693847656
            ],
            [
              -66.82219696044922,
              45.08195877075195
            ],
            [
              -66.82109832763672,
              45.08274459838867
            ],
            [
              -66.8207015991211,
              45.08385467529297
            ],
            [
              -66.8194808959961,
              45.084049224853516
            ],
            [
              -66.81859588623047,
              45.08464431762695
            ],
            [
              -66.81798553466797,
              45.08538818359375
            ],
            [
              -66.81729125976562,
              45.08565139770508
            ],
            [
              -66.8161849975586,
              45.08645248413086
            ],
            [
              -66.81548309326172,
              45.08726501464844
            ],
            [
              -66.81499481201172,
              45.08795928955078
            ],
            [
              -66.81389617919922,
              45.08855056762695
            ],
            [
              -66.81310272216797,
              45.08946990966797
            ],
            [
              -66.81368255615234,
              45.09067153930664
            ],
            [
              -66.81366729736328,
              45.09182357788086
            ],
            [
              -66.81400299072266,
              45.09291076660156
            ],
            [
              -66.81390380859375,
              45.09390640258789
            ],
            [
              -66.81314086914062,
              45.0942497253418
            ],
            [
              -66.8122787475586,
              45.09347915649414
            ],
            [
              -66.81157684326172,
              45.09254837036133
            ],
            [
              -66.8100814819336,
              45.09227752685547
            ],
            [
              -66.80960083007812,
              45.09138488769531
            ],
            [
              -66.80980682373047,
              45.09056854248047
            ],
            [
              -66.80998992919922,
              45.08987045288086
            ],
            [
              -66.81047821044922,
              45.08897018432617
            ],
            [
              -66.80919647216797,
              45.088279724121094
            ],
            [
              -66.80819702148438,
              45.088871002197266
            ],
            [
              -66.80818939208984,
              45.09009552001953
            ],
            [
              -66.80687713623047,
              45.090179443359375
            ],
            [
              -66.80608367919922,
              45.0888671875
            ],
            [
              -66.80550384521484,
              45.087669372558594
            ],
            [
              -66.8045425415039,
              45.08763122558594
            ],
            [
              -66.80357360839844,
              45.08759689331055
            ],
            [
              -66.8031005859375,
              45.08832550048828
            ],
            [
              -66.80280303955078,
              45.089229583740234
            ],
            [
              -66.8028793334961,
              45.09019470214844
            ],
            [
              -66.8027114868164,
              45.09099197387695
            ],
            [
              -66.80186462402344,
              45.09131622314453
            ],
            [
              -66.80107879638672,
              45.09238052368164
            ],
            [
              -66.8006820678711,
              45.09319305419922
            ],
            [
              -66.79971313476562,
              45.0939826965332
            ],
            [
              -66.80059051513672,
              45.09479522705078
            ],
            [
              -66.80029296875,
              45.095489501953125
            ],
            [
              -66.79918670654297,
              45.095794677734375
            ],
            [
              -66.7979965209961,
              45.0962028503418
            ],
            [
              -66.79730224609375,
              45.0966911315918
            ],
            [
              -66.79580688476562,
              45.0974006652832
            ],
            [
              -66.7947006225586,
              45.09730911254883
            ],
            [
              -66.79405975341797,
              45.09796142578125
            ],
            [
              -66.79329681396484,
              45.098209381103516
            ],
            [
              -66.79167938232422,
              45.09870910644531
            ],
            [
              -66.79071044921875,
              45.09910202026367
            ],
            [
              -66.78987884521484,
              45.09991455078125
            ],
            [
              -66.7892074584961,
              45.100624084472656
            ],
            [
              -66.78870391845703,
              45.101261138916016
            ],
            [
              -66.78772735595703,
              45.10147476196289
            ],
            [
              -66.78618621826172,
              45.101627349853516
            ],
            [
              -66.78478240966797,
              45.10232925415039
            ],
            [
              -66.7835922241211,
              45.103126525878906
            ],
            [
              -66.78279876708984,
              45.104026794433594
            ],
            [
              -66.78240203857422,
              45.10493850708008
            ],
            [
              -66.7818832397461,
              45.1058464050293
            ],
            [
              -66.78158569335938,
              45.10673904418945
            ],
            [
              -66.78108978271484,
              45.10773849487305
            ],
            [
              -66.78060913085938,
              45.10853958129883
            ],
            [
              -66.78020477294922,
              45.1092529296875
            ],
            [
              -66.77890014648438,
              45.10945129394531
            ],
            [
              -66.77788543701172,
              45.109352111816406
            ],
            [
              -66.77669525146484,
              45.109344482421875
            ],
            [
              -66.77489471435547,
              45.10934829711914
            ],
            [
              -66.7741928100586,
              45.10985565185547
            ],
            [
              -66.7741928100586,
              45.11095428466797
            ],
            [
              -66.77278900146484,
              45.11126708984375
            ],
            [
              -66.77327728271484,
              45.111961364746094
            ],
            [
              -66.77404022216797,
              45.112030029296875
            ],
            [
              -66.77454376220703,
              45.112491607666016
            ],
            [
              -66.7747802734375,
              45.11310577392578
            ],
            [
              -66.77410125732422,
              45.11346435546875
            ],
            [
              -66.77288055419922,
              45.11346435546875
            ],
            [
              -66.77178192138672,
              45.11357116699219
            ],
            [
              -66.77068328857422,
              45.11356735229492
            ],
            [
              -66.76927947998047,
              45.113773345947266
            ],
            [
              -66.76809692382812,
              45.11418151855469
            ],
            [
              -66.76708221435547,
              45.114479064941406
            ],
            [
              -66.76610565185547,
              45.1143798828125
            ],
            [
              -66.76541137695312,
              45.1138801574707
            ],
            [
              -66.76567840576172,
              45.11296463012695
            ],
            [
              -66.76659393310547,
              45.11278533935547
            ],
            [
              -66.76708221435547,
              45.112274169921875
            ],
            [
              -66.76668548583984,
              45.111671447753906
            ],
            [
              -66.7663803100586,
              45.1110725402832
            ],
            [
              -66.76549530029297,
              45.110782623291016
            ],
            [
              -66.7647476196289,
              45.110191345214844
            ],
            [
              -66.76404571533203,
              45.10956573486328
            ],
            [
              -66.76448059082031,
              45.1089973449707
            ],
            [
              -66.76541137695312,
              45.10881805419922
            ],
            [
              -66.76634979248047,
              45.10867691040039
            ],
            [
              -66.76729583740234,
              45.10867691040039
            ],
            [
              -66.76839447021484,
              45.108760833740234
            ],
            [
              -66.76958465576172,
              45.10895538330078
            ],
            [
              -66.77068328857422,
              45.10895919799805
            ],
            [
              -66.77178955078125,
              45.10824966430664
            ],
            [
              -66.7724838256836,
              45.107662200927734
            ],
            [
              -66.77379608154297,
              45.1070556640625
            ],
            [
              -66.77498626708984,
              45.10664749145508
            ],
            [
              -66.77558898925781,
              45.10615539550781
            ],
            [
              -66.77616119384766,
              45.10563659667969
            ],
            [
              -66.77669525146484,
              45.105079650878906
            ],
            [
              -66.77729034423828,
              45.10491180419922
            ],
            [
              -66.77774047851562,
              45.105377197265625
            ],
            [
              -66.77754211425781,
              45.10612106323242
            ],
            [
              -66.77742767333984,
              45.106895446777344
            ],
            [
              -66.77800750732422,
              45.106849670410156
            ],
            [
              -66.77880096435547,
              45.10634231567383
            ],
            [
              -66.77898406982422,
              45.10564422607422
            ],
            [
              -66.7785873413086,
              45.10443878173828
            ],
            [
              -66.7796859741211,
              45.10353469848633
            ],
            [
              -66.78008270263672,
              45.10263442993164
            ],
            [
              -66.78118133544922,
              45.102230072021484
            ],
            [
              -66.78118896484375,
              45.10123062133789
            ],
            [
              -66.78228759765625,
              45.100433349609375
            ],
            [
              -66.7831039428711,
              45.10002899169922
            ],
            [
              -66.78438568115234,
              45.099430084228516
            ],
            [
              -66.78560638427734,
              45.09912109375
            ],
            [
              -66.78670501708984,
              45.09861373901367
            ],
            [
              -66.78740692138672,
              45.09801483154297
            ],
            [
              -66.78829193115234,
              45.09730911254883
            ],
            [
              -66.78929901123047,
              45.09661102294922
            ],
            [
              -66.79009246826172,
              45.096012115478516
            ],
            [
              -66.7912826538086,
              45.09540557861328
            ],
            [
              -66.79219818115234,
              45.09490203857422
            ],
            [
              -66.7929916381836,
              45.09468460083008
            ],
            [
              -66.79369354248047,
              45.09410095214844
            ],
            [
              -66.79430389404297,
              45.09379959106445
            ],
            [
              -66.7945785522461,
              45.09320068359375
            ],
            [
              -66.7947006225586,
              45.09239196777344
            ],
            [
              -66.79418182373047,
              45.09200668334961
            ],
            [
              -66.79259490966797,
              45.09193801879883
            ],
            [
              -66.79193878173828,
              45.09135055541992
            ],
            [
              -66.79135131835938,
              45.09065628051758
            ],
            [
              -66.79161071777344,
              45.089847564697266
            ],
            [
              -66.79210662841797,
              45.08908462524414
            ],
            [
              -66.79119110107422,
              45.08829116821289
            ],
            [
              -66.78987884521484,
              45.087989807128906
            ],
            [
              -66.78929901123047,
              45.087303161621094
            ],
            [
              -66.78853607177734,
              45.0869255065918
            ],
            [
              -66.78740692138672,
              45.08668899536133
            ],
            [
              -66.78691101074219,
              45.085994720458984
            ],
            [
              -66.78620910644531,
              45.08589172363281
            ],
            [
              -66.78564453125,
              45.086368560791016
            ],
            [
              -66.78515625,
              45.08686065673828
            ],
            [
              -66.78457641601562,
              45.087032318115234
            ],
            [
              -66.78398895263672,
              45.087100982666016
            ],
            [
              -66.7836685180664,
              45.08666229248047
            ],
            [
              -66.78404998779297,
              45.0861930847168
            ],
            [
              -66.78465270996094,
              45.08586883544922
            ],
            [
              -66.78514099121094,
              45.08527755737305
            ],
            [
              -66.78495788574219,
              45.08477020263672
            ],
            [
              -66.78408813476562,
              45.084285736083984
            ],
            [
              -66.78289031982422,
              45.08428955078125
            ],
            [
              -66.78157806396484,
              45.08450698852539
            ],
            [
              -66.7803955078125,
              45.083499908447266
            ],
            [
              -66.77880096435547,
              45.08299255371094
            ],
            [
              -66.7778549194336,
              45.08292007446289
            ],
            [
              -66.777099609375,
              45.08285140991211
            ],
            [
              -66.77664184570312,
              45.08246612548828
            ],
            [
              -66.77691650390625,
              45.08182144165039
            ],
            [
              -66.77730560302734,
              45.08100128173828
            ],
            [
              -66.77753448486328,
              45.08037567138672
            ],
            [
              -66.77763366699219,
              45.07967758178711
            ],
            [
              -66.77696990966797,
              45.07953643798828
            ],
            [
              -66.77599334716797,
              45.079105377197266
            ],
            [
              -66.7748031616211,
              45.07859420776367
            ],
            [
              -66.77404022216797,
              45.07835388183594
            ],
            [
              -66.77381134033203,
              45.077613830566406
            ],
            [
              -66.77405548095703,
              45.076725006103516
            ],
            [
              -66.77449798583984,
              45.07569122314453
            ],
            [
              -66.77559661865234,
              45.075584411621094
            ],
            [
              -66.7763900756836,
              45.075294494628906
            ],
            [
              -66.77742767333984,
              45.07540512084961
            ],
            [
              -66.77779388427734,
              45.074989318847656
            ],
            [
              -66.7785873413086,
              45.07420349121094
            ],
            [
              -66.7796859741211,
              45.07408142089844
            ],
            [
              -66.78038787841797,
              45.0733757019043
            ],
            [
              -66.78092193603516,
              45.0725212097168
            ],
            [
              -66.78099822998047,
              45.071495056152344
            ],
            [
              -66.78032684326172,
              45.070735931396484
            ],
            [
              -66.78022766113281,
              45.07004165649414
            ],
            [
              -66.78106689453125,
              45.0694465637207
            ],
            [
              -66.78187561035156,
              45.06992721557617
            ],
            [
              -66.78262329101562,
              45.07062911987305
            ],
            [
              -66.78331756591797,
              45.07136917114258
            ],
            [
              -66.78429412841797,
              45.0716667175293
            ],
            [
              -66.7846908569336,
              45.071170806884766
            ],
            [
              -66.78435516357422,
              45.07064437866211
            ],
            [
              -66.78459930419922,
              45.06987380981445
            ],
            [
              -66.7851791381836,
              45.068965911865234
            ],
            [
              -66.78594207763672,
              45.06724548339844
            ],
            [
              -66.78612518310547,
              45.065853118896484
            ],
            [
              -66.78618621826172,
              45.065059661865234
            ],
            [
              -66.78526306152344,
              45.064971923828125
            ],
            [
              -66.78443145751953,
              45.06528091430664
            ],
            [
              -66.78395080566406,
              45.064422607421875
            ],
            [
              -66.78411865234375,
              45.06388854980469
            ],
            [
              -66.78504180908203,
              45.06365203857422
            ],
            [
              -66.78583526611328,
              45.06309127807617
            ],
            [
              -66.78670501708984,
              45.062660217285156
            ],
            [
              -66.78780364990234,
              45.06365203857422
            ],
            [
              -66.78878021240234,
              45.063961029052734
            ],
            [
              -66.7903060913086,
              45.063846588134766
            ],
            [
              -66.79109191894531,
              45.06386184692383
            ],
            [
              -66.79180145263672,
              45.0635871887207
            ],
            [
              -66.79246520996094,
              45.063453674316406
            ],
            [
              -66.79273986816406,
              45.06389236450195
            ],
            [
              -66.79257202148438,
              45.06466293334961
            ],
            [
              -66.7921371459961,
              45.065338134765625
            ],
            [
              -66.7916488647461,
              45.06593322753906
            ],
            [
              -66.7910385131836,
              45.06623458862305
            ],
            [
              -66.79033660888672,
              45.06688690185547
            ],
            [
              -66.78955078125,
              45.06751251220703
            ],
            [
              -66.78874969482422,
              45.06694793701172
            ],
            [
              -66.7883529663086,
              45.06744384765625
            ],
            [
              -66.78839111328125,
              45.06827163696289
            ],
            [
              -66.78927612304688,
              45.068687438964844
            ],
            [
              -66.78978729248047,
              45.06956100463867
            ],
            [
              -66.7903060913086,
              45.07016372680664
            ],
            [
              -66.79119110107422,
              45.06985855102539
            ],
            [
              -66.79268646240234,
              45.07015609741211
            ],
            [
              -66.7936019897461,
              45.069759368896484
            ],
            [
              -66.7951889038086,
              45.069644927978516
            ],
            [
              -66.79637908935547,
              45.06965255737305
            ],
            [
              -66.79759979248047,
              45.06964874267578
            ],
            [
              -66.79839324951172,
              45.069061279296875
            ],
            [
              -66.79927825927734,
              45.068843841552734
            ],
            [
              -66.79979705810547,
              45.0682487487793
            ],
            [
              -66.8001937866211,
              45.06734848022461
            ],
            [
              -66.8008041381836,
              45.0665397644043
            ],
            [
              -66.8003158569336,
              45.06569290161133
            ],
            [
              -66.79944610595703,
              45.06522750854492
            ],
            [
              -66.79853820800781,
              45.0648307800293
            ],
            [
              -66.7977523803711,
              45.06425857543945
            ],
            [
              -66.79705810546875,
              45.0635986328125
            ],
            [
              -66.79606628417969,
              45.063568115234375
            ],
            [
              -66.79528045654297,
              45.06324005126953
            ],
            [
              -66.7952651977539,
              45.0625
            ],
            [
              -66.79621124267578,
              45.06224822998047
            ],
            [
              -66.79692840576172,
              45.06156921386719
            ],
            [
              -66.79772186279297,
              45.061397552490234
            ],
            [
              -66.7986068725586,
              45.06184387207031
            ],
            [
              -66.79903411865234,
              45.062679290771484
            ],
            [
              -66.7994613647461,
              45.063507080078125
            ],
            [
              -66.8004150390625,
              45.06376266479492
            ],
            [
              -66.80138397216797,
              45.063941955566406
            ],
            [
              -66.80231475830078,
              45.064239501953125
            ],
            [
              -66.80330657958984,
              45.064239501953125
            ],
            [
              -66.80379486083984,
              45.06333923339844
            ],
            [
              -66.80467987060547,
              45.06262969970703
            ],
            [
              -66.80577850341797,
              45.061927795410156
            ],
            [
              -66.80669403076172,
              45.06133270263672
            ],
            [
              -66.8073959350586,
              45.06062698364258
            ],
            [
              -66.8084945678711,
              45.05982208251953
            ],
            [
              -66.8091049194336,
              45.05882263183594
            ],
            [
              -66.8100814819336,
              45.0587158203125
            ],
            [
              -66.81108856201172,
              45.05801773071289
            ],
            [
              -66.8117904663086,
              45.05741882324219
            ],
            [
              -66.81298065185547,
              45.05643081665039
            ],
            [
              -66.81407928466797,
              45.05521011352539
            ],
            [
              -66.81500244140625,
              45.05497741699219
            ],
            [
              -66.81548309326172,
              45.0542106628418
            ],
            [
              -66.81649017333984,
              45.05341339111328
            ],
            [
              -66.81710052490234,
              45.052513122558594
            ],
            [
              -66.8167953491211,
              45.052005767822266
            ],
            [
              -66.81780242919922,
              45.05131149291992
            ],
            [
              -66.8183822631836,
              45.0504150390625
            ],
            [
              -66.8183822631836,
              45.049198150634766
            ],
            [
              -66.8172836303711,
              45.048404693603516
            ],
            [
              -66.81649017333984,
              45.04819869995117
            ],
            [
              -66.81517791748047,
              45.04810333251953
            ],
            [
              -66.81407928466797,
              45.048099517822266
            ],
            [
              -66.8128890991211,
              45.04789733886719
            ],
            [
              -66.81139373779297,
              45.048309326171875
            ],
            [
              -66.81029510498047,
              45.04890060424805
            ],
            [
              -66.80937957763672,
              45.04941177368164
            ],
            [
              -66.80818939208984,
              45.050010681152344
            ],
            [
              -66.80709075927734,
              45.050621032714844
            ],
            [
              -66.80718231201172,
              45.05192947387695
            ],
            [
              -66.80577850341797,
              45.052459716796875
            ],
            [
              -66.80489349365234,
              45.0526237487793
            ],
            [
              -66.80379486083984,
              45.053123474121094
            ],
            [
              -66.80309295654297,
              45.05373001098633
            ],
            [
              -66.80209350585938,
              45.05451965332031
            ],
            [
              -66.80120086669922,
              45.054927825927734
            ],
            [
              -66.80010223388672,
              45.055419921875
            ],
            [
              -66.79918670654297,
              45.055931091308594
            ],
            [
              -66.79817962646484,
              45.05634689331055
            ],
            [
              -66.79708862304688,
              45.0565299987793
            ],
            [
              -66.7962875366211,
              45.05652618408203
            ],
            [
              -66.79540252685547,
              45.056453704833984
            ],
            [
              -66.79430389404297,
              45.05683898925781
            ],
            [
              -66.79360961914062,
              45.05744552612305
            ],
            [
              -66.79277801513672,
              45.05794143676758
            ],
            [
              -66.7918930053711,
              45.05843734741211
            ],
            [
              -66.79088592529297,
              45.05924606323242
            ],
            [
              -66.78960418701172,
              45.05974578857422
            ],
            [
              -66.78789520263672,
              45.060054779052734
            ],
            [
              -66.78728485107422,
              45.05865478515625
            ],
            [
              -66.78768157958984,
              45.057743072509766
            ],
            [
              -66.78838348388672,
              45.05655288696289
            ],
            [
              -66.78948211669922,
              45.056053161621094
            ],
            [
              -66.79048919677734,
              45.05644989013672
            ],
            [
              -66.79149627685547,
              45.056236267089844
            ],
            [
              -66.79259490966797,
              45.055843353271484
            ],
            [
              -66.79290008544922,
              45.055145263671875
            ],
            [
              -66.7936019897461,
              45.05434036254883
            ],
            [
              -66.7947998046875,
              45.05363464355469
            ],
            [
              -66.7958984375,
              45.05372619628906
            ],
            [
              -66.79680633544922,
              45.05332946777344
            ],
            [
              -66.7979965209961,
              45.05333709716797
            ],
            [
              -66.79778289794922,
              45.05242919921875
            ],
            [
              -66.79839324951172,
              45.051612854003906
            ],
            [
              -66.7990951538086,
              45.05022430419922
            ],
            [
              -66.80050659179688,
              45.05052947998047
            ],
            [
              -66.80159759521484,
              45.05021667480469
            ],
            [
              -66.80159759521484,
              45.04922866821289
            ],
            [
              -66.80260467529297,
              45.04832077026367
            ],
            [
              -66.80248260498047,
              45.047218322753906
            ],
            [
              -66.8040771484375,
              45.04616165161133
            ],
            [
              -66.80550384521484,
              45.0460090637207
            ],
            [
              -66.80620574951172,
              45.04711151123047
            ],
            [
              -66.80718231201172,
              45.04600524902344
            ],
            [
              -66.80791473388672,
              45.04545211791992
            ],
            [
              -66.80840301513672,
              45.0449104309082
            ],
            [
              -66.80950164794922,
              45.04509353637695
            ],
            [
              -66.8100814819336,
              45.04460906982422
            ],
            [
              -66.8100814819336,
              45.04380798339844
            ],
            [
              -66.80858612060547,
              45.04341125488281
            ],
            [
              -66.8078842163086,
              45.04250717163086
            ],
            [
              -66.80730438232422,
              45.041507720947266
            ],
            [
              -66.80648040771484,
              45.04060745239258
            ],
            [
              -66.80699920654297,
              45.03971862792969
            ],
            [
              -66.80779266357422,
              45.03910446166992
            ],
            [
              -66.80828094482422,
              45.0386962890625
            ],
            [
              -66.80757904052734,
              45.038307189941406
            ],
            [
              -66.80660247802734,
              45.03871154785156
            ],
            [
              -66.805908203125,
              45.039398193359375
            ],
            [
              -66.80510711669922,
              45.04000473022461
            ],
            [
              -66.80279541015625,
              45.04060745239258
            ],
            [
              -66.80138397216797,
              45.040924072265625
            ],
            [
              -66.79940032958984,
              45.04092025756836
            ],
            [
              -66.79769134521484,
              45.04191589355469
            ],
            [
              -66.7957992553711,
              45.04292297363281
            ],
            [
              -66.7951889038086,
              45.045108795166016
            ],
            [
              -66.7925033569336,
              45.045928955078125
            ],
            [
              -66.7903060913086,
              45.04544448852539
            ],
            [
              -66.78799438476562,
              45.046119689941406
            ],
            [
              -66.7862777709961,
              45.04774475097656
            ],
            [
              -66.78469848632812,
              45.0489387512207
            ],
            [
              -66.78218841552734,
              45.04935836791992
            ],
            [
              -66.77950286865234,
              45.05105972290039
            ],
            [
              -66.776611328125,
              45.05205535888672
            ],
            [
              -66.77288818359375,
              45.05276870727539
            ],
            [
              -66.7702865600586,
              45.0533561706543
            ],
            [
              -66.76769256591797,
              45.053466796875
            ],
            [
              -66.76719665527344,
              45.050926208496094
            ],
            [
              -66.76900482177734,
              45.04877471923828
            ],
            [
              -66.77288055419922,
              45.047157287597656
            ],
            [
              -66.7757797241211,
              45.045955657958984
            ],
            [
              -66.77718353271484,
              45.04414749145508
            ],
            [
              -66.7807846069336,
              45.04283905029297
            ],
            [
              -66.78380584716797,
              45.040340423583984
            ],
            [
              -66.78070068359375,
              45.04023742675781
            ],
            [
              -66.77800750732422,
              45.04115676879883
            ],
            [
              -66.77471923828125,
              45.0426025390625
            ],
            [
              -66.77117156982422,
              45.044189453125
            ],
            [
              -66.76774597167969,
              45.04587173461914
            ],
            [
              -66.76406860351562,
              45.047420501708984
            ],
            [
              -66.76007843017578,
              45.04875183105469
            ],
            [
              -66.75567626953125,
              45.049530029296875
            ],
            [
              -66.75114440917969,
              45.05033493041992
            ],
            [
              -66.74678039550781,
              45.05156326293945
            ],
            [
              -66.74346923828125,
              45.05412292480469
            ],
            [
              -66.74146270751953,
              45.05743408203125
            ],
            [
              -66.73922729492188,
              45.060791015625
            ],
            [
              -66.7369384765625,
              45.064239501953125
            ],
            [
              -66.73468780517578,
              45.067832946777344
            ],
            [
              -66.73230743408203,
              45.071502685546875
            ],
            [
              -66.72855377197266,
              45.07468795776367
            ],
            [
              -66.72413635253906,
              45.07696533203125
            ],
            [
              -66.71830749511719,
              45.07558822631836
            ],
            [
              -66.71592712402344,
              45.07168960571289
            ],
            [
              -66.7155990600586,
              45.06703567504883
            ],
            [
              -66.71625518798828,
              45.06229019165039
            ],
            [
              -66.71729278564453,
              45.057411193847656
            ],
            [
              -66.71187591552734,
              45.058563232421875
            ],
            [
              -66.70645904541016,
              45.05970764160156
            ],
            [
              -66.70006561279297,
              45.06193542480469
            ],
            [
              -66.69367218017578,
              45.06414794921875
            ],
            [
              -66.68712615966797,
              45.066734313964844
            ],
            [
              -66.68058013916016,
              45.06932067871094
            ],
            [
              -66.67333984375,
              45.07151412963867
            ],
            [
              -66.66610717773438,
              45.07372283935547
            ],
            [
              -66.6597900390625,
              45.07733917236328
            ],
            [
              -66.6534652709961,
              45.0809440612793
            ],
            [
              -66.6473388671875,
              45.08510208129883
            ],
            [
              -66.6412124633789,
              45.089263916015625
            ],
            [
              -66.63309478759766,
              45.092201232910156
            ],
            [
              -66.6249771118164,
              45.09512710571289
            ],
            [
              -66.61709594726562,
              45.09897994995117
            ],
            [
              -66.60922241210938,
              45.10280990600586
            ],
            [
              -66.59970092773438,
              45.10369873046875
            ],
            [
              -66.59017944335938,
              45.10458755493164
            ],
            [
              -66.58648681640625,
              45.110595703125
            ],
            [
              -66.58279418945312,
              45.11660385131836
            ],
            [
              -66.57550811767578,
              45.12220001220703
            ],
            [
              -66.5682144165039,
              45.1277961730957
            ],
            [
              -66.5567855834961,
              45.12808609008789
            ],
            [
              -66.54535675048828,
              45.12836837768555
            ],
            [
              -66.53330993652344,
              45.12971115112305
            ],
            [
              -66.5212631225586,
              45.13105392456055
            ],
            [
              -66.51004791259766,
              45.13523864746094
            ],
            [
              -66.49882507324219,
              45.13942337036133
            ],
            [
              -66.48822784423828,
              45.134002685546875
            ],
            [
              -66.47763061523438,
              45.12856674194336
            ],
            [
              -66.47727966308594,
              45.11869430541992
            ],
            [
              -66.47692108154297,
              45.10881042480469
            ],
            [
              -66.47471618652344,
              45.0984001159668
            ],
            [
              -66.4725112915039,
              45.0880012512207
            ],
            [
              -66.47089385986328,
              45.07701110839844
            ],
            [
              -66.46927642822266,
              45.066017150878906
            ],
            [
              -66.45391082763672,
              45.06888198852539
            ],
            [
              -66.43854522705078,
              45.07173156738281
            ],
            [
              -66.42725372314453,
              45.07719421386719
            ],
            [
              -66.41595458984375,
              45.08265686035156
            ],
            [
              -66.40813446044922,
              45.09130096435547
            ],
            [
              -66.40031433105469,
              45.099937438964844
            ],
            [
              -66.38636779785156,
              45.104488372802734
            ],
            [
              -66.37240600585938,
              45.10903549194336
            ],
            [
              -66.36392211914062,
              45.118526458740234
            ],
            [
              -66.35543823242188,
              45.12803268432617
            ],
            [
              -66.3422622680664,
              45.1279182434082
            ],
            [
              -66.3290786743164,
              45.12779998779297
            ],
            [
              -66.3138656616211,
              45.129817962646484
            ],
            [
              -66.29864501953125,
              45.13181686401367
            ],
            [
              -66.28656768798828,
              45.13496017456055
            ],
            [
              -66.27449798583984,
              45.138092041015625
            ],
            [
              -66.2623519897461,
              45.1395149230957
            ],
            [
              -66.25020599365234,
              45.14093017578125
            ],
            [
              -66.23966217041016,
              45.142513275146484
            ],
            [
              -66.22911834716797,
              45.14409255981445
            ],
            [
              -66.21659088134766,
              45.1478385925293
            ],
            [
              -66.20406341552734,
              45.15158462524414
            ],
            [
              -66.19185638427734,
              45.156497955322266
            ],
            [
              -66.17964172363281,
              45.161399841308594
            ],
            [
              -66.16806030273438,
              45.16899871826172
            ],
            [
              -66.15647888183594,
              45.17659378051758
            ],
            [
              -66.15694427490234,
              45.18648910522461
            ],
            [
              -66.15740203857422,
              45.19639587402344
            ],
            [
              -66.15170288085938,
              45.203392028808594
            ],
            [
              -66.14599609375,
              45.21037673950195
            ],
            [
              -66.1353759765625,
              45.216827392578125
            ],
            [
              -66.12474822998047,
              45.2232666015625
            ],
            [
              -66.11091613769531,
              45.22441864013672
            ],
            [
              -66.09707641601562,
              45.22557067871094
            ],
            [
              -66.09127807617188,
              45.23383331298828
            ],
            [
              -66.0854721069336,
              45.24209213256836
            ],
            [
              -66.07364654541016,
              45.245506286621094
            ],
            [
              -66.06181335449219,
              45.24892044067383
            ],
            [
              -66.05693054199219,
              45.25605773925781
            ],
            [
              -66.05205535888672,
              45.263187408447266
            ],
            [
              -66.03852081298828,
              45.26557540893555
            ],
            [
              -66.02498626708984,
              45.267967224121094
            ],
            [
              -66.01976013183594,
              45.260135650634766
            ],
            [
              -66.01453399658203,
              45.25229263305664
            ],
            [
              -66.0091781616211,
              45.244537353515625
            ],
            [
              -66.00382232666016,
              45.23678970336914
            ],
            [
              -66.00133514404297,
              45.22690200805664
            ],
            [
              -65.99884796142578,
              45.217018127441406
            ],
            [
              -65.98663330078125,
              45.21598434448242
            ],
            [
              -65.97441101074219,
              45.21495819091797
            ],
            [
              -65.96286010742188,
              45.21652603149414
            ],
            [
              -65.9512939453125,
              45.21809005737305
            ],
            [
              -65.94066619873047,
              45.210872650146484
            ],
            [
              -65.93003845214844,
              45.20365524291992
            ],
            [
              -65.91609191894531,
              45.20025634765625
            ],
            [
              -65.90213775634766,
              45.196842193603516
            ],
            [
              -65.88801574707031,
              45.20187759399414
            ],
            [
              -65.87389373779297,
              45.206912994384766
            ],
            [
              -65.86211395263672,
              45.2144660949707
            ],
            [
              -65.850341796875,
              45.222007751464844
            ],
            [
              -65.84033966064453,
              45.230770111083984
            ],
            [
              -65.8303451538086,
              45.23950958251953
            ],
            [
              -65.82173919677734,
              45.248966217041016
            ],
            [
              -65.81312561035156,
              45.2584228515625
            ],
            [
              -65.79869842529297,
              45.259098052978516
            ],
            [
              -65.78427124023438,
              45.259761810302734
            ],
            [
              -65.76898193359375,
              45.256656646728516
            ],
            [
              -65.75369262695312,
              45.25355911254883
            ],
            [
              -65.74175262451172,
              45.26021194458008
            ],
            [
              -65.72981262207031,
              45.26686477661133
            ],
            [
              -65.71781158447266,
              45.273956298828125
            ],
            [
              -65.70580291748047,
              45.281044006347656
            ],
            [
              -65.69004821777344,
              45.281219482421875
            ],
            [
              -65.67428588867188,
              45.28139114379883
            ],
            [
              -65.66073608398438,
              45.287261962890625
            ],
            [
              -65.64718627929688,
              45.293128967285156
            ],
            [
              -65.63227081298828,
              45.29706573486328
            ],
            [
              -65.61735534667969,
              45.3010139465332
            ],
            [
              -65.60321807861328,
              45.30597686767578
            ],
            [
              -65.58908081054688,
              45.31093978881836
            ],
            [
              -65.57352447509766,
              45.311561584472656
            ],
            [
              -65.5579605102539,
              45.31218338012695
            ],
            [
              -65.54955291748047,
              45.32078552246094
            ],
            [
              -65.54114532470703,
              45.32940673828125
            ],
            [
              -65.53974151611328,
              45.3399772644043
            ],
            [
              -65.53833770751953,
              45.350547790527344
            ],
            [
              -65.52653503417969,
              45.357913970947266
            ],
            [
              -65.51473236083984,
              45.36526870727539
            ],
            [
              -65.49966430664062,
              45.368831634521484
            ],
            [
              -65.4845962524414,
              45.372379302978516
            ],
            [
              -65.4722900390625,
              45.37891387939453
            ],
            [
              -65.4599838256836,
              45.38546371459961
            ],
            [
              -65.45018768310547,
              45.39434051513672
            ],
            [
              -65.44039154052734,
              45.40321731567383
            ],
            [
              -65.42704010009766,
              45.409217834472656
            ],
            [
              -65.41368865966797,
              45.415218353271484
            ],
            [
              -65.39922332763672,
              45.42000198364258
            ],
            [
              -65.38475799560547,
              45.424774169921875
            ],
            [
              -65.37112426757812,
              45.43062210083008
            ],
            [
              -65.35749053955078,
              45.43647384643555
            ],
            [
              -65.34574890136719,
              45.4440803527832
            ],
            [
              -65.3340072631836,
              45.45167922973633
            ],
            [
              -65.31967163085938,
              45.456546783447266
            ],
            [
              -65.30533599853516,
              45.461429595947266
            ],
            [
              -65.29132080078125,
              45.466827392578125
            ],
            [
              -65.27730560302734,
              45.47222137451172
            ],
            [
              -65.26205444335938,
              45.475555419921875
            ],
            [
              -65.2468032836914,
              45.47888946533203
            ],
            [
              -65.23271179199219,
              45.484188079833984
            ],
            [
              -65.21862030029297,
              45.489463806152344
            ],
            [
              -65.20494079589844,
              45.49529266357422
            ],
            [
              -65.19125366210938,
              45.50111770629883
            ],
            [
              -65.17691802978516,
              45.50611114501953
            ],
            [
              -65.16258239746094,
              45.511104583740234
            ],
            [
              -65.14913940429688,
              45.51715087890625
            ],
            [
              -65.13568878173828,
              45.523193359375
            ],
            [
              -65.119873046875,
              45.524681091308594
            ],
            [
              -65.10406494140625,
              45.52616882324219
            ],
            [
              -65.08839416503906,
              45.52842330932617
            ],
            [
              -65.07272338867188,
              45.53067398071289
            ],
            [
              -65.05792999267578,
              45.53495407104492
            ],
            [
              -65.04313659667969,
              45.53923797607422
            ],
            [
              -65.02803039550781,
              45.54291915893555
            ],
            [
              -65.0129165649414,
              45.54660415649414
            ],
            [
              -64.99943542480469,
              45.55263137817383
            ],
            [
              -64.9859619140625,
              45.55865478515625
            ],
            [
              -64.97509765625,
              45.56686019897461
            ],
            [
              -64.96424102783203,
              45.5750617980957
            ],
            [
              -64.95578002929688,
              45.58445739746094
            ],
            [
              -64.94731140136719,
              45.59385299682617
            ],
            [
              -64.93302154541016,
              45.598907470703125
            ],
            [
              -64.9187240600586,
              45.60395812988281
            ],
            [
              -64.90545654296875,
              45.61003494262695
            ],
            [
              -64.89219665527344,
              45.616111755371094
            ],
            [
              -64.8801498413086,
              45.62297058105469
            ],
            [
              -64.86809539794922,
              45.62984085083008
            ],
            [
              -64.85145568847656,
              45.630496978759766
            ],
            [
              -64.8348159790039,
              45.63115310668945
            ],
            [
              -64.8201675415039,
              45.628475189208984
            ],
            [
              -64.80552673339844,
              45.62580490112305
            ],
            [
              -64.798828125,
              45.61958694458008
            ],
            [
              -64.7921371459961,
              45.61338424682617
            ],
            [
              -64.78592681884766,
              45.605159759521484
            ],
            [
              -64.77971649169922,
              45.5969352722168
            ],
            [
              -64.7732925415039,
              45.60517883300781
            ],
            [
              -64.76686096191406,
              45.61343765258789
            ],
            [
              -64.76140594482422,
              45.61906814575195
            ],
            [
              -64.75594329833984,
              45.624698638916016
            ],
            [
              -64.74824523925781,
              45.63454818725586
            ],
            [
              -64.74053955078125,
              45.64437484741211
            ],
            [
              -64.7292251586914,
              45.652099609375
            ],
            [
              -64.71790313720703,
              45.659820556640625
            ],
            [
              -64.70801544189453,
              45.66859436035156
            ],
            [
              -64.69813537597656,
              45.6773681640625
            ],
            [
              -64.6949462890625,
              45.68826675415039
            ],
            [
              -64.69176483154297,
              45.69916534423828
            ],
            [
              -64.68767547607422,
              45.708251953125
            ],
            [
              -64.68357849121094,
              45.717342376708984
            ],
            [
              -64.66964721679688,
              45.718929290771484
            ],
            [
              -64.65570831298828,
              45.720516204833984
            ],
            [
              -64.6596450805664,
              45.72858810424805
            ],
            [
              -64.66358184814453,
              45.736656188964844
            ],
            [
              -64.66148376464844,
              45.74301528930664
            ],
            [
              -64.65937805175781,
              45.74937057495117
            ],
            [
              -64.65288543701172,
              45.75348663330078
            ],
            [
              -64.64639282226562,
              45.757606506347656
            ],
            [
              -64.63947296142578,
              45.76681137084961
            ],
            [
              -64.63255310058594,
              45.775997161865234
            ],
            [
              -64.62218475341797,
              45.78459167480469
            ],
            [
              -64.61180877685547,
              45.79317855834961
            ],
            [
              -64.60197448730469,
              45.80207061767578
            ],
            [
              -64.59213256835938,
              45.810951232910156
            ],
            [
              -64.58253479003906,
              45.81723403930664
            ],
            [
              -64.57293701171875,
              45.82351303100586
            ],
            [
              -64.57029724121094,
              45.830936431884766
            ],
            [
              -64.5676498413086,
              45.838348388671875
            ],
            [
              -64.56843566894531,
              45.84423065185547
            ],
            [
              -64.56922912597656,
              45.85011291503906
            ],
            [
              -64.5744857788086,
              45.856014251708984
            ],
            [
              -64.57974243164062,
              45.86192321777344
            ],
            [
              -64.5878677368164,
              45.866947174072266
            ],
            [
              -64.59599304199219,
              45.87196731567383
            ],
            [
              -64.60159301757812,
              45.87718963623047
            ],
            [
              -64.6072006225586,
              45.88240051269531
            ],
            [
              -64.6115493774414,
              45.88727569580078
            ],
            [
              -64.61589050292969,
              45.89215087890625
            ],
            [
              -64.61935424804688,
              45.89738845825195
            ],
            [
              -64.62281799316406,
              45.902626037597656
            ],
            [
              -64.62507629394531,
              45.90851593017578
            ],
            [
              -64.62732696533203,
              45.91440963745117
            ],
            [
              -64.62906646728516,
              45.919830322265625
            ],
            [
              -64.63081359863281,
              45.92524719238281
            ],
            [
              -64.63406372070312,
              45.931129455566406
            ],
            [
              -64.63731384277344,
              45.937007904052734
            ],
            [
              -64.63176727294922,
              45.94004440307617
            ],
            [
              -64.626220703125,
              45.94308853149414
            ],
            [
              -64.62061309814453,
              45.93781661987305
            ],
            [
              -64.61500549316406,
              45.932552337646484
            ],
            [
              -64.6126480102539,
              45.92695999145508
            ],
            [
              -64.61029815673828,
              45.92136001586914
            ],
            [
              -64.60791015625,
              45.91530990600586
            ],
            [
              -64.60551452636719,
              45.90925979614258
            ],
            [
              -64.6029281616211,
              45.90485763549805
            ],
            [
              -64.60033416748047,
              45.900455474853516
            ],
            [
              -64.59640502929688,
              45.895748138427734
            ],
            [
              -64.59248352050781,
              45.89104080200195
            ],
            [
              -64.58700561523438,
              45.88597869873047
            ],
            [
              -64.58152770996094,
              45.88091278076172
            ],
            [
              -64.57352447509766,
              45.87529373168945
            ],
            [
              -64.56551361083984,
              45.86968231201172
            ],
            [
              -64.55570983886719,
              45.86509323120117
            ],
            [
              -64.54590606689453,
              45.86050796508789
            ],
            [
              -64.53984069824219,
              45.85394287109375
            ],
            [
              -64.53377532958984,
              45.847389221191406
            ],
            [
              -64.52388763427734,
              45.83852005004883
            ],
            [
              -64.51399993896484,
              45.82966232299805
            ],
            [
              -64.50489044189453,
              45.82040786743164
            ],
            [
              -64.49578094482422,
              45.81116485595703
            ],
            [
              -64.49947357177734,
              45.800941467285156
            ],
            [
              -64.50316619873047,
              45.79073715209961
            ],
            [
              -64.51122283935547,
              45.781005859375
            ],
            [
              -64.51927185058594,
              45.771278381347656
            ],
            [
              -64.52245330810547,
              45.76036834716797
            ],
            [
              -64.52562713623047,
              45.749446868896484
            ],
            [
              -64.53550720214844,
              45.741851806640625
            ],
            [
              -64.54537963867188,
              45.73426055908203
            ],
            [
              -64.53689575195312,
              45.72780990600586
            ],
            [
              -64.5284194946289,
              45.72135543823242
            ],
            [
              -64.51476287841797,
              45.723121643066406
            ],
            [
              -64.50110626220703,
              45.724891662597656
            ],
            [
              -64.49154663085938,
              45.73210906982422
            ],
            [
              -64.48198699951172,
              45.73932647705078
            ],
            [
              -64.4832534790039,
              45.74747848510742
            ],
            [
              -64.48452758789062,
              45.75563049316406
            ],
            [
              -64.4783935546875,
              45.76232147216797
            ],
            [
              -64.47225189208984,
              45.76900863647461
            ],
            [
              -64.46163177490234,
              45.77308654785156
            ],
            [
              -64.45101165771484,
              45.777164459228516
            ],
            [
              -64.4378433227539,
              45.78325271606445
            ],
            [
              -64.42466735839844,
              45.78934097290039
            ],
            [
              -64.41921997070312,
              45.79751205444336
            ],
            [
              -64.41377258300781,
              45.80568313598633
            ],
            [
              -64.40743255615234,
              45.81491470336914
            ],
            [
              -64.40108489990234,
              45.824127197265625
            ],
            [
              -64.387451171875,
              45.83095932006836
            ],
            [
              -64.37381744384766,
              45.83778762817383
            ],
            [
              -64.36590576171875,
              45.84798049926758
            ],
            [
              -64.35799407958984,
              45.858154296875
            ],
            [
              -64.34275817871094,
              45.86070251464844
            ],
            [
              -64.3275146484375,
              45.86322784423828
            ],
            [
              -64.31389617919922,
              45.8575553894043
            ],
            [
              -64.30027770996094,
              45.85188293457031
            ],
            [
              -64.29161071777344,
              45.84246826171875
            ],
            [
              -64.28295135498047,
              45.83305740356445
            ],
            [
              -64.28670501708984,
              45.825252532958984
            ],
            [
              -64.29045867919922,
              45.81745147705078
            ],
            [
              -64.30411529541016,
              45.82314682006836
            ],
            [
              -64.3177719116211,
              45.82883834838867
            ],
            [
              -64.33173370361328,
              45.82265090942383
            ],
            [
              -64.34569549560547,
              45.816463470458984
            ],
            [
              -64.35759735107422,
              45.808990478515625
            ],
            [
              -64.36949157714844,
              45.801517486572266
            ],
            [
              -64.37516021728516,
              45.79288101196289
            ],
            [
              -64.38082885742188,
              45.784244537353516
            ],
            [
              -64.38336944580078,
              45.77682876586914
            ],
            [
              -64.38591766357422,
              45.76941680908203
            ],
            [
              -64.39421844482422,
              45.76466751098633
            ],
            [
              -64.40251922607422,
              45.75991439819336
            ],
            [
              -64.41213989257812,
              45.75787353515625
            ],
            [
              -64.4217529296875,
              45.755828857421875
            ],
            [
              -64.43143463134766,
              45.75068283081055
            ],
            [
              -64.44111633300781,
              45.74553298950195
            ],
            [
              -64.44563293457031,
              45.73981857299805
            ],
            [
              -64.45014190673828,
              45.734100341796875
            ],
            [
              -64.44374084472656,
              45.728309631347656
            ],
            [
              -64.43733215332031,
              45.72251892089844
            ],
            [
              -64.44048309326172,
              45.7154426574707
            ],
            [
              -64.4436264038086,
              45.70836639404297
            ],
            [
              -64.44914245605469,
              45.70133972167969
            ],
            [
              -64.45466613769531,
              45.69431686401367
            ],
            [
              -64.46308898925781,
              45.687828063964844
            ],
            [
              -64.47151947021484,
              45.681339263916016
            ],
            [
              -64.48251342773438,
              45.673187255859375
            ],
            [
              -64.4935073852539,
              45.665035247802734
            ],
            [
              -64.50785827636719,
              45.66026306152344
            ],
            [
              -64.52220916748047,
              45.65548324584961
            ],
            [
              -64.53071594238281,
              45.64599609375
            ],
            [
              -64.53921508789062,
              45.63651657104492
            ],
            [
              -64.55088806152344,
              45.62881851196289
            ],
            [
              -64.56256866455078,
              45.621124267578125
            ],
            [
              -64.57478332519531,
              45.613887786865234
            ],
            [
              -64.58699798583984,
              45.60663604736328
            ],
            [
              -64.60130310058594,
              45.60158920288086
            ],
            [
              -64.61560821533203,
              45.59654998779297
            ],
            [
              -64.62953186035156,
              45.59130859375
            ],
            [
              -64.64344787597656,
              45.5860595703125
            ],
            [
              -64.65181732177734,
              45.575462341308594
            ],
            [
              -64.6601791381836,
              45.56486892700195
            ],
            [
              -64.66879272460938,
              45.55648422241211
            ],
            [
              -64.67739868164062,
              45.548095703125
            ],
            [
              -64.6896743774414,
              45.54241180419922
            ],
            [
              -64.70194244384766,
              45.53672790527344
            ],
            [
              -64.71680450439453,
              45.53303909301758
            ],
            [
              -64.7316665649414,
              45.52933883666992
            ],
            [
              -64.7449951171875,
              45.52311325073242
            ],
            [
              -64.75830841064453,
              45.516883850097656
            ],
            [
              -64.77262878417969,
              45.51201629638672
            ],
            [
              -64.78694152832031,
              45.50715255737305
            ],
            [
              -64.80029296875,
              45.50120162963867
            ],
            [
              -64.81363677978516,
              45.49525451660156
            ],
            [
              -64.8274917602539,
              45.48992156982422
            ],
            [
              -64.84134674072266,
              45.48457717895508
            ],
            [
              -64.8486099243164,
              45.475460052490234
            ],
            [
              -64.8558578491211,
              45.46635437011719
            ],
            [
              -64.86666870117188,
              45.45859146118164
            ],
            [
              -64.87747192382812,
              45.450828552246094
            ],
            [
              -64.88739013671875,
              45.442047119140625
            ],
            [
              -64.89730072021484,
              45.433258056640625
            ],
            [
              -64.91010284423828,
              45.427059173583984
            ],
            [
              -64.92290496826172,
              45.42083740234375
            ],
            [
              -64.92496490478516,
              45.40972137451172
            ],
            [
              -64.9270248413086,
              45.39860534667969
            ],
            [
              -64.92801666259766,
              45.38743591308594
            ],
            [
              -64.92900848388672,
              45.37626266479492
            ],
            [
              -64.93479919433594,
              45.36579513549805
            ],
            [
              -64.94058990478516,
              45.355316162109375
            ],
            [
              -64.94178771972656,
              45.345069885253906
            ],
            [
              -64.94297790527344,
              45.33481216430664
            ],
            [
              -64.92789459228516,
              45.33549880981445
            ],
            [
              -64.91281127929688,
              45.336177825927734
            ],
            [
              -64.89911651611328,
              45.34188461303711
            ],
            [
              -64.88541412353516,
              45.34760284423828
            ],
            [
              -64.87033081054688,
              45.35118103027344
            ],
            [
              -64.85525512695312,
              45.35475540161133
            ],
            [
              -64.83995056152344,
              45.35325622558594
            ],
            [
              -64.82463836669922,
              45.351741790771484
            ],
            [
              -64.81312561035156,
              45.34404373168945
            ],
            [
              -64.8016128540039,
              45.33633804321289
            ],
            [
              -64.7954330444336,
              45.32613754272461
            ],
            [
              -64.78925323486328,
              45.31593704223633
            ],
            [
              -64.7817611694336,
              45.30707931518555
            ],
            [
              -64.77426147460938,
              45.29822540283203
            ],
            [
              -64.76273345947266,
              45.30483627319336
            ],
            [
              -64.75120544433594,
              45.31144714355469
            ],
            [
              -64.73595428466797,
              45.313621520996094
            ],
            [
              -64.72071075439453,
              45.31578826904297
            ],
            [
              -64.71345520019531,
              45.324974060058594
            ],
            [
              -64.7061996459961,
              45.334171295166016
            ],
            [
              -64.70777130126953,
              45.34526824951172
            ],
            [
              -64.70934295654297,
              45.356353759765625
            ],
            [
              -64.70066833496094,
              45.36566925048828
            ],
            [
              -64.69197845458984,
              45.3749885559082
            ],
            [
              -64.67929077148438,
              45.38174819946289
            ],
            [
              -64.6666030883789,
              45.388511657714844
            ],
            [
              -64.65196228027344,
              45.39295196533203
            ],
            [
              -64.63731384277344,
              45.397396087646484
            ],
            [
              -64.6219482421875,
              45.40044403076172
            ],
            [
              -64.6065902709961,
              45.40348815917969
            ],
            [
              -64.59095764160156,
              45.40569305419922
            ],
            [
              -64.57532501220703,
              45.40790557861328
            ],
            [
              -64.55945587158203,
              45.40742492675781
            ],
            [
              -64.54359436035156,
              45.40692901611328
            ],
            [
              -64.52875518798828,
              45.402801513671875
            ],
            [
              -64.513916015625,
              45.39867401123047
            ],
            [
              -64.49845886230469,
              45.39631652832031
            ],
            [
              -64.48300170898438,
              45.39397048950195
            ],
            [
              -64.46849060058594,
              45.39212417602539
            ],
            [
              -64.4539794921875,
              45.39026641845703
            ],
            [
              -64.44178771972656,
              45.383460998535156
            ],
            [
              -64.42959594726562,
              45.37665557861328
            ],
            [
              -64.41407775878906,
              45.37408447265625
            ],
            [
              -64.3985595703125,
              45.371524810791016
            ],
            [
              -64.38373565673828,
              45.37458801269531
            ],
            [
              -64.36891174316406,
              45.37764358520508
            ],
            [
              -64.35376739501953,
              45.375732421875
            ],
            [
              -64.33863067626953,
              45.373817443847656
            ],
            [
              -64.32923126220703,
              45.38115310668945
            ],
            [
              -64.31982421875,
              45.388511657714844
            ],
            [
              -64.30601501464844,
              45.38707733154297
            ],
            [
              -64.29220581054688,
              45.385643005371094
            ],
            [
              -64.27693176269531,
              45.38247299194336
            ],
            [
              -64.26165771484375,
              45.3792839050293
            ],
            [
              -64.24982452392578,
              45.385074615478516
            ],
            [
              -64.23799896240234,
              45.390872955322266
            ],
            [
              -64.22284698486328,
              45.39433288574219
            ],
            [
              -64.20769500732422,
              45.39778518676758
            ],
            [
              -64.19219970703125,
              45.39946365356445
            ],
            [
              -64.17670440673828,
              45.40114212036133
            ],
            [
              -64.16085052490234,
              45.40111541748047
            ],
            [
              -64.1449966430664,
              45.40108108520508
            ],
            [
              -64.12972259521484,
              45.40420150756836
            ],
            [
              -64.11444854736328,
              45.407310485839844
            ],
            [
              -64.09925079345703,
              45.40676498413086
            ],
            [
              -64.08406066894531,
              45.406211853027344
            ],
            [
              -64.07195281982422,
              45.39906311035156
            ],
            [
              -64.05985260009766,
              45.391902923583984
            ],
            [
              -64.045654296875,
              45.38847732543945
            ],
            [
              -64.03146362304688,
              45.38505172729492
            ],
            [
              -64.01708221435547,
              45.38944625854492
            ],
            [
              -64.002685546875,
              45.393856048583984
            ],
            [
              -63.98750686645508,
              45.39614486694336
            ],
            [
              -63.97232437133789,
              45.39841842651367
            ],
            [
              -63.95803451538086,
              45.39385223388672
            ],
            [
              -63.943748474121094,
              45.389286041259766
            ],
            [
              -63.933982849121094,
              45.380550384521484
            ],
            [
              -63.92422103881836,
              45.37181854248047
            ],
            [
              -63.918277740478516,
              45.36176681518555
            ],
            [
              -63.91233825683594,
              45.35172653198242
            ],
            [
              -63.89860534667969,
              45.35626220703125
            ],
            [
              -63.88487243652344,
              45.36080551147461
            ],
            [
              -63.8758430480957,
              45.36979675292969
            ],
            [
              -63.8668098449707,
              45.378787994384766
            ],
            [
              -63.85201644897461,
              45.38295364379883
            ],
            [
              -63.83721923828125,
              45.38712692260742
            ],
            [
              -63.822105407714844,
              45.39069747924805
            ],
            [
              -63.80698776245117,
              45.39426803588867
            ],
            [
              -63.79173278808594,
              45.397281646728516
            ],
            [
              -63.77648162841797,
              45.40028381347656
            ],
            [
              -63.76085662841797,
              45.39862060546875
            ],
            [
              -63.745235443115234,
              45.39695358276367
            ],
            [
              -63.7306022644043,
              45.392616271972656
            ],
            [
              -63.71596908569336,
              45.38826370239258
            ],
            [
              -63.70036315917969,
              45.388404846191406
            ],
            [
              -63.684757232666016,
              45.38852310180664
            ],
            [
              -63.66991424560547,
              45.390464782714844
            ],
            [
              -63.65507125854492,
              45.39240646362305
            ],
            [
              -63.640052795410156,
              45.39091873168945
            ],
            [
              -63.625030517578125,
              45.389427185058594
            ],
            [
              -63.61030578613281,
              45.3894157409668
            ],
            [
              -63.5955810546875,
              45.389404296875
            ],
            [
              -63.58162307739258,
              45.384185791015625
            ],
            [
              -63.56766128540039,
              45.37898254394531
            ],
            [
              -63.552398681640625,
              45.37575912475586
            ],
            [
              -63.537132263183594,
              45.372535705566406
            ],
            [
              -63.521610260009766,
              45.3715705871582
            ],
            [
              -63.50608825683594,
              45.370609283447266
            ],
            [
              -63.4911003112793,
              45.36929702758789
            ],
            [
              -63.47610855102539,
              45.367984771728516
            ],
            [
              -63.46125411987305,
              45.36515808105469
            ],
            [
              -63.4463996887207,
              45.362327575683594
            ],
            [
              -63.44218063354492,
              45.35517120361328
            ],
            [
              -63.437957763671875,
              45.348018646240234
            ],
            [
              -63.452171325683594,
              45.343101501464844
            ],
            [
              -63.46637725830078,
              45.33818817138672
            ],
            [
              -63.47315979003906,
              45.330352783203125
            ],
            [
              -63.47993850708008,
              45.32251739501953
            ],
            [
              -63.4903450012207,
              45.32267761230469
            ],
            [
              -63.50074768066406,
              45.322837829589844
            ],
            [
              -63.513545989990234,
              45.329498291015625
            ],
            [
              -63.52634811401367,
              45.33615493774414
            ],
            [
              -63.53697204589844,
              45.33110809326172
            ],
            [
              -63.54759216308594,
              45.326053619384766
            ],
            [
              -63.56113815307617,
              45.32136535644531
            ],
            [
              -63.574684143066406,
              45.3166618347168
            ],
            [
              -63.590579986572266,
              45.31624984741211
            ],
            [
              -63.60647201538086,
              45.31582260131836
            ],
            [
              -63.62237548828125,
              45.31644821166992
            ],
            [
              -63.63827896118164,
              45.317073822021484
            ],
            [
              -63.654197692871094,
              45.31741714477539
            ],
            [
              -63.67011260986328,
              45.31776809692383
            ],
            [
              -63.6849365234375,
              45.321556091308594
            ],
            [
              -63.69975662231445,
              45.32534408569336
            ],
            [
              -63.713706970214844,
              45.32109451293945
            ],
            [
              -63.727657318115234,
              45.31684494018555
            ],
            [
              -63.739967346191406,
              45.311222076416016
            ],
            [
              -63.75227737426758,
              45.30558395385742
            ],
            [
              -63.7641487121582,
              45.311038970947266
            ],
            [
              -63.77602005004883,
              45.316497802734375
            ],
            [
              -63.789424896240234,
              45.31364822387695
            ],
            [
              -63.80282974243164,
              45.310794830322266
            ],
            [
              -63.81090545654297,
              45.302249908447266
            ],
            [
              -63.8189811706543,
              45.293704986572266
            ],
            [
              -63.833282470703125,
              45.28882598876953
            ],
            [
              -63.84758377075195,
              45.2839469909668
            ],
            [
              -63.86284255981445,
              45.28148651123047
            ],
            [
              -63.87810134887695,
              45.279022216796875
            ],
            [
              -63.89385986328125,
              45.27770233154297
            ],
            [
              -63.90961456298828,
              45.27638244628906
            ],
            [
              -63.923797607421875,
              45.271507263183594
            ],
            [
              -63.9379768371582,
              45.26660919189453
            ],
            [
              -63.952430725097656,
              45.26213836669922
            ],
            [
              -63.96688461303711,
              45.25764846801758
            ],
            [
              -63.98100662231445,
              45.25265121459961
            ],
            [
              -63.9951286315918,
              45.24763870239258
            ],
            [
              -64.00932312011719,
              45.242637634277344
            ],
            [
              -64.02351379394531,
              45.237632751464844
            ],
            [
              -64.0389633178711,
              45.23507308959961
            ],
            [
              -64.05441284179688,
              45.232513427734375
            ],
            [
              -64.06842803955078,
              45.22747039794922
            ],
            [
              -64.08242797851562,
              45.22241973876953
            ],
            [
              -64.09700775146484,
              45.21803665161133
            ],
            [
              -64.11158752441406,
              45.21363830566406
            ],
            [
              -64.12523651123047,
              45.207923889160156
            ],
            [
              -64.13888549804688,
              45.202213287353516
            ],
            [
              -64.1532974243164,
              45.19757080078125
            ],
            [
              -64.16770935058594,
              45.192935943603516
            ],
            [
              -64.16657257080078,
              45.182472229003906
            ],
            [
              -64.16544342041016,
              45.1720085144043
            ],
            [
              -64.17664337158203,
              45.16478729248047
            ],
            [
              -64.1878433227539,
              45.157562255859375
            ],
            [
              -64.19447326660156,
              45.14750671386719
            ],
            [
              -64.20110321044922,
              45.137454986572266
            ],
            [
              -64.19922637939453,
              45.12641143798828
            ],
            [
              -64.19735717773438,
              45.1153564453125
            ],
            [
              -64.21002960205078,
              45.11167907714844
            ],
            [
              -64.22270202636719,
              45.10798645019531
            ],
            [
              -64.23619842529297,
              45.11391067504883
            ],
            [
              -64.24969482421875,
              45.11981964111328
            ],
            [
              -64.26193237304688,
              45.12693786621094
            ],
            [
              -64.27416229248047,
              45.1340446472168
            ],
            [
              -64.28855895996094,
              45.13808059692383
            ],
            [
              -64.30294799804688,
              45.142120361328125
            ],
            [
              -64.3177261352539,
              45.13874053955078
            ],
            [
              -64.3324966430664,
              45.13536071777344
            ],
            [
              -64.33628845214844,
              45.12519836425781
            ],
            [
              -64.340087890625,
              45.11503982543945
            ],
            [
              -64.35149383544922,
              45.11589813232422
            ],
            [
              -64.3628921508789,
              45.11676025390625
            ],
            [
              -64.37149810791016,
              45.12346649169922
            ],
            [
              -64.38011169433594,
              45.13018035888672
            ],
            [
              -64.37742614746094,
              45.14097213745117
            ],
            [
              -64.37474822998047,
              45.151756286621094
            ],
            [
              -64.36358642578125,
              45.15956497192383
            ],
            [
              -64.3524169921875,
              45.167354583740234
            ],
            [
              -64.35501861572266,
              45.178245544433594
            ],
            [
              -64.35762023925781,
              45.18913650512695
            ],
            [
              -64.36402893066406,
              45.19911193847656
            ],
            [
              -64.37043762207031,
              45.209075927734375
            ],
            [
              -64.36437225341797,
              45.21940612792969
            ],
            [
              -64.3582992553711,
              45.229736328125
            ],
            [
              -64.35487365722656,
              45.24055862426758
            ],
            [
              -64.35144805908203,
              45.25139236450195
            ],
            [
              -64.34115600585938,
              45.259822845458984
            ],
            [
              -64.33087158203125,
              45.26824951171875
            ],
            [
              -64.32836151123047,
              45.27912902832031
            ],
            [
              -64.32585906982422,
              45.290000915527344
            ],
            [
              -64.33399963378906,
              45.2994270324707
            ],
            [
              -64.34214782714844,
              45.308841705322266
            ],
            [
              -64.35610961914062,
              45.314208984375
            ],
            [
              -64.37007904052734,
              45.319576263427734
            ],
            [
              -64.38536834716797,
              45.32268142700195
            ],
            [
              -64.40065002441406,
              45.32579040527344
            ],
            [
              -64.41648864746094,
              45.32708740234375
            ],
            [
              -64.43232727050781,
              45.328369140625
            ],
            [
              -64.44813537597656,
              45.3297233581543
            ],
            [
              -64.46394348144531,
              45.331092834472656
            ],
            [
              -64.4740219116211,
              45.32807922363281
            ],
            [
              -64.48409271240234,
              45.325069427490234
            ],
            [
              -64.46942138671875,
              45.32101821899414
            ],
            [
              -64.45475006103516,
              45.31697082519531
            ],
            [
              -64.44051361083984,
              45.31636428833008
            ],
            [
              -64.42627716064453,
              45.31575012207031
            ],
            [
              -64.41404724121094,
              45.309165954589844
            ],
            [
              -64.40181732177734,
              45.30258560180664
            ],
            [
              -64.40257263183594,
              45.29185104370117
            ],
            [
              -64.40332794189453,
              45.281124114990234
            ],
            [
              -64.41439819335938,
              45.27325439453125
            ],
            [
              -64.42547607421875,
              45.2653694152832
            ],
            [
              -64.43763732910156,
              45.25812530517578
            ],
            [
              -64.44979858398438,
              45.25088119506836
            ],
            [
              -64.4642105102539,
              45.24623489379883
            ],
            [
              -64.47862243652344,
              45.24160385131836
            ],
            [
              -64.49356842041016,
              45.237728118896484
            ],
            [
              -64.50850677490234,
              45.233856201171875
            ],
            [
              -64.5235595703125,
              45.23019790649414
            ],
            [
              -64.53860473632812,
              45.226539611816406
            ],
            [
              -64.55225372314453,
              45.22079086303711
            ],
            [
              -64.5658950805664,
              45.215057373046875
            ],
            [
              -64.58059692382812,
              45.210784912109375
            ],
            [
              -64.59529113769531,
              45.20652770996094
            ],
            [
              -64.61077880859375,
              45.2039909362793
            ],
            [
              -64.62626647949219,
              45.20146560668945
            ],
            [
              -64.64111328125,
              45.19743347167969
            ],
            [
              -64.65594482421875,
              45.193389892578125
            ],
            [
              -64.67091369628906,
              45.18958282470703
            ],
            [
              -64.68587493896484,
              45.185768127441406
            ],
            [
              -64.70089721679688,
              45.18208694458008
            ],
            [
              -64.7159194946289,
              45.178401947021484
            ],
            [
              -64.7315673828125,
              45.17647933959961
            ],
            [
              -64.7472152709961,
              45.17454147338867
            ],
            [
              -64.76141357421875,
              45.169517517089844
            ],
            [
              -64.77560424804688,
              45.16448974609375
            ],
            [
              -64.79002380371094,
              45.15977478027344
            ],
            [
              -64.80445098876953,
              45.155059814453125
            ],
            [
              -64.81981658935547,
              45.15229415893555
            ],
            [
              -64.83518981933594,
              45.149505615234375
            ],
            [
              -64.8488998413086,
              45.14383316040039
            ],
            [
              -64.86260223388672,
              45.13816452026367
            ],
            [
              -64.87702941894531,
              45.13348388671875
            ],
            [
              -64.89144897460938,
              45.12879180908203
            ],
            [
              -64.90409851074219,
              45.12202835083008
            ],
            [
              -64.916748046875,
              45.11524200439453
            ],
            [
              -64.93116760253906,
              45.110565185546875
            ],
            [
              -64.9455795288086,
              45.10588455200195
            ],
            [
              -64.95848846435547,
              45.09931945800781
            ],
            [
              -64.97138977050781,
              45.0927734375
            ],
            [
              -64.98432922363281,
              45.08625411987305
            ],
            [
              -64.99726867675781,
              45.07973098754883
            ],
            [
              -65.01049041748047,
              45.073516845703125
            ],
            [
              -65.0237045288086,
              45.06730651855469
            ],
            [
              -65.03614807128906,
              45.060386657714844
            ],
            [
              -65.048583984375,
              45.0534553527832
            ],
            [
              -65.06180572509766,
              45.04757308959961
            ],
            [
              -65.07503509521484,
              45.04169464111328
            ],
            [
              -65.08539581298828,
              45.03331756591797
            ],
            [
              -65.09575653076172,
              45.024959564208984
            ],
            [
              -65.10967254638672,
              45.01956558227539
            ],
            [
              -65.12358856201172,
              45.0141716003418
            ],
            [
              -65.13816833496094,
              45.009769439697266
            ],
            [
              -65.15274810791016,
              45.00536346435547
            ],
            [
              -65.16680908203125,
              45.00048828125
            ],
            [
              -65.18087768554688,
              44.99559783935547
            ],
            [
              -65.19187927246094,
              44.98750305175781
            ],
            [
              -65.202880859375,
              44.979408264160156
            ],
            [
              -65.21461486816406,
              44.971893310546875
            ],
            [
              -65.2263412475586,
              44.964378356933594
            ],
            [
              -65.24026489257812,
              44.959049224853516
            ],
            [
              -65.25418853759766,
              44.95372009277344
            ],
            [
              -65.26858520507812,
              44.94904327392578
            ],
            [
              -65.2829818725586,
              44.944366455078125
            ],
            [
              -65.29429626464844,
              44.93688201904297
            ],
            [
              -65.30561828613281,
              44.92938995361328
            ],
            [
              -65.3162612915039,
              44.922332763671875
            ],
            [
              -65.326904296875,
              44.91526794433594
            ],
            [
              -65.34186553955078,
              44.91249084472656
            ],
            [
              -65.35682678222656,
              44.90970230102539
            ],
            [
              -65.369384765625,
              44.902854919433594
            ],
            [
              -65.38194274902344,
              44.896018981933594
            ],
            [
              -65.39498138427734,
              44.889713287353516
            ],
            [
              -65.40801239013672,
              44.88343048095703
            ],
            [
              -65.4217529296875,
              44.87788391113281
            ],
            [
              -65.43549346923828,
              44.872344970703125
            ],
            [
              -65.44821166992188,
              44.86565017700195
            ],
            [
              -65.46092224121094,
              44.85894012451172
            ],
            [
              -65.47258758544922,
              44.85137939453125
            ],
            [
              -65.4842529296875,
              44.84379959106445
            ],
            [
              -65.49577331542969,
              44.836124420166016
            ],
            [
              -65.50728607177734,
              44.82844924926758
            ],
            [
              -65.52086639404297,
              44.822750091552734
            ],
            [
              -65.53443908691406,
              44.81705093383789
            ],
            [
              -65.54821014404297,
              44.81161880493164
            ],
            [
              -65.56198120117188,
              44.806182861328125
            ],
            [
              -65.57502746582031,
              44.79985046386719
            ],
            [
              -65.58807373046875,
              44.79351806640625
            ],
            [
              -65.601806640625,
              44.787940979003906
            ],
            [
              -65.61553192138672,
              44.782371520996094
            ],
            [
              -65.6288833618164,
              44.77637481689453
            ],
            [
              -65.6422348022461,
              44.77036666870117
            ],
            [
              -65.65470123291016,
              44.76346206665039
            ],
            [
              -65.66716766357422,
              44.756553649902344
            ],
            [
              -65.67937469482422,
              44.74941635131836
            ],
            [
              -65.69158935546875,
              44.74227523803711
            ],
            [
              -65.70376586914062,
              44.735111236572266
            ],
            [
              -65.7159423828125,
              44.72795486450195
            ],
            [
              -65.72830963134766,
              44.720943450927734
            ],
            [
              -65.74066925048828,
              44.713951110839844
            ],
            [
              -65.75379180908203,
              44.70771789550781
            ],
            [
              -65.76690673828125,
              44.70148468017578
            ],
            [
              -65.78005981445312,
              44.69529342651367
            ],
            [
              -65.793212890625,
              44.68910217285156
            ],
            [
              -65.80548095703125,
              44.68202590942383
            ],
            [
              -65.8177490234375,
              44.67495346069336
            ],
            [
              -65.8289794921875,
              44.66707229614258
            ],
            [
              -65.84020233154297,
              44.6591911315918
            ],
            [
              -65.85254669189453,
              44.6523323059082
            ],
            [
              -65.86488342285156,
              44.64546203613281
            ],
            [
              -65.87772369384766,
              44.638980865478516
            ],
            [
              -65.89055633544922,
              44.63248825073242
            ],
            [
              -65.90250396728516,
              44.625144958496094
            ],
            [
              -65.91444396972656,
              44.6177978515625
            ],
            [
              -65.92898559570312,
              44.61396789550781
            ],
            [
              -65.94353485107422,
              44.61013412475586
            ],
            [
              -65.95600128173828,
              44.603538513183594
            ],
            [
              -65.96847534179688,
              44.59693908691406
            ],
            [
              -65.98054504394531,
              44.58971405029297
            ],
            [
              -65.99261474609375,
              44.582496643066406
            ],
            [
              -66.0045166015625,
              44.57512283325195
            ],
            [
              -66.01641082763672,
              44.567745208740234
            ],
            [
              -66.02753448486328,
              44.55978012084961
            ],
            [
              -66.03866577148438,
              44.551822662353516
            ],
            [
              -66.04844665527344,
              44.54302215576172
            ],
            [
              -66.0582275390625,
              44.53419876098633
            ],
            [
              -66.06871795654297,
              44.52581787109375
            ],
            [
              -66.0792007446289,
              44.51743698120117
            ],
            [
              -66.09080505371094,
              44.50982666015625
            ],
            [
              -66.10240936279297,
              44.502235412597656
            ],
            [
              -66.11368560791016,
              44.49440002441406
            ],
            [
              -66.12496185302734,
              44.486549377441406
            ],
            [
              -66.13444519042969,
              44.47758483886719
            ],
            [
              -66.14392852783203,
              44.468605041503906
            ],
            [
              -66.15319061279297,
              44.459510803222656
            ],
            [
              -66.1624526977539,
              44.45041275024414
            ],
            [
              -66.17240905761719,
              44.44171142578125
            ],
            [
              -66.18235778808594,
              44.43299102783203
            ],
            [
              -66.19185638427734,
              44.424041748046875
            ],
            [
              -66.20135498046875,
              44.415077209472656
            ],
            [
              -66.21340942382812,
              44.40789794921875
            ],
            [
              -66.22547149658203,
              44.40071105957031
            ],
            [
              -66.23435974121094,
              44.391448974609375
            ],
            [
              -66.24324035644531,
              44.3821907043457
            ],
            [
              -66.25179290771484,
              44.372745513916016
            ],
            [
              -66.26034545898438,
              44.36330032348633
            ],
            [
              -66.26875305175781,
              44.353797912597656
            ],
            [
              -66.27714538574219,
              44.344295501708984
            ],
            [
              -66.28440856933594,
              44.334312438964844
            ],
            [
              -66.29166412353516,
              44.3243293762207
            ],
            [
              -66.2998046875,
              44.31471633911133
            ],
            [
              -66.30795288085938,
              44.30509567260742
            ],
            [
              -66.31703186035156,
              44.295921325683594
            ],
            [
              -66.32611083984375,
              44.2867431640625
            ],
            [
              -66.33938598632812,
              44.28043746948242
            ],
            [
              -66.35266876220703,
              44.274139404296875
            ],
            [
              -66.36405944824219,
              44.26868438720703
            ],
            [
              -66.37545776367188,
              44.26322937011719
            ],
            [
              -66.38497161865234,
              44.257686614990234
            ],
            [
              -66.39448547363281,
              44.25214385986328
            ],
            [
              -66.39144134521484,
              44.24311447143555
            ],
            [
              -66.38839721679688,
              44.23408889770508
            ],
            [
              -66.37564849853516,
              44.2364501953125
            ],
            [
              -66.3628921508789,
              44.23881530761719
            ],
            [
              -66.35491943359375,
              44.24340057373047
            ],
            [
              -66.34695434570312,
              44.24798583984375
            ],
            [
              -66.33651733398438,
              44.250221252441406
            ],
            [
              -66.32608032226562,
              44.2524528503418
            ],
            [
              -66.31761169433594,
              44.260555267333984
            ],
            [
              -66.30914306640625,
              44.268653869628906
            ],
            [
              -66.29998779296875,
              44.277801513671875
            ],
            [
              -66.29082489013672,
              44.286949157714844
            ],
            [
              -66.2823715209961,
              44.296451568603516
            ],
            [
              -66.27391815185547,
              44.305938720703125
            ],
            [
              -66.26570129394531,
              44.3155517578125
            ],
            [
              -66.25748443603516,
              44.32515335083008
            ],
            [
              -66.24929809570312,
              44.33476638793945
            ],
            [
              -66.24110412597656,
              44.344390869140625
            ],
            [
              -66.2322006225586,
              44.3536376953125
            ],
            [
              -66.22328186035156,
              44.362892150878906
            ],
            [
              -66.21231842041016,
              44.37092590332031
            ],
            [
              -66.20134735107422,
              44.37895584106445
            ],
            [
              -66.1899185180664,
              44.3867073059082
            ],
            [
              -66.1784896850586,
              44.39443588256836
            ],
            [
              -66.16877746582031,
              44.403297424316406
            ],
            [
              -66.15906524658203,
              44.41215896606445
            ],
            [
              -66.1494140625,
              44.42106628417969
            ],
            [
              -66.13976287841797,
              44.429962158203125
            ],
            [
              -66.13013458251953,
              44.438873291015625
            ],
            [
              -66.1205062866211,
              44.44778823852539
            ],
            [
              -66.1106948852539,
              44.45659637451172
            ],
            [
              -66.10087585449219,
              44.46540451049805
            ],
            [
              -66.09017181396484,
              44.47367477416992
            ],
            [
              -66.07947540283203,
              44.481937408447266
            ],
            [
              -66.06883239746094,
              44.49024200439453
            ],
            [
              -66.05819702148438,
              44.4985466003418
            ],
            [
              -66.04780578613281,
              44.507022857666016
            ],
            [
              -66.03741455078125,
              44.51549530029297
            ],
            [
              -66.02681732177734,
              44.523834228515625
            ],
            [
              -66.01622009277344,
              44.53217315673828
            ],
            [
              -66.00484466552734,
              44.53996658325195
            ],
            [
              -65.99346923828125,
              44.547760009765625
            ],
            [
              -65.98111724853516,
              44.55455780029297
            ],
            [
              -65.96875762939453,
              44.56134796142578
            ],
            [
              -65.95436096191406,
              44.56593704223633
            ],
            [
              -65.93995666503906,
              44.570499420166016
            ],
            [
              -65.9252700805664,
              44.574607849121094
            ],
            [
              -65.91058349609375,
              44.57869338989258
            ],
            [
              -65.89580535888672,
              44.58146286010742
            ],
            [
              -65.88101959228516,
              44.58420944213867
            ],
            [
              -65.87225341796875,
              44.575958251953125
            ],
            [
              -65.86348724365234,
              44.56769561767578
            ],
            [
              -65.86587524414062,
              44.556949615478516
            ],
            [
              -65.8682632446289,
              44.54621124267578
            ],
            [
              -65.87810516357422,
              44.53740692138672
            ],
            [
              -65.88794708251953,
              44.52861022949219
            ],
            [
              -65.89854431152344,
              44.520301818847656
            ],
            [
              -65.90914916992188,
              44.51198196411133
            ],
            [
              -65.92050170898438,
              44.50416946411133
            ],
            [
              -65.93184661865234,
              44.49635696411133
            ],
            [
              -65.9453125,
              44.49065017700195
            ],
            [
              -65.95877838134766,
              44.48493957519531
            ],
            [
              -65.97241973876953,
              44.4798583984375
            ],
            [
              -65.9860610961914,
              44.47477340698242
            ],
            [
              -65.99607849121094,
              44.466068267822266
            ],
            [
              -66.00609588623047,
              44.4573860168457
            ],
            [
              -66.01521301269531,
              44.44821548461914
            ],
            [
              -66.02433013916016,
              44.43904495239258
            ],
            [
              -66.03193664550781,
              44.4291877746582
            ],
            [
              -66.03954315185547,
              44.41933059692383
            ],
            [
              -66.04768371582031,
              44.40972900390625
            ],
            [
              -66.05583190917969,
              44.400108337402344
            ],
            [
              -66.06568145751953,
              44.39132308959961
            ],
            [
              -66.07552337646484,
              44.382537841796875
            ],
            [
              -66.08535766601562,
              44.373748779296875
            ],
            [
              -66.09518432617188,
              44.364952087402344
            ],
            [
              -66.1050033569336,
              44.35615539550781
            ],
            [
              -66.11482238769531,
              44.347347259521484
            ],
            [
              -66.12013244628906,
              44.33683776855469
            ],
            [
              -66.12544250488281,
              44.32631301879883
            ],
            [
              -66.12654113769531,
              44.31681823730469
            ],
            [
              -66.12763214111328,
              44.30731964111328
            ],
            [
              -66.13390350341797,
              44.29311752319336
            ],
            [
              -66.14016723632812,
              44.27891540527344
            ],
            [
              -66.13814544677734,
              44.2677001953125
            ],
            [
              -66.13612365722656,
              44.25648498535156
            ],
            [
              -66.13919830322266,
              44.24692153930664
            ],
            [
              -66.14227294921875,
              44.23735809326172
            ],
            [
              -66.14812469482422,
              44.226898193359375
            ],
            [
              -66.15397644042969,
              44.21643829345703
            ],
            [
              -66.1609115600586,
              44.20634841918945
            ],
            [
              -66.16783905029297,
              44.196258544921875
            ],
            [
              -66.17427062988281,
              44.18602752685547
            ],
            [
              -66.18070220947266,
              44.17579650878906
            ],
            [
              -66.18701934814453,
              44.16379928588867
            ],
            [
              -66.1933364868164,
              44.151798248291016
            ],
            [
              -66.19882202148438,
              44.137638092041016
            ],
            [
              -66.20430755615234,
              44.12347412109375
            ],
            [
              -66.2096176147461,
              44.10707473754883
            ],
            [
              -66.21493530273438,
              44.090675354003906
            ],
            [
              -66.19720458984375,
              44.076271057128906
            ],
            [
              -66.17948150634766,
              44.061859130859375
            ],
            [
              -66.1718978881836,
              44.04356002807617
            ],
            [
              -66.16432189941406,
              44.02524948120117
            ],
            [
              -66.1615219116211,
              44.00484085083008
            ],
            [
              -66.15872955322266,
              43.98444366455078
            ],
            [
              -66.15690612792969,
              43.96432876586914
            ],
            [
              -66.15509033203125,
              43.94420623779297
            ],
            [
              -66.16239929199219,
              43.92417526245117
            ],
            [
              -66.1697006225586,
              43.904136657714844
            ],
            [
              -66.17058563232422,
              43.88361358642578
            ],
            [
              -66.17147064208984,
              43.86309051513672
            ],
            [
              -66.1545639038086,
              43.84479904174805
            ],
            [
              -66.13766479492188,
              43.82650375366211
            ],
            [
              -66.12273406982422,
              43.810707092285156
            ],
            [
              -66.1078109741211,
              43.79490661621094
            ],
            [
              -66.09268188476562,
              43.77894592285156
            ],
            [
              -66.07755279541016,
              43.76298522949219
            ],
            [
              -66.06742095947266,
              43.74660873413086
            ],
            [
              -66.05729675292969,
              43.73023223876953
            ],
            [
              -66.05397033691406,
              43.7133903503418
            ],
            [
              -66.05065155029297,
              43.69654846191406
            ],
            [
              -66.04696655273438,
              43.67787170410156
            ],
            [
              -66.04328155517578,
              43.6591911315918
            ],
            [
              -66.03994750976562,
              43.6386604309082
            ],
            [
              -66.03661346435547,
              43.618125915527344
            ],
            [
              -66.06715393066406,
              43.615509033203125
            ],
            [
              -66.09768676757812,
              43.612876892089844
            ],
            [
              -66.12841033935547,
              43.611846923828125
            ],
            [
              -66.15913391113281,
              43.61081314086914
            ],
            [
              -66.18988037109375,
              43.61106872558594
            ],
            [
              -66.22063446044922,
              43.6113166809082
            ],
            [
              -66.2513427734375,
              43.61264419555664
            ],
            [
              -66.28205108642578,
              43.61396408081055
            ],
            [
              -66.31266021728516,
              43.61618423461914
            ],
            [
              -66.34326934814453,
              43.61839294433594
            ],
            [
              -66.3737564086914,
              43.621368408203125
            ],
            [
              -66.40425109863281,
              43.62433624267578
            ],
            [
              -66.43463897705078,
              43.627864837646484
            ],
            [
              -66.46502685546875,
              43.63138961791992
            ],
            [
              -66.49529266357422,
              43.635406494140625
            ],
            [
              -66.52557373046875,
              43.6394157409668
            ],
            [
              -66.55570983886719,
              43.64395523071289
            ],
            [
              -66.58585357666016,
              43.648468017578125
            ],
            [
              -66.61580657958984,
              43.65363311767578
            ],
            [
              -66.64575958251953,
              43.65879440307617
            ],
            [
              -66.6754150390625,
              43.66480255126953
            ],
            [
              -66.705078125,
              43.67080307006836
            ],
            [
              -66.73432922363281,
              43.677799224853516
            ],
            [
              -66.76358795166016,
              43.68476867675781
            ],
            [
              -66.79216003417969,
              43.693119049072266
            ],
            [
              -66.82073974609375,
              43.701446533203125
            ],
            [
              -66.84845733642578,
              43.711212158203125
            ],
            [
              -66.87618255615234,
              43.72096633911133
            ],
            [
              -66.90319061279297,
              43.731746673583984
            ],
            [
              -66.9301986694336,
              43.742523193359375
            ],
            [
              -66.95684814453125,
              43.7537727355957
            ],
            [
              -66.98351287841797,
              43.7650146484375
            ],
            [
              -67.00979614257812,
              43.776710510253906
            ],
            [
              -67.03608703613281,
              43.788421630859375
            ],
            [
              -67.06178283691406,
              43.80079650878906
            ],
            [
              -67.08749389648438,
              43.81317138671875
            ],
            [
              -67.11234283447266,
              43.826438903808594
            ],
            [
              -67.13719940185547,
              43.83969497680664
            ],
            [
              -67.16081237792969,
              43.854095458984375
            ],
            [
              -67.18444061279297,
              43.86850357055664
            ],
            [
              -67.2061996459961,
              43.884368896484375
            ],
            [
              -67.22796630859375,
              43.90022277832031
            ],
            [
              -67.24762725830078,
              43.917476654052734
            ],
            [
              -67.26729583740234,
              43.934722900390625
            ],
            [
              -67.28535461425781,
              43.952877044677734
            ],
            [
              -67.30342102050781,
              43.97102737426758
            ],
            [
              -67.3203353881836,
              43.98975372314453
            ],
            [
              -67.3372573852539,
              44.00847625732422
            ],
            [
              -67.3533706665039,
              44.02756118774414
            ],
            [
              -67.36949920654297,
              44.04666519165039
            ],
            [
              -67.38517761230469,
              44.06593704223633
            ],
            [
              -67.40087890625,
              44.085227966308594
            ],
            [
              -67.416259765625,
              44.104637145996094
            ],
            [
              -67.4316635131836,
              44.12404251098633
            ],
            [
              -67.44579315185547,
              44.14395523071289
            ],
            [
              -67.4599380493164,
              44.16384506225586
            ],
            [
              -67.4721908569336,
              44.184391021728516
            ],
            [
              -67.48445129394531,
              44.20492935180664
            ],
            [
              -67.49515533447266,
              44.225914001464844
            ],
            [
              -67.50587463378906,
              44.24690628051758
            ],
            [
              -67.5157470703125,
              44.26810073852539
            ],
            [
              -67.52562713623047,
              44.2892951965332
            ],
            [
              -67.5346908569336,
              44.31069564819336
            ],
            [
              -67.54376220703125,
              44.33207702636719
            ],
            [
              -67.55211639404297,
              44.35361862182617
            ],
            [
              -67.56047821044922,
              44.375152587890625
            ],
            [
              -67.56822204589844,
              44.396812438964844
            ],
            [
              -67.57598114013672,
              44.418460845947266
            ],
            [
              -67.58477783203125,
              44.44023132324219
            ],
            [
              -67.59358215332031,
              44.46200180053711
            ]
          ]
        ]
      }
    }
  ]
}