{
  "type": "FeatureCollection",
  "features": [
    {
      "type": "Feature",
      "properties": {
        "name": "mesh_exterior_boundary",
        "crs": "+proj=latlon +datum=WGS84 +ellps=WGS84 +type=crs",
        "lat_min": 58.90425491333008,
        "lat_max": 61.499656677246094,
        "lon_min": -154.2655029296875,
        "lon_max": -148.990478515625
      },
      "geometry": {
        "type": "Polygon",
        "coordinates": [
          [
            [
              -149.25360107421875,
              61.49342727661133
            ],
            [
              -149.2564697265625,
              61.491024017333984
            ],
            [
              -149.260986328125,
              61.48944091796875
            ],
            [
              -149.26483154296875,
              61.487709045410156
            ],
            [
              -149.26422119140625,
              61.48530960083008
            ],
            [
              -149.25897216796875,
              61.4841423034668
            ],
            [
              -149.2542724609375,
              61.48271560668945
            ],
            [
              -149.2554931640625,
              61.48024368286133
            ],
            [
              -149.26092529296875,
              61.47941207885742
            ],
            [
              -149.2666015625,
              61.47909164428711
            ],
            [
              -149.27215576171875,
              61.478580474853516
            ],
            [
              -149.2777099609375,
              61.4778938293457
            ],
            [
              -149.282958984375,
              61.47697067260742
            ],
            [
              -149.28781127929688,
              61.47562789916992
            ],
            [
              -149.292724609375,
              61.474151611328125
            ],
            [
              -149.29806518554688,
              61.4730224609375
            ],
            [
              -149.30349731445312,
              61.47212600708008
            ],
            [
              -149.3087158203125,
              61.471046447753906
            ],
            [
              -149.31390380859375,
              61.469696044921875
            ],
            [
              -149.31903076171875,
              61.46855163574219
            ],
            [
              -149.32489013671875,
              61.46792984008789
            ],
            [
              -149.33090209960938,
              61.467838287353516
            ],
            [
              -149.3365478515625,
              61.46809387207031
            ],
            [
              -149.34201049804688,
              61.46874237060547
            ],
            [
              -149.3472900390625,
              61.46976852416992
            ],
            [
              -149.35260009765625,
              61.47068405151367
            ],
            [
              -149.35821533203125,
              61.47093963623047
            ],
            [
              -149.3638916015625,
              61.470489501953125
            ],
            [
              -149.36959838867188,
              61.469722747802734
            ],
            [
              -149.37542724609375,
              61.46894836425781
            ],
            [
              -149.3812255859375,
              61.468177795410156
            ],
            [
              -149.38656616210938,
              61.467105865478516
            ],
            [
              -149.391357421875,
              61.46562194824219
            ],
            [
              -149.39630126953125,
              61.46405792236328
            ],
            [
              -149.4014892578125,
              61.46266174316406
            ],
            [
              -149.40646362304688,
              61.46122360229492
            ],
            [
              -149.41094970703125,
              61.45949935913086
            ],
            [
              -149.4146728515625,
              61.45744705200195
            ],
            [
              -149.41766357421875,
              61.455074310302734
            ],
            [
              -149.41973876953125,
              61.45252227783203
            ],
            [
              -149.42108154296875,
              61.44990921020508
            ],
            [
              -149.42242431640625,
              61.44730758666992
            ],
            [
              -149.4249267578125,
              61.44490051269531
            ],
            [
              -149.42901611328125,
              61.443058013916016
            ],
            [
              -149.43402099609375,
              61.4417839050293
            ],
            [
              -149.43914794921875,
              61.44059753417969
            ],
            [
              -149.44424438476562,
              61.43926239013672
            ],
            [
              -149.44921875,
              61.437828063964844
            ],
            [
              -149.4541015625,
              61.43636703491211
            ],
            [
              -149.458984375,
              61.43488311767578
            ],
            [
              -149.4637451171875,
              61.433345794677734
            ],
            [
              -149.4683837890625,
              61.43169021606445
            ],
            [
              -149.47280883789062,
              61.42995071411133
            ],
            [
              -149.4775390625,
              61.428409576416016
            ],
            [
              -149.48306274414062,
              61.427581787109375
            ],
            [
              -149.48876953125,
              61.4276008605957
            ],
            [
              -149.49453735351562,
              61.427696228027344
            ],
            [
              -149.499755859375,
              61.42701721191406
            ],
            [
              -149.5042724609375,
              61.425575256347656
            ],
            [
              -149.50827026367188,
              61.423736572265625
            ],
            [
              -149.51205444335938,
              61.4217529296875
            ],
            [
              -149.5155029296875,
              61.41973114013672
            ],
            [
              -149.51837158203125,
              61.41762161254883
            ],
            [
              -149.52081298828125,
              61.415225982666016
            ],
            [
              -149.5233154296875,
              61.4127311706543
            ],
            [
              -149.52691650390625,
              61.4103889465332
            ],
            [
              -149.53143310546875,
              61.408668518066406
            ],
            [
              -149.53643798828125,
              61.40751647949219
            ],
            [
              -149.54144287109375,
              61.40701675415039
            ],
            [
              -149.5465087890625,
              61.40723419189453
            ],
            [
              -149.55123901367188,
              61.40810775756836
            ],
            [
              -149.55535888671875,
              61.40918731689453
            ],
            [
              -149.55929565429688,
              61.409912109375
            ],
            [
              -149.56304931640625,
              61.410221099853516
            ],
            [
              -149.56689453125,
              61.41017532348633
            ],
            [
              -149.57086181640625,
              61.409549713134766
            ],
            [
              -149.574462890625,
              61.4085578918457
            ],
            [
              -149.578125,
              61.40728759765625
            ],
            [
              -149.58157348632812,
              61.40596008300781
            ],
            [
              -149.58477783203125,
              61.404754638671875
            ],
            [
              -149.58810424804688,
              61.403594970703125
            ],
            [
              -149.59185791015625,
              61.402339935302734
            ],
            [
              -149.59552001953125,
              61.40113067626953
            ],
            [
              -149.59909057617188,
              61.39994430541992
            ],
            [
              -149.602294921875,
              61.39884948730469
            ],
            [
              -149.60513305664062,
              61.3978157043457
            ],
            [
              -149.60812377929688,
              61.396644592285156
            ],
            [
              -149.61123657226562,
              61.39527893066406
            ],
            [
              -149.61465454101562,
              61.3937873840332
            ],
            [
              -149.61856079101562,
              61.39219665527344
            ],
            [
              -149.6226806640625,
              61.390785217285156
            ],
            [
              -149.62667846679688,
              61.38961410522461
            ],
            [
              -149.63055419921875,
              61.38861846923828
            ],
            [
              -149.63436889648438,
              61.38780212402344
            ],
            [
              -149.63800048828125,
              61.38717269897461
            ],
            [
              -149.6414794921875,
              61.38691329956055
            ],
            [
              -149.64501953125,
              61.38685607910156
            ],
            [
              -149.64862060546875,
              61.38701248168945
            ],
            [
              -149.6524658203125,
              61.3874626159668
            ],
            [
              -149.65670776367188,
              61.38801574707031
            ],
            [
              -149.66091918945312,
              61.3885383605957
            ],
            [
              -149.66473388671875,
              61.38884735107422
            ],
            [
              -149.668212890625,
              61.38887405395508
            ],
            [
              -149.67181396484375,
              61.388736724853516
            ],
            [
              -149.67581176757812,
              61.38837814331055
            ],
            [
              -149.68017578125,
              61.38778305053711
            ],
            [
              -149.6849365234375,
              61.3869514465332
            ],
            [
              -149.6893310546875,
              61.386077880859375
            ],
            [
              -149.69317626953125,
              61.385223388671875
            ],
            [
              -149.69677734375,
              61.384334564208984
            ],
            [
              -149.70046997070312,
              61.383262634277344
            ],
            [
              -149.7042236328125,
              61.381839752197266
            ],
            [
              -149.70770263671875,
              61.38009262084961
            ],
            [
              -149.71051025390625,
              61.37834930419922
            ],
            [
              -149.71319580078125,
              61.37685012817383
            ],
            [
              -149.7158203125,
              61.37559127807617
            ],
            [
              -149.71798706054688,
              61.374385833740234
            ],
            [
              -149.71978759765625,
              61.37326431274414
            ],
            [
              -149.7208251953125,
              61.372108459472656
            ],
            [
              -149.720947265625,
              61.37102127075195
            ],
            [
              -149.72048950195312,
              61.36996841430664
            ],
            [
              -149.7198486328125,
              61.36892318725586
            ],
            [
              -149.71875,
              61.3679084777832
            ],
            [
              -149.71768188476562,
              61.36690139770508
            ],
            [
              -149.71661376953125,
              61.36587142944336
            ],
            [
              -149.7156982421875,
              61.364871978759766
            ],
            [
              -149.7149658203125,
              61.36396026611328
            ],
            [
              -149.71441650390625,
              61.363101959228516
            ],
            [
              -149.71392822265625,
              61.362205505371094
            ],
            [
              -149.7135009765625,
              61.361228942871094
            ],
            [
              -149.71331787109375,
              61.36024856567383
            ],
            [
              -149.713134765625,
              61.359352111816406
            ],
            [
              -149.71316528320312,
              61.35837936401367
            ],
            [
              -149.7132568359375,
              61.3572883605957
            ],
            [
              -149.71343994140625,
              61.3560676574707
            ],
            [
              -149.71377563476562,
              61.35475540161133
            ],
            [
              -149.71417236328125,
              61.353336334228516
            ],
            [
              -149.714599609375,
              61.351905822753906
            ],
            [
              -149.71502685546875,
              61.3505744934082
            ],
            [
              -149.71542358398438,
              61.34929275512695
            ],
            [
              -149.7158203125,
              61.3480110168457
            ],
            [
              -149.7161865234375,
              61.346858978271484
            ],
            [
              -149.71649169921875,
              61.345821380615234
            ],
            [
              -149.71676635742188,
              61.34489059448242
            ],
            [
              -149.71697998046875,
              61.34404373168945
            ],
            [
              -149.71722412109375,
              61.34320831298828
            ],
            [
              -149.71746826171875,
              61.342308044433594
            ],
            [
              -149.7177734375,
              61.34130859375
            ],
            [
              -149.71810913085938,
              61.34022903442383
            ],
            [
              -149.718505859375,
              61.339054107666016
            ],
            [
              -149.718994140625,
              61.337730407714844
            ],
            [
              -149.7197265625,
              61.33625030517578
            ],
            [
              -149.720703125,
              61.334590911865234
            ],
            [
              -149.7225341796875,
              61.332942962646484
            ],
            [
              -149.72503662109375,
              61.33148956298828
            ],
            [
              -149.72793579101562,
              61.330413818359375
            ],
            [
              -149.73101806640625,
              61.32984924316406
            ],
            [
              -149.73385620117188,
              61.32939910888672
            ],
            [
              -149.736572265625,
              61.329166412353516
            ],
            [
              -149.73922729492188,
              61.32893753051758
            ],
            [
              -149.7421875,
              61.3287467956543
            ],
            [
              -149.74560546875,
              61.32856369018555
            ],
            [
              -149.74945068359375,
              61.32841110229492
            ],
            [
              -149.75384521484375,
              61.3283805847168
            ],
            [
              -149.75851440429688,
              61.32849884033203
            ],
            [
              -149.76275634765625,
              61.32868957519531
            ],
            [
              -149.76657104492188,
              61.32887649536133
            ],
            [
              -149.77005004882812,
              61.328922271728516
            ],
            [
              -149.773193359375,
              61.328922271728516
            ],
            [
              -149.77615356445312,
              61.32868957519531
            ],
            [
              -149.77935791015625,
              61.3283576965332
            ],
            [
              -149.78265380859375,
              61.32770919799805
            ],
            [
              -149.78619384765625,
              61.32685089111328
            ],
            [
              -149.78985595703125,
              61.325721740722656
            ],
            [
              -149.7933349609375,
              61.32445526123047
            ],
            [
              -149.79660034179688,
              61.32315444946289
            ],
            [
              -149.7994384765625,
              61.32195281982422
            ],
            [
              -149.8018798828125,
              61.320865631103516
            ],
            [
              -149.80410766601562,
              61.31981658935547
            ],
            [
              -149.80621337890625,
              61.31880569458008
            ],
            [
              -149.808349609375,
              61.317726135253906
            ],
            [
              -149.81060791015625,
              61.31652069091797
            ],
            [
              -149.81298828125,
              61.31513214111328
            ],
            [
              -149.81536865234375,
              61.31350326538086
            ],
            [
              -149.8175048828125,
              61.31174850463867
            ],
            [
              -149.819580078125,
              61.309722900390625
            ],
            [
              -149.8216552734375,
              61.30744171142578
            ],
            [
              -149.82403564453125,
              61.3049430847168
            ],
            [
              -149.82659912109375,
              61.30244445800781
            ],
            [
              -149.82916259765625,
              61.29999923706055
            ],
            [
              -149.83151245117188,
              61.29772186279297
            ],
            [
              -149.8336181640625,
              61.2956428527832
            ],
            [
              -149.83554077148438,
              61.29377746582031
            ],
            [
              -149.83724975585938,
              61.2921028137207
            ],
            [
              -149.8388671875,
              61.290489196777344
            ],
            [
              -149.84051513671875,
              61.28887176513672
            ],
            [
              -149.84213256835938,
              61.28725814819336
            ],
            [
              -149.84375,
              61.285640716552734
            ],
            [
              -149.84536743164062,
              61.28402328491211
            ],
            [
              -149.84698486328125,
              61.28240203857422
            ],
            [
              -149.84857177734375,
              61.28078079223633
            ],
            [
              -149.85006713867188,
              61.27913284301758
            ],
            [
              -149.85147094726562,
              61.27747344970703
            ],
            [
              -149.85260009765625,
              61.275760650634766
            ],
            [
              -149.85369873046875,
              61.274044036865234
            ],
            [
              -149.854736328125,
              61.27232360839844
            ],
            [
              -149.85635375976562,
              61.27070617675781
            ],
            [
              -149.85821533203125,
              61.26917266845703
            ],
            [
              -149.86065673828125,
              61.2678108215332
            ],
            [
              -149.86331176757812,
              61.266563415527344
            ],
            [
              -149.865966796875,
              61.26543045043945
            ],
            [
              -149.86859130859375,
              61.264404296875
            ],
            [
              -149.87103271484375,
              61.26346206665039
            ],
            [
              -149.87335205078125,
              61.2625846862793
            ],
            [
              -149.87545776367188,
              61.26174545288086
            ],
            [
              -149.87741088867188,
              61.26091003417969
            ],
            [
              -149.87918090820312,
              61.26007843017578
            ],
            [
              -149.8804931640625,
              61.25902557373047
            ],
            [
              -149.88162231445312,
              61.25785827636719
            ],
            [
              -149.8817138671875,
              61.25645065307617
            ],
            [
              -149.88153076171875,
              61.254913330078125
            ],
            [
              -149.8809814453125,
              61.2534065246582
            ],
            [
              -149.88079833984375,
              61.25189208984375
            ],
            [
              -149.88079833984375,
              61.25021743774414
            ],
            [
              -149.881103515625,
              61.24843215942383
            ],
            [
              -149.88137817382812,
              61.246646881103516
            ],
            [
              -149.88153076171875,
              61.244956970214844
            ],
            [
              -149.88150024414062,
              61.243255615234375
            ],
            [
              -149.88143920898438,
              61.24147033691406
            ],
            [
              -149.8819580078125,
              61.239707946777344
            ],
            [
              -149.88330078125,
              61.238182067871094
            ],
            [
              -149.88531494140625,
              61.23693084716797
            ],
            [
              -149.8873291015625,
              61.23588562011719
            ],
            [
              -149.88922119140625,
              61.234928131103516
            ],
            [
              -149.89013671875,
              61.23367691040039
            ],
            [
              -149.890869140625,
              61.23234176635742
            ],
            [
              -149.89096069335938,
              61.230873107910156
            ],
            [
              -149.89102172851562,
              61.22930908203125
            ],
            [
              -149.8919677734375,
              61.22772979736328
            ],
            [
              -149.89340209960938,
              61.22612762451172
            ],
            [
              -149.89556884765625,
              61.22465896606445
            ],
            [
              -149.8980712890625,
              61.22334289550781
            ],
            [
              -149.90069580078125,
              61.22206115722656
            ],
            [
              -149.9033203125,
              61.220802307128906
            ],
            [
              -149.9058837890625,
              61.219505310058594
            ],
            [
              -149.908447265625,
              61.21819305419922
            ],
            [
              -149.910888671875,
              61.21684265136719
            ],
            [
              -149.913330078125,
              61.21548843383789
            ],
            [
              -149.915771484375,
              61.214134216308594
            ],
            [
              -149.91824340820312,
              61.21279525756836
            ],
            [
              -149.9207763671875,
              61.211483001708984
            ],
            [
              -149.92340087890625,
              61.210201263427734
            ],
            [
              -149.92620849609375,
              61.20902633666992
            ],
            [
              -149.92919921875,
              61.20795440673828
            ],
            [
              -149.93231201171875,
              61.206974029541016
            ],
            [
              -149.93560791015625,
              61.20615005493164
            ],
            [
              -149.93890380859375,
              61.20534133911133
            ],
            [
              -149.9422607421875,
              61.20454025268555
            ],
            [
              -149.945556640625,
              61.203704833984375
            ],
            [
              -149.9488525390625,
              61.20287322998047
            ],
            [
              -149.9521484375,
              61.202049255371094
            ],
            [
              -149.95553588867188,
              61.20130157470703
            ],
            [
              -149.95895385742188,
              61.20060348510742
            ],
            [
              -149.96246337890625,
              61.199989318847656
            ],
            [
              -149.966064453125,
              61.199485778808594
            ],
            [
              -149.96966552734375,
              61.19903564453125
            ],
            [
              -149.97332763671875,
              61.19870376586914
            ],
            [
              -149.97705078125,
              61.19846725463867
            ],
            [
              -149.98077392578125,
              61.19831848144531
            ],
            [
              -149.9844970703125,
              61.198448181152344
            ],
            [
              -149.9881591796875,
              61.1987419128418
            ],
            [
              -149.99176025390625,
              61.19923782348633
            ],
            [
              -149.9951171875,
              61.1999626159668
            ],
            [
              -149.998291015625,
              61.20070266723633
            ],
            [
              -150.00106811523438,
              61.2014274597168
            ],
            [
              -150.00357055664062,
              61.20206832885742
            ],
            [
              -150.005859375,
              61.2026481628418
            ],
            [
              -150.0081787109375,
              61.20317840576172
            ],
            [
              -150.01068115234375,
              61.20366668701172
            ],
            [
              -150.01318359375,
              61.20400619506836
            ],
            [
              -150.0157470703125,
              61.20419692993164
            ],
            [
              -150.01849365234375,
              61.20403289794922
            ],
            [
              -150.0211181640625,
              61.20341873168945
            ],
            [
              -150.02337646484375,
              61.20225524902344
            ],
            [
              -150.02471923828125,
              61.200809478759766
            ],
            [
              -150.025634765625,
              61.1993408203125
            ],
            [
              -150.0263671875,
              61.19784927368164
            ],
            [
              -150.02682495117188,
              61.196285247802734
            ],
            [
              -150.02716064453125,
              61.19462203979492
            ],
            [
              -150.02737426757812,
              61.19283676147461
            ],
            [
              -150.02740478515625,
              61.1910514831543
            ],
            [
              -150.02740478515625,
              61.18925094604492
            ],
            [
              -150.0274658203125,
              61.18741989135742
            ],
            [
              -150.02761840820312,
              61.1855583190918
            ],
            [
              -150.02801513671875,
              61.18368148803711
            ],
            [
              -150.02862548828125,
              61.181785583496094
            ],
            [
              -150.030517578125,
              61.18009948730469
            ],
            [
              -150.03314208984375,
              61.17881774902344
            ],
            [
              -150.0360107421875,
              61.17782974243164
            ],
            [
              -150.03909301757812,
              61.17713165283203
            ],
            [
              -150.042236328125,
              61.17637252807617
            ],
            [
              -150.04522705078125,
              61.175540924072266
            ],
            [
              -150.0479736328125,
              61.17454528808594
            ],
            [
              -150.05078125,
              61.173377990722656
            ],
            [
              -150.05340576171875,
              61.172122955322266
            ],
            [
              -150.05618286132812,
              61.170921325683594
            ],
            [
              -150.05902099609375,
              61.16975402832031
            ],
            [
              -150.06182861328125,
              61.16859817504883
            ],
            [
              -150.06439208984375,
              61.16730880737305
            ],
            [
              -150.06668090820312,
              61.165897369384766
            ],
            [
              -150.06814575195312,
              61.16424560546875
            ],
            [
              -150.0693359375,
              61.16255187988281
            ],
            [
              -150.0703125,
              61.16081619262695
            ],
            [
              -150.07113647460938,
              61.1590690612793
            ],
            [
              -150.07147216796875,
              61.15729522705078
            ],
            [
              -150.07131958007812,
              61.155513763427734
            ],
            [
              -150.069580078125,
              61.15392303466797
            ],
            [
              -150.06719970703125,
              61.15259552001953
            ],
            [
              -150.0643310546875,
              61.15144729614258
            ],
            [
              -150.06121826171875,
              61.150482177734375
            ],
            [
              -150.0579833984375,
              61.149566650390625
            ],
            [
              -150.05474853515625,
              61.14868927001953
            ],
            [
              -150.05145263671875,
              61.147891998291016
            ],
            [
              -150.04806518554688,
              61.14713668823242
            ],
            [
              -150.044677734375,
              61.146427154541016
            ],
            [
              -150.04119873046875,
              61.145774841308594
            ],
            [
              -150.0377197265625,
              61.145137786865234
            ],
            [
              -150.03424072265625,
              61.1445198059082
            ],
            [
              -150.0303955078125,
              61.14385986328125
            ],
            [
              -150.026123046875,
              61.14313507080078
            ],
            [
              -150.0213623046875,
              61.14234924316406
            ],
            [
              -150.01605224609375,
              61.14152145385742
            ],
            [
              -150.010498046875,
              61.14067459106445
            ],
            [
              -150.0052490234375,
              61.13982391357422
            ],
            [
              -150.000244140625,
              61.1389045715332
            ],
            [
              -149.9949951171875,
              61.137725830078125
            ],
            [
              -149.9898681640625,
              61.1363410949707
            ],
            [
              -149.98489379882812,
              61.1348762512207
            ],
            [
              -149.98004150390625,
              61.133365631103516
            ],
            [
              -149.97528076171875,
              61.131771087646484
            ],
            [
              -149.97100830078125,
              61.1298828125
            ],
            [
              -149.96783447265625,
              61.127540588378906
            ],
            [
              -149.96542358398438,
              61.12505340576172
            ],
            [
              -149.96249389648438,
              61.12274932861328
            ],
            [
              -149.95867919921875,
              61.12076950073242
            ],
            [
              -149.95440673828125,
              61.11900329589844
            ],
            [
              -149.949951171875,
              61.11729431152344
            ],
            [
              -149.94549560546875,
              61.11556625366211
            ],
            [
              -149.94110107421875,
              61.113792419433594
            ],
            [
              -149.936767578125,
              61.11199188232422
            ],
            [
              -149.93243408203125,
              61.11017608642578
            ],
            [
              -149.92813110351562,
              61.10836410522461
            ],
            [
              -149.92376708984375,
              61.10657501220703
            ],
            [
              -149.91940307617188,
              61.10480880737305
            ],
            [
              -149.91494750976562,
              61.10308837890625
            ],
            [
              -149.910400390625,
              61.10141372680664
            ],
            [
              -149.90582275390625,
              61.09978485107422
            ],
            [
              -149.90118408203125,
              61.09818649291992
            ],
            [
              -149.89651489257812,
              61.096622467041016
            ],
            [
              -149.89178466796875,
              61.09508514404297
            ],
            [
              -149.8870849609375,
              61.093570709228516
            ],
            [
              -149.88229370117188,
              61.092071533203125
            ],
            [
              -149.87750244140625,
              61.09061050415039
            ],
            [
              -149.87261962890625,
              61.08921432495117
            ],
            [
              -149.86761474609375,
              61.0878791809082
            ],
            [
              -149.86260986328125,
              61.086570739746094
            ],
            [
              -149.85760498046875,
              61.08524703979492
            ],
            [
              -149.8526611328125,
              61.08384323120117
            ],
            [
              -149.84793090820312,
              61.08225631713867
            ],
            [
              -149.84371948242188,
              61.080413818359375
            ],
            [
              -149.84002685546875,
              61.0783576965332
            ],
            [
              -149.83648681640625,
              61.07621383666992
            ],
            [
              -149.83294677734375,
              61.07405090332031
            ],
            [
              -149.82940673828125,
              61.0718879699707
            ],
            [
              -149.8258056640625,
              61.069766998291016
            ],
            [
              -149.82186889648438,
              61.06776428222656
            ],
            [
              -149.81759643554688,
              61.0659294128418
            ],
            [
              -149.813232421875,
              61.06418228149414
            ],
            [
              -149.80902099609375,
              61.062320709228516
            ],
            [
              -149.80523681640625,
              61.06025314331055
            ],
            [
              -149.802001953125,
              61.05796813964844
            ],
            [
              -149.79928588867188,
              61.055511474609375
            ],
            [
              -149.796875,
              61.052947998046875
            ],
            [
              -149.79461669921875,
              61.050357818603516
            ],
            [
              -149.79251098632812,
              61.047767639160156
            ],
            [
              -149.7904052734375,
              61.04519271850586
            ],
            [
              -149.78829956054688,
              61.042640686035156
            ],
            [
              -149.78607177734375,
              61.040157318115234
            ],
            [
              -149.78335571289062,
              61.03781509399414
            ],
            [
              -149.7799072265625,
              61.03573226928711
            ],
            [
              -149.77569580078125,
              61.033958435058594
            ],
            [
              -149.77108764648438,
              61.03241729736328
            ],
            [
              -149.76629638671875,
              61.030921936035156
            ],
            [
              -149.7615966796875,
              61.02931213378906
            ],
            [
              -149.75732421875,
              61.02750778198242
            ],
            [
              -149.75341796875,
              61.0255012512207
            ],
            [
              -149.75,
              61.0234260559082
            ],
            [
              -149.74710083007812,
              61.02149963378906
            ],
            [
              -149.7445068359375,
              61.0197639465332
            ],
            [
              -149.74212646484375,
              61.01824951171875
            ],
            [
              -149.73968505859375,
              61.01698684692383
            ],
            [
              -149.73699951171875,
              61.01613235473633
            ],
            [
              -149.73443603515625,
              61.0154914855957
            ],
            [
              -149.73193359375,
              61.01527404785156
            ],
            [
              -149.72943115234375,
              61.01516342163086
            ],
            [
              -149.72662353515625,
              61.01507568359375
            ],
            [
              -149.7235107421875,
              61.015010833740234
            ],
            [
              -149.72036743164062,
              61.014686584472656
            ],
            [
              -149.71707153320312,
              61.01417541503906
            ],
            [
              -149.7139892578125,
              61.013336181640625
            ],
            [
              -149.71099853515625,
              61.01243591308594
            ],
            [
              -149.70806884765625,
              61.011436462402344
            ],
            [
              -149.7054443359375,
              61.01055145263672
            ],
            [
              -149.70269775390625,
              61.00963592529297
            ],
            [
              -149.69949340820312,
              61.00868225097656
            ],
            [
              -149.69586181640625,
              61.0076904296875
            ],
            [
              -149.6917724609375,
              61.00669479370117
            ],
            [
              -149.6871337890625,
              61.005699157714844
            ],
            [
              -149.6820068359375,
              61.00468444824219
            ],
            [
              -149.677001953125,
              61.00373077392578
            ],
            [
              -149.6717529296875,
              61.00273132324219
            ],
            [
              -149.66644287109375,
              61.001708984375
            ],
            [
              -149.66122436523438,
              61.000667572021484
            ],
            [
              -149.65603637695312,
              60.99972915649414
            ],
            [
              -149.65093994140625,
              60.999229431152344
            ],
            [
              -149.6455078125,
              60.998992919921875
            ],
            [
              -149.64007568359375,
              60.99834442138672
            ],
            [
              -149.63519287109375,
              60.99687194824219
            ],
            [
              -149.631103515625,
              60.994991302490234
            ],
            [
              -149.62750244140625,
              60.99312210083008
            ],
            [
              -149.62423706054688,
              60.99140548706055
            ],
            [
              -149.6212158203125,
              60.98984146118164
            ],
            [
              -149.61843872070312,
              60.988426208496094
            ],
            [
              -149.61578369140625,
              60.98719024658203
            ],
            [
              -149.61331176757812,
              60.98609161376953
            ],
            [
              -149.61083984375,
              60.985145568847656
            ],
            [
              -149.6083984375,
              60.98432159423828
            ],
            [
              -149.60577392578125,
              60.983577728271484
            ],
            [
              -149.602783203125,
              60.982913970947266
            ],
            [
              -149.599365234375,
              60.98228073120117
            ],
            [
              -149.59527587890625,
              60.981842041015625
            ],
            [
              -149.5906982421875,
              60.981632232666016
            ],
            [
              -149.58563232421875,
              60.98183059692383
            ],
            [
              -149.5802001953125,
              60.982547760009766
            ],
            [
              -149.57461547851562,
              60.983402252197266
            ],
            [
              -149.569091796875,
              60.983726501464844
            ],
            [
              -149.56375122070312,
              60.98347854614258
            ],
            [
              -149.55810546875,
              60.98299789428711
            ],
            [
              -149.55239868164062,
              60.98258972167969
            ],
            [
              -149.5467529296875,
              60.98228073120117
            ],
            [
              -149.541015625,
              60.98218536376953
            ],
            [
              -149.5355224609375,
              60.98268508911133
            ],
            [
              -149.5306396484375,
              60.983882904052734
            ],
            [
              -149.525634765625,
              60.98532485961914
            ],
            [
              -149.52029418945312,
              60.986061096191406
            ],
            [
              -149.51483154296875,
              60.98600387573242
            ],
            [
              -149.50912475585938,
              60.98550033569336
            ],
            [
              -149.50360107421875,
              60.98468780517578
            ],
            [
              -149.49844360351562,
              60.983436584472656
            ],
            [
              -149.4937744140625,
              60.98176193237305
            ],
            [
              -149.489501953125,
              60.97982406616211
            ],
            [
              -149.4857177734375,
              60.97772979736328
            ],
            [
              -149.48208618164062,
              60.97569274902344
            ],
            [
              -149.47796630859375,
              60.97407913208008
            ],
            [
              -149.47305297851562,
              60.97310256958008
            ],
            [
              -149.46759033203125,
              60.97236251831055
            ],
            [
              -149.46240234375,
              60.97113800048828
            ],
            [
              -149.457763671875,
              60.969486236572266
            ],
            [
              -149.45318603515625,
              60.967864990234375
            ],
            [
              -149.4486083984375,
              60.96617126464844
            ],
            [
              -149.44451904296875,
              60.96425247192383
            ],
            [
              -149.4403076171875,
              60.962554931640625
            ],
            [
              -149.435302734375,
              60.9612922668457
            ],
            [
              -149.43045043945312,
              60.9598388671875
            ],
            [
              -149.42657470703125,
              60.957801818847656
            ],
            [
              -149.42294311523438,
              60.955684661865234
            ],
            [
              -149.4188232421875,
              60.95386505126953
            ],
            [
              -149.41421508789062,
              60.95246887207031
            ],
            [
              -149.40908813476562,
              60.95149230957031
            ],
            [
              -149.4036865234375,
              60.95077896118164
            ],
            [
              -149.39825439453125,
              60.94999694824219
            ],
            [
              -149.39300537109375,
              60.94904708862305
            ],
            [
              -149.3876953125,
              60.94804000854492
            ],
            [
              -149.38229370117188,
              60.94697189331055
            ],
            [
              -149.3775634765625,
              60.94558334350586
            ],
            [
              -149.3739013671875,
              60.94353103637695
            ],
            [
              -149.37124633789062,
              60.940956115722656
            ],
            [
              -149.36859130859375,
              60.9384765625
            ],
            [
              -149.36578369140625,
              60.93605041503906
            ],
            [
              -149.36407470703125,
              60.93339920043945
            ],
            [
              -149.36428833007812,
              60.9306526184082
            ],
            [
              -149.36447143554688,
              60.92815399169922
            ],
            [
              -149.36181640625,
              60.926143646240234
            ],
            [
              -149.35693359375,
              60.92569351196289
            ],
            [
              -149.35238647460938,
              60.92626190185547
            ],
            [
              -149.3482666015625,
              60.927303314208984
            ],
            [
              -149.34405517578125,
              60.928611755371094
            ],
            [
              -149.33941650390625,
              60.929931640625
            ],
            [
              -149.33447265625,
              60.93107223510742
            ],
            [
              -149.3291015625,
              60.932167053222656
            ],
            [
              -149.32357788085938,
              60.93313980102539
            ],
            [
              -149.3179931640625,
              60.933895111083984
            ],
            [
              -149.3123779296875,
              60.93450164794922
            ],
            [
              -149.3067626953125,
              60.93501281738281
            ],
            [
              -149.30111694335938,
              60.9354248046875
            ],
            [
              -149.29547119140625,
              60.93574523925781
            ],
            [
              -149.28985595703125,
              60.936065673828125
            ],
            [
              -149.28424072265625,
              60.936458587646484
            ],
            [
              -149.278564453125,
              60.93684005737305
            ],
            [
              -149.2728271484375,
              60.93701934814453
            ],
            [
              -149.26715087890625,
              60.93705749511719
            ],
            [
              -149.26156616210938,
              60.93717575073242
            ],
            [
              -149.256103515625,
              60.9374885559082
            ],
            [
              -149.2510986328125,
              60.937904357910156
            ],
            [
              -149.2462158203125,
              60.93833923339844
            ],
            [
              -149.24102783203125,
              60.93876647949219
            ],
            [
              -149.23556518554688,
              60.93917465209961
            ],
            [
              -149.2301025390625,
              60.93967056274414
            ],
            [
              -149.22479248046875,
              60.94042205810547
            ],
            [
              -149.219482421875,
              60.94134521484375
            ],
            [
              -149.21405029296875,
              60.94221496582031
            ],
            [
              -149.20864868164062,
              60.94300842285156
            ],
            [
              -149.20339965820312,
              60.943912506103516
            ],
            [
              -149.19784545898438,
              60.94472885131836
            ],
            [
              -149.19195556640625,
              60.944602966308594
            ],
            [
              -149.187255859375,
              60.94321823120117
            ],
            [
              -149.183837890625,
              60.94100570678711
            ],
            [
              -149.18048095703125,
              60.938865661621094
            ],
            [
              -149.17645263671875,
              60.93708419799805
            ],
            [
              -149.17218017578125,
              60.93527603149414
            ],
            [
              -149.16793823242188,
              60.93354415893555
            ],
            [
              -149.16326904296875,
              60.93207931518555
            ],
            [
              -149.1583251953125,
              60.93061447143555
            ],
            [
              -149.15380859375,
              60.92890930175781
            ],
            [
              -149.14956665039062,
              60.92705154418945
            ],
            [
              -149.14532470703125,
              60.925235748291016
            ],
            [
              -149.140869140625,
              60.92354965209961
            ],
            [
              -149.13641357421875,
              60.92177963256836
            ],
            [
              -149.132568359375,
              60.919769287109375
            ],
            [
              -149.12850952148438,
              60.91802978515625
            ],
            [
              -149.12347412109375,
              60.9171257019043
            ],
            [
              -149.11782836914062,
              60.9171142578125
            ],
            [
              -149.11209106445312,
              60.91721725463867
            ],
            [
              -149.10693359375,
              60.91654968261719
            ],
            [
              -149.10205078125,
              60.9150390625
            ],
            [
              -149.09735107421875,
              60.913333892822266
            ],
            [
              -149.0927734375,
              60.911590576171875
            ],
            [
              -149.08859252929688,
              60.90964126586914
            ],
            [
              -149.08477783203125,
              60.90758514404297
            ],
            [
              -149.08111572265625,
              60.90552520751953
            ],
            [
              -149.07763671875,
              60.90340805053711
            ],
            [
              -149.07470703125,
              60.90106964111328
            ],
            [
              -149.07254028320312,
              60.898536682128906
            ],
            [
              -149.07025146484375,
              60.89606857299805
            ],
            [
              -149.06698608398438,
              60.89396286010742
            ],
            [
              -149.06280517578125,
              60.89219284057617
            ],
            [
              -149.058349609375,
              60.89047622680664
            ],
            [
              -149.0543212890625,
              60.88856887817383
            ],
            [
              -149.05087280273438,
              60.886409759521484
            ],
            [
              -149.0479736328125,
              60.88405227661133
            ],
            [
              -149.04541015625,
              60.88155746459961
            ],
            [
              -149.0430908203125,
              60.87902069091797
            ],
            [
              -149.04083251953125,
              60.8764762878418
            ],
            [
              -149.03857421875,
              60.873931884765625
            ],
            [
              -149.03631591796875,
              60.87139892578125
            ],
            [
              -149.03399658203125,
              60.8688850402832
            ],
            [
              -149.03140258789062,
              60.86641311645508
            ],
            [
              -149.02841186523438,
              60.86408615112305
            ],
            [
              -149.02487182617188,
              60.862022399902344
            ],
            [
              -149.02081298828125,
              60.8602294921875
            ],
            [
              -149.0164794921875,
              60.85851287841797
            ],
            [
              -149.01239013671875,
              60.856597900390625
            ],
            [
              -149.009033203125,
              60.85436248779297
            ],
            [
              -149.00640869140625,
              60.851898193359375
            ],
            [
              -149.00369262695312,
              60.84955596923828
            ],
            [
              -148.99981689453125,
              60.8479118347168
            ],
            [
              -148.99484252929688,
              60.846805572509766
            ],
            [
              -148.99066162109375,
              60.845130920410156
            ],
            [
              -148.990478515625,
              60.84282684326172
            ],
            [
              -148.99331665039062,
              60.840545654296875
            ],
            [
              -148.99484252929688,
              60.83808898925781
            ],
            [
              -148.9935302734375,
              60.8356819152832
            ],
            [
              -148.9910888671875,
              60.83329772949219
            ],
            [
              -148.99087524414062,
              60.8306770324707
            ],
            [
              -148.99496459960938,
              60.82940673828125
            ],
            [
              -149.000244140625,
              60.83002853393555
            ],
            [
              -149.00543212890625,
              60.83140563964844
            ],
            [
              -149.01040649414062,
              60.83272933959961
            ],
            [
              -149.015380859375,
              60.83390808105469
            ],
            [
              -149.0205078125,
              60.83503723144531
            ],
            [
              -149.025634765625,
              60.83624267578125
            ],
            [
              -149.0306396484375,
              60.837646484375
            ],
            [
              -149.03533935546875,
              60.839256286621094
            ],
            [
              -149.03985595703125,
              60.84101486206055
            ],
            [
              -149.044189453125,
              60.842864990234375
            ],
            [
              -149.04837036132812,
              60.84480667114258
            ],
            [
              -149.05184936523438,
              60.846866607666016
            ],
            [
              -149.05438232421875,
              60.849273681640625
            ],
            [
              -149.0557861328125,
              60.85194778442383
            ],
            [
              -149.05706787109375,
              60.85464096069336
            ],
            [
              -149.05929565429688,
              60.857181549072266
            ],
            [
              -149.06259155273438,
              60.8595085144043
            ],
            [
              -149.06655883789062,
              60.86151123046875
            ],
            [
              -149.07095336914062,
              60.863067626953125
            ],
            [
              -149.0758056640625,
              60.86416244506836
            ],
            [
              -149.08111572265625,
              60.86488723754883
            ],
            [
              -149.086669921875,
              60.86554718017578
            ],
            [
              -149.09207153320312,
              60.866432189941406
            ],
            [
              -149.09716796875,
              60.86769104003906
            ],
            [
              -149.10177612304688,
              60.869354248046875
            ],
            [
              -149.10556030273438,
              60.8714485168457
            ],
            [
              -149.10855102539062,
              60.87382125854492
            ],
            [
              -149.1116943359375,
              60.87614059448242
            ],
            [
              -149.115966796875,
              60.877891540527344
            ],
            [
              -149.1212158203125,
              60.87874984741211
            ],
            [
              -149.12677001953125,
              60.87898254394531
            ],
            [
              -149.1324462890625,
              60.878971099853516
            ],
            [
              -149.13815307617188,
              60.87888717651367
            ],
            [
              -149.1439208984375,
              60.8787841796875
            ],
            [
              -149.14971923828125,
              60.87904739379883
            ],
            [
              -149.15472412109375,
              60.880348205566406
            ],
            [
              -149.15875244140625,
              60.88233184814453
            ],
            [
              -149.16305541992188,
              60.88420867919922
            ],
            [
              -149.16787719726562,
              60.885711669921875
            ],
            [
              -149.1728515625,
              60.88703155517578
            ],
            [
              -149.1778564453125,
              60.88819122314453
            ],
            [
              -149.1829833984375,
              60.88910675048828
            ],
            [
              -149.188232421875,
              60.88969421386719
            ],
            [
              -149.19366455078125,
              60.88991928100586
            ],
            [
              -149.19915771484375,
              60.88983917236328
            ],
            [
              -149.2047119140625,
              60.88957214355469
            ],
            [
              -149.21038818359375,
              60.88924026489258
            ],
            [
              -149.21612548828125,
              60.888973236083984
            ],
            [
              -149.221923828125,
              60.88889694213867
            ],
            [
              -149.22775268554688,
              60.889060974121094
            ],
            [
              -149.2335205078125,
              60.889434814453125
            ],
            [
              -149.23922729492188,
              60.89000701904297
            ],
            [
              -149.24453735351562,
              60.891021728515625
            ],
            [
              -149.24847412109375,
              60.89268112182617
            ],
            [
              -149.25167846679688,
              60.89478302001953
            ],
            [
              -149.255859375,
              60.896392822265625
            ],
            [
              -149.26101684570312,
              60.896644592285156
            ],
            [
              -149.26641845703125,
              60.896183013916016
            ],
            [
              -149.27203369140625,
              60.89570617675781
            ],
            [
              -149.27780151367188,
              60.8955078125
            ],
            [
              -149.2835693359375,
              60.895599365234375
            ],
            [
              -149.28924560546875,
              60.895851135253906
            ],
            [
              -149.29486083984375,
              60.89610290527344
            ],
            [
              -149.30047607421875,
              60.89625930786133
            ],
            [
              -149.30609130859375,
              60.89630126953125
            ],
            [
              -149.31170654296875,
              60.896263122558594
            ],
            [
              -149.31732177734375,
              60.89617919921875
            ],
            [
              -149.322998046875,
              60.89608383178711
            ],
            [
              -149.32867431640625,
              60.89600372314453
            ],
            [
              -149.3343505859375,
              60.89595031738281
            ],
            [
              -149.34005737304688,
              60.895957946777344
            ],
            [
              -149.34576416015625,
              60.89604949951172
            ],
            [
              -149.35150146484375,
              60.89623260498047
            ],
            [
              -149.357177734375,
              60.89649963378906
            ],
            [
              -149.36285400390625,
              60.89683532714844
            ],
            [
              -149.3685302734375,
              60.89724349975586
            ],
            [
              -149.37420654296875,
              60.89773941040039
            ],
            [
              -149.37979125976562,
              60.89834976196289
            ],
            [
              -149.38531494140625,
              60.899166107177734
            ],
            [
              -149.39019775390625,
              60.900272369384766
            ],
            [
              -149.39471435546875,
              60.90184783935547
            ],
            [
              -149.398681640625,
              60.90373229980469
            ],
            [
              -149.40286254882812,
              60.90559768676758
            ],
            [
              -149.4078369140625,
              60.90693664550781
            ],
            [
              -149.41314697265625,
              60.90745544433594
            ],
            [
              -149.41845703125,
              60.90741729736328
            ],
            [
              -149.42343139648438,
              60.907127380371094
            ],
            [
              -149.42849731445312,
              60.90674591064453
            ],
            [
              -149.43414306640625,
              60.906368255615234
            ],
            [
              -149.44000244140625,
              60.90632247924805
            ],
            [
              -149.445556640625,
              60.906986236572266
            ],
            [
              -149.450439453125,
              60.908355712890625
            ],
            [
              -149.45477294921875,
              60.9100227355957
            ],
            [
              -149.459228515625,
              60.91168212890625
            ],
            [
              -149.4638671875,
              60.91329574584961
            ],
            [
              -149.46847534179688,
              60.91484832763672
            ],
            [
              -149.47296142578125,
              60.916297912597656
            ],
            [
              -149.47738647460938,
              60.917625427246094
            ],
            [
              -149.48202514648438,
              60.918861389160156
            ],
            [
              -149.4869384765625,
              60.91996765136719
            ],
            [
              -149.49237060546875,
              60.920928955078125
            ],
            [
              -149.49786376953125,
              60.92173385620117
            ],
            [
              -149.50347900390625,
              60.92244338989258
            ],
            [
              -149.50906372070312,
              60.923126220703125
            ],
            [
              -149.5146484375,
              60.92382049560547
            ],
            [
              -149.5201416015625,
              60.92458724975586
            ],
            [
              -149.525390625,
              60.92543411254883
            ],
            [
              -149.53033447265625,
              60.926429748535156
            ],
            [
              -149.535400390625,
              60.92766189575195
            ],
            [
              -149.54025268554688,
              60.92901611328125
            ],
            [
              -149.5450439453125,
              60.93046188354492
            ],
            [
              -149.5499267578125,
              60.9319953918457
            ],
            [
              -149.5548095703125,
              60.93352127075195
            ],
            [
              -149.5599365234375,
              60.93500900268555
            ],
            [
              -149.56512451171875,
              60.936214447021484
            ],
            [
              -149.57034301757812,
              60.93669128417969
            ],
            [
              -149.57537841796875,
              60.93617248535156
            ],
            [
              -149.58001708984375,
              60.934940338134766
            ],
            [
              -149.58474731445312,
              60.93347930908203
            ],
            [
              -149.58966064453125,
              60.93205261230469
            ],
            [
              -149.59457397460938,
              60.930633544921875
            ],
            [
              -149.5994873046875,
              60.9291877746582
            ],
            [
              -149.60452270507812,
              60.92777633666992
            ],
            [
              -149.60980224609375,
              60.926517486572266
            ],
            [
              -149.6153564453125,
              60.92555618286133
            ],
            [
              -149.62112426757812,
              60.92497253417969
            ],
            [
              -149.626953125,
              60.924720764160156
            ],
            [
              -149.6328125,
              60.92473220825195
            ],
            [
              -149.63861083984375,
              60.92497253417969
            ],
            [
              -149.644287109375,
              60.92540740966797
            ],
            [
              -149.64947509765625,
              60.926025390625
            ],
            [
              -149.65447998046875,
              60.927005767822266
            ],
            [
              -149.65908813476562,
              60.92868423461914
            ],
            [
              -149.662109375,
              60.930938720703125
            ],
            [
              -149.6636962890625,
              60.93349838256836
            ],
            [
              -149.66445922851562,
              60.93621063232422
            ],
            [
              -149.66522216796875,
              60.93905258178711
            ],
            [
              -149.66668701171875,
              60.941707611083984
            ],
            [
              -149.669189453125,
              60.944007873535156
            ],
            [
              -149.67266845703125,
              60.945960998535156
            ],
            [
              -149.67684936523438,
              60.94761276245117
            ],
            [
              -149.68145751953125,
              60.949073791503906
            ],
            [
              -149.68634033203125,
              60.950416564941406
            ],
            [
              -149.69137573242188,
              60.95166778564453
            ],
            [
              -149.696533203125,
              60.952850341796875
            ],
            [
              -149.7017822265625,
              60.953975677490234
            ],
            [
              -149.70709228515625,
              60.95501708984375
            ],
            [
              -149.71255493164062,
              60.9559211730957
            ],
            [
              -149.71832275390625,
              60.9566535949707
            ],
            [
              -149.7242431640625,
              60.95723342895508
            ],
            [
              -149.72991943359375,
              60.95772171020508
            ],
            [
              -149.73516845703125,
              60.95822525024414
            ],
            [
              -149.740234375,
              60.95886993408203
            ],
            [
              -149.745361328125,
              60.959774017333984
            ],
            [
              -149.75030517578125,
              60.96096420288086
            ],
            [
              -149.75531005859375,
              60.9623908996582
            ],
            [
              -149.76019287109375,
              60.963775634765625
            ],
            [
              -149.7652587890625,
              60.964935302734375
            ],
            [
              -149.770751953125,
              60.965763092041016
            ],
            [
              -149.77651977539062,
              60.966217041015625
            ],
            [
              -149.78231811523438,
              60.96638107299805
            ],
            [
              -149.7880859375,
              60.96637725830078
            ],
            [
              -149.79388427734375,
              60.9662971496582
            ],
            [
              -149.7994384765625,
              60.96620178222656
            ],
            [
              -149.80496215820312,
              60.96611404418945
            ],
            [
              -149.81048583984375,
              60.96608352661133
            ],
            [
              -149.81591796875,
              60.96622085571289
            ],
            [
              -149.82122802734375,
              60.96676254272461
            ],
            [
              -149.82595825195312,
              60.96785354614258
            ],
            [
              -149.82955932617188,
              60.9693489074707
            ],
            [
              -149.83285522460938,
              60.97085952758789
            ],
            [
              -149.83648681640625,
              60.972076416015625
            ],
            [
              -149.84039306640625,
              60.97273635864258
            ],
            [
              -149.84420776367188,
              60.97276306152344
            ],
            [
              -149.84735107421875,
              60.97212219238281
            ],
            [
              -149.85025024414062,
              60.97135543823242
            ],
            [
              -149.85281372070312,
              60.97042465209961
            ],
            [
              -149.85519409179688,
              60.96940231323242
            ],
            [
              -149.857421875,
              60.96839141845703
            ],
            [
              -149.85958862304688,
              60.96731185913086
            ],
            [
              -149.86184692382812,
              60.966156005859375
            ],
            [
              -149.864013671875,
              60.96498489379883
            ],
            [
              -149.86618041992188,
              60.963802337646484
            ],
            [
              -149.8681640625,
              60.96269226074219
            ],
            [
              -149.86993408203125,
              60.96167755126953
            ],
            [
              -149.87149047851562,
              60.96078109741211
            ],
            [
              -149.8729248046875,
              60.9599609375
            ],
            [
              -149.87445068359375,
              60.95906066894531
            ],
            [
              -149.876220703125,
              60.95802307128906
            ],
            [
              -149.87823486328125,
              60.95683670043945
            ],
            [
              -149.880126953125,
              60.95570373535156
            ],
            [
              -149.8819580078125,
              60.954612731933594
            ],
            [
              -149.8839111328125,
              60.95343780517578
            ],
            [
              -149.8861083984375,
              60.952117919921875
            ],
            [
              -149.8885498046875,
              60.95064926147461
            ],
            [
              -149.89132690429688,
              60.949005126953125
            ],
            [
              -149.89443969726562,
              60.94715881347656
            ],
            [
              -149.89794921875,
              60.94512176513672
            ],
            [
              -149.90170288085938,
              60.942989349365234
            ],
            [
              -149.905517578125,
              60.940887451171875
            ],
            [
              -149.90948486328125,
              60.93883514404297
            ],
            [
              -149.91360473632812,
              60.936859130859375
            ],
            [
              -149.91796875,
              60.934993743896484
            ],
            [
              -149.92254638671875,
              60.93324661254883
            ],
            [
              -149.92739868164062,
              60.93165969848633
            ],
            [
              -149.93264770507812,
              60.93035125732422
            ],
            [
              -149.93820190429688,
              60.92940139770508
            ],
            [
              -149.94384765625,
              60.928688049316406
            ],
            [
              -149.94940185546875,
              60.92802047729492
            ],
            [
              -149.95492553710938,
              60.927284240722656
            ],
            [
              -149.96035766601562,
              60.92646408081055
            ],
            [
              -149.96578979492188,
              60.92559051513672
            ],
            [
              -149.97122192382812,
              60.924705505371094
            ],
            [
              -149.97665405273438,
              60.92382049560547
            ],
            [
              -149.98211669921875,
              60.922943115234375
            ],
            [
              -149.987548828125,
              60.92206954956055
            ],
            [
              -149.99301147460938,
              60.92120361328125
            ],
            [
              -149.99847412109375,
              60.920345306396484
            ],
            [
              -150.00396728515625,
              60.91949462890625
            ],
            [
              -150.00946044921875,
              60.91865539550781
            ],
            [
              -150.01495361328125,
              60.91782760620117
            ],
            [
              -150.02047729492188,
              60.91701126098633
            ],
            [
              -150.0260009765625,
              60.91621398925781
            ],
            [
              -150.03155517578125,
              60.91543197631836
            ],
            [
              -150.03713989257812,
              60.9146728515625
            ],
            [
              -150.04275512695312,
              60.913944244384766
            ],
            [
              -150.04840087890625,
              60.91324996948242
            ],
            [
              -150.0540771484375,
              60.91261291503906
            ],
            [
              -150.05972290039062,
              60.912044525146484
            ],
            [
              -150.06533813476562,
              60.91154861450195
            ],
            [
              -150.0709228515625,
              60.911109924316406
            ],
            [
              -150.0765380859375,
              60.91075897216797
            ],
            [
              -150.08175659179688,
              60.91059494018555
            ],
            [
              -150.087158203125,
              60.910667419433594
            ],
            [
              -150.09271240234375,
              60.911006927490234
            ],
            [
              -150.09829711914062,
              60.91154098510742
            ],
            [
              -150.10394287109375,
              60.91217803955078
            ],
            [
              -150.10955810546875,
              60.912841796875
            ],
            [
              -150.11517333984375,
              60.913509368896484
            ],
            [
              -150.1207275390625,
              60.91417694091797
            ],
            [
              -150.12628173828125,
              60.914852142333984
            ],
            [
              -150.1318359375,
              60.9155387878418
            ],
            [
              -150.13739013671875,
              60.91624069213867
            ],
            [
              -150.1429443359375,
              60.91695022583008
            ],
            [
              -150.1484375,
              60.91767883300781
            ],
            [
              -150.15399169921875,
              60.918418884277344
            ],
            [
              -150.15948486328125,
              60.91917419433594
            ],
            [
              -150.16497802734375,
              60.919944763183594
            ],
            [
              -150.17047119140625,
              60.92073440551758
            ],
            [
              -150.17593383789062,
              60.921546936035156
            ],
            [
              -150.181396484375,
              60.9223747253418
            ],
            [
              -150.18682861328125,
              60.9232292175293
            ],
            [
              -150.19223022460938,
              60.924110412597656
            ],
            [
              -150.1976318359375,
              60.92502212524414
            ],
            [
              -150.2030029296875,
              60.92597579956055
            ],
            [
              -150.20834350585938,
              60.92696762084961
            ],
            [
              -150.21365356445312,
              60.928009033203125
            ],
            [
              -150.21890258789062,
              60.929115295410156
            ],
            [
              -150.22409057617188,
              60.930301666259766
            ],
            [
              -150.22918701171875,
              60.93158721923828
            ],
            [
              -150.23419189453125,
              60.932987213134766
            ],
            [
              -150.23907470703125,
              60.934505462646484
            ],
            [
              -150.24383544921875,
              60.9361457824707
            ],
            [
              -150.24835205078125,
              60.93791580200195
            ],
            [
              -150.252685546875,
              60.939815521240234
            ],
            [
              -150.25677490234375,
              60.941837310791016
            ],
            [
              -150.26055908203125,
              60.94393539428711
            ],
            [
              -150.26409912109375,
              60.946075439453125
            ],
            [
              -150.26736450195312,
              60.9482421875
            ],
            [
              -150.2706298828125,
              60.95050048828125
            ],
            [
              -150.2738037109375,
              60.95281982421875
            ],
            [
              -150.27703857421875,
              60.955169677734375
            ],
            [
              -150.2802734375,
              60.957542419433594
            ],
            [
              -150.283447265625,
              60.95990753173828
            ],
            [
              -150.2864990234375,
              60.96226119995117
            ],
            [
              -150.28936767578125,
              60.964561462402344
            ],
            [
              -150.29202270507812,
              60.96681594848633
            ],
            [
              -150.29476928710938,
              60.96922302246094
            ],
            [
              -150.2974853515625,
              60.97169876098633
            ],
            [
              -150.30001831054688,
              60.97405242919922
            ],
            [
              -150.30230712890625,
              60.97622299194336
            ],
            [
              -150.3043212890625,
              60.978214263916016
            ],
            [
              -150.30621337890625,
              60.98005676269531
            ],
            [
              -150.3079833984375,
              60.98185348510742
            ],
            [
              -150.3096923828125,
              60.98359680175781
            ],
            [
              -150.311279296875,
              60.98527145385742
            ],
            [
              -150.3128662109375,
              60.986900329589844
            ],
            [
              -150.31439208984375,
              60.9885368347168
            ],
            [
              -150.31591796875,
              60.99017333984375
            ],
            [
              -150.3173828125,
              60.99181365966797
            ],
            [
              -150.31887817382812,
              60.99345779418945
            ],
            [
              -150.32037353515625,
              60.99510192871094
            ],
            [
              -150.32180786132812,
              60.99675369262695
            ],
            [
              -150.3232421875,
              60.99840545654297
            ],
            [
              -150.32464599609375,
              61.00006866455078
            ],
            [
              -150.32598876953125,
              61.00174331665039
            ],
            [
              -150.32723999023438,
              61.0034294128418
            ],
            [
              -150.328369140625,
              61.00514221191406
            ],
            [
              -150.32940673828125,
              61.006866455078125
            ],
            [
              -150.330322265625,
              61.008602142333984
            ],
            [
              -150.33111572265625,
              61.01033401489258
            ],
            [
              -150.33181762695312,
              61.012027740478516
            ],
            [
              -150.33245849609375,
              61.01369094848633
            ],
            [
              -150.33306884765625,
              61.0153923034668
            ],
            [
              -150.33367919921875,
              61.01715850830078
            ],
            [
              -150.3343505859375,
              61.018924713134766
            ],
            [
              -150.3350830078125,
              61.02067947387695
            ],
            [
              -150.33599853515625,
              61.02242660522461
            ],
            [
              -150.33718872070312,
              61.02412033081055
            ],
            [
              -150.338623046875,
              61.0257682800293
            ],
            [
              -150.34039306640625,
              61.02735137939453
            ],
            [
              -150.34243774414062,
              61.02873611450195
            ],
            [
              -150.34442138671875,
              61.02994918823242
            ],
            [
              -150.34658813476562,
              61.03094482421875
            ],
            [
              -150.34881591796875,
              61.031898498535156
            ],
            [
              -150.35113525390625,
              61.03270721435547
            ],
            [
              -150.35369873046875,
              61.03352737426758
            ],
            [
              -150.3565673828125,
              61.034332275390625
            ],
            [
              -150.359619140625,
              61.035133361816406
            ],
            [
              -150.36285400390625,
              61.03596115112305
            ],
            [
              -150.36590576171875,
              61.036739349365234
            ],
            [
              -150.36886596679688,
              61.03749084472656
            ],
            [
              -150.371826171875,
              61.038230895996094
            ],
            [
              -150.37509155273438,
              61.03889465332031
            ],
            [
              -150.37860107421875,
              61.03944396972656
            ],
            [
              -150.38226318359375,
              61.039756774902344
            ],
            [
              -150.38592529296875,
              61.0396728515625
            ],
            [
              -150.38955688476562,
              61.03936767578125
            ],
            [
              -150.39306640625,
              61.03883361816406
            ],
            [
              -150.39642333984375,
              61.03806686401367
            ],
            [
              -150.399658203125,
              61.03719711303711
            ],
            [
              -150.40283203125,
              61.03627014160156
            ],
            [
              -150.40594482421875,
              61.03529739379883
            ],
            [
              -150.40899658203125,
              61.034278869628906
            ],
            [
              -150.41201782226562,
              61.03324508666992
            ],
            [
              -150.4150390625,
              61.03219985961914
            ],
            [
              -150.41802978515625,
              61.03115463256836
            ],
            [
              -150.42105102539062,
              61.03010940551758
            ],
            [
              -150.424072265625,
              61.02906799316406
            ],
            [
              -150.42709350585938,
              61.02804183959961
            ],
            [
              -150.43014526367188,
              61.02702331542969
            ],
            [
              -150.4332275390625,
              61.02601623535156
            ],
            [
              -150.436279296875,
              61.025020599365234
            ],
            [
              -150.43936157226562,
              61.024024963378906
            ],
            [
              -150.44244384765625,
              61.02302551269531
            ],
            [
              -150.44549560546875,
              61.02202606201172
            ],
            [
              -150.44857788085938,
              61.021018981933594
            ],
            [
              -150.45162963867188,
              61.0200080871582
            ],
            [
              -150.45468139648438,
              61.01899719238281
            ],
            [
              -150.45773315429688,
              61.017982482910156
            ],
            [
              -150.46078491210938,
              61.0169677734375
            ],
            [
              -150.46383666992188,
              61.015953063964844
            ],
            [
              -150.46688842773438,
              61.01493835449219
            ],
            [
              -150.469970703125,
              61.0139274597168
            ],
            [
              -150.4730224609375,
              61.012916564941406
            ],
            [
              -150.47607421875,
              61.01190948486328
            ],
            [
              -150.4791259765625,
              61.01089859008789
            ],
            [
              -150.48233032226562,
              61.00985336303711
            ],
            [
              -150.48565673828125,
              61.008766174316406
            ],
            [
              -150.48916625976562,
              61.00764083862305
            ],
            [
              -150.49276733398438,
              61.0064811706543
            ],
            [
              -150.49652099609375,
              61.00529098510742
            ],
            [
              -150.50042724609375,
              61.004066467285156
            ],
            [
              -150.50445556640625,
              61.00281524658203
            ],
            [
              -150.50863647460938,
              61.00153350830078
            ],
            [
              -150.51300048828125,
              61.000221252441406
            ],
            [
              -150.51751708984375,
              60.99888610839844
            ],
            [
              -150.52243041992188,
              60.997474670410156
            ],
            [
              -150.5274658203125,
              60.99605178833008
            ],
            [
              -150.53256225585938,
              60.99464416503906
            ],
            [
              -150.53765869140625,
              60.99325942993164
            ],
            [
              -150.54244995117188,
              60.99197769165039
            ],
            [
              -150.54681396484375,
              60.99082565307617
            ],
            [
              -150.55093383789062,
              60.9897346496582
            ],
            [
              -150.554931640625,
              60.98869323730469
            ],
            [
              -150.5589599609375,
              60.987632751464844
            ],
            [
              -150.56317138671875,
              60.986541748046875
            ],
            [
              -150.5675048828125,
              60.985408782958984
            ],
            [
              -150.572021484375,
              60.9842414855957
            ],
            [
              -150.57669067382812,
              60.9830207824707
            ],
            [
              -150.58154296875,
              60.981746673583984
            ],
            [
              -150.58645629882812,
              60.98044204711914
            ],
            [
              -150.591552734375,
              60.979068756103516
            ],
            [
              -150.5966796875,
              60.977684020996094
            ],
            [
              -150.60174560546875,
              60.976280212402344
            ],
            [
              -150.60684204101562,
              60.97487258911133
            ],
            [
              -150.6119384765625,
              60.97346878051758
            ],
            [
              -150.61703491210938,
              60.972068786621094
            ],
            [
              -150.62213134765625,
              60.97066879272461
            ],
            [
              -150.62725830078125,
              60.96927261352539
            ],
            [
              -150.63232421875,
              60.967872619628906
            ],
            [
              -150.63739013671875,
              60.96646499633789
            ],
            [
              -150.6424560546875,
              60.965049743652344
            ],
            [
              -150.64752197265625,
              60.96361541748047
            ],
            [
              -150.65252685546875,
              60.96216583251953
            ],
            [
              -150.657470703125,
              60.960697174072266
            ],
            [
              -150.66238403320312,
              60.959197998046875
            ],
            [
              -150.667236328125,
              60.95766830444336
            ],
            [
              -150.67205810546875,
              60.95610427856445
            ],
            [
              -150.67678833007812,
              60.954498291015625
            ],
            [
              -150.68145751953125,
              60.95285415649414
            ],
            [
              -150.68603515625,
              60.951171875
            ],
            [
              -150.6905517578125,
              60.9494514465332
            ],
            [
              -150.6949462890625,
              60.94768524169922
            ],
            [
              -150.69924926757812,
              60.945865631103516
            ],
            [
              -150.70346069335938,
              60.94399642944336
            ],
            [
              -150.70761108398438,
              60.94209289550781
            ],
            [
              -150.71173095703125,
              60.94016647338867
            ],
            [
              -150.71585083007812,
              60.938232421875
            ],
            [
              -150.719970703125,
              60.93629455566406
            ],
            [
              -150.72409057617188,
              60.934356689453125
            ],
            [
              -150.72824096679688,
              60.93242645263672
            ],
            [
              -150.73239135742188,
              60.930503845214844
            ],
            [
              -150.736572265625,
              60.928585052490234
            ],
            [
              -150.74072265625,
              60.926666259765625
            ],
            [
              -150.744873046875,
              60.924739837646484
            ],
            [
              -150.74899291992188,
              60.92280960083008
            ],
            [
              -150.75311279296875,
              60.92087173461914
            ],
            [
              -150.7572021484375,
              60.91892623901367
            ],
            [
              -150.76132202148438,
              60.9169807434082
            ],
            [
              -150.76544189453125,
              60.91503143310547
            ],
            [
              -150.76953125,
              60.91307830810547
            ],
            [
              -150.77362060546875,
              60.91112518310547
            ],
            [
              -150.7777099609375,
              60.90917205810547
            ],
            [
              -150.78179931640625,
              60.9072151184082
            ],
            [
              -150.785888671875,
              60.90525817871094
            ],
            [
              -150.78997802734375,
              60.90330505371094
            ],
            [
              -150.79409790039062,
              60.90134811401367
            ],
            [
              -150.7982177734375,
              60.899391174316406
            ],
            [
              -150.80230712890625,
              60.89743423461914
            ],
            [
              -150.806396484375,
              60.895477294921875
            ],
            [
              -150.81051635742188,
              60.893524169921875
            ],
            [
              -150.81463623046875,
              60.891571044921875
            ],
            [
              -150.81875610351562,
              60.889617919921875
            ],
            [
              -150.8228759765625,
              60.88766860961914
            ],
            [
              -150.8270263671875,
              60.885719299316406
            ],
            [
              -150.8311767578125,
              60.88377380371094
            ],
            [
              -150.8353271484375,
              60.88182830810547
            ],
            [
              -150.83950805664062,
              60.879886627197266
            ],
            [
              -150.84368896484375,
              60.87794876098633
            ],
            [
              -150.847900390625,
              60.87601089477539
            ],
            [
              -150.85211181640625,
              60.874080657958984
            ],
            [
              -150.8563232421875,
              60.872154235839844
            ],
            [
              -150.860595703125,
              60.870235443115234
            ],
            [
              -150.8648681640625,
              60.868324279785156
            ],
            [
              -150.86920166015625,
              60.866424560546875
            ],
            [
              -150.87353515625,
              60.86453628540039
            ],
            [
              -150.87786865234375,
              60.86266326904297
            ],
            [
              -150.88226318359375,
              60.860801696777344
            ],
            [
              -150.88671875,
              60.85895538330078
            ],
            [
              -150.89117431640625,
              60.85712432861328
            ],
            [
              -150.8956298828125,
              60.85530090332031
            ],
            [
              -150.900146484375,
              60.853492736816406
            ],
            [
              -150.90469360351562,
              60.85169219970703
            ],
            [
              -150.90924072265625,
              60.84990310668945
            ],
            [
              -150.913818359375,
              60.84811782836914
            ],
            [
              -150.91842651367188,
              60.846343994140625
            ],
            [
              -150.92303466796875,
              60.84457778930664
            ],
            [
              -150.92767333984375,
              60.84281539916992
            ],
            [
              -150.93228149414062,
              60.84105682373047
            ],
            [
              -150.93692016601562,
              60.83930587768555
            ],
            [
              -150.94158935546875,
              60.83755111694336
            ],
            [
              -150.94622802734375,
              60.83580017089844
            ],
            [
              -150.95086669921875,
              60.83404541015625
            ],
            [
              -150.95550537109375,
              60.83229064941406
            ],
            [
              -150.96011352539062,
              60.830528259277344
            ],
            [
              -150.9647216796875,
              60.828758239746094
            ],
            [
              -150.96929931640625,
              60.82697677612305
            ],
            [
              -150.97381591796875,
              60.82517623901367
            ],
            [
              -150.978271484375,
              60.8233528137207
            ],
            [
              -150.98272705078125,
              60.82150650024414
            ],
            [
              -150.98712158203125,
              60.81964111328125
            ],
            [
              -150.991455078125,
              60.81775665283203
            ],
            [
              -150.9957275390625,
              60.815853118896484
            ],
            [
              -150.99996948242188,
              60.81392288208008
            ],
            [
              -151.00411987304688,
              60.81196975708008
            ],
            [
              -151.0081787109375,
              60.80998229980469
            ],
            [
              -151.01214599609375,
              60.80796813964844
            ],
            [
              -151.01605224609375,
              60.80594253540039
            ],
            [
              -151.01980590820312,
              60.80389404296875
            ],
            [
              -151.02301025390625,
              60.80170822143555
            ],
            [
              -151.025634765625,
              60.79927444458008
            ],
            [
              -151.02835083007812,
              60.79677963256836
            ],
            [
              -151.03195190429688,
              60.794734954833984
            ],
            [
              -151.0360107421875,
              60.7932243347168
            ],
            [
              -151.04071044921875,
              60.7918586730957
            ],
            [
              -151.04586791992188,
              60.79060745239258
            ],
            [
              -151.05123901367188,
              60.78953552246094
            ],
            [
              -151.05673217773438,
              60.78865051269531
            ],
            [
              -151.06231689453125,
              60.787925720214844
            ],
            [
              -151.06787109375,
              60.787322998046875
            ],
            [
              -151.073486328125,
              60.78681182861328
            ],
            [
              -151.0791015625,
              60.7863655090332
            ],
            [
              -151.084716796875,
              60.78596496582031
            ],
            [
              -151.09033203125,
              60.78560256958008
            ],
            [
              -151.09597778320312,
              60.78526306152344
            ],
            [
              -151.10162353515625,
              60.78494644165039
            ],
            [
              -151.10723876953125,
              60.784645080566406
            ],
            [
              -151.11285400390625,
              60.78435516357422
            ],
            [
              -151.11846923828125,
              60.78407669067383
            ],
            [
              -151.12411499023438,
              60.7838020324707
            ],
            [
              -151.1297607421875,
              60.78353500366211
            ],
            [
              -151.13540649414062,
              60.78327941894531
            ],
            [
              -151.14105224609375,
              60.783050537109375
            ],
            [
              -151.146728515625,
              60.78285217285156
            ],
            [
              -151.15240478515625,
              60.78268051147461
            ],
            [
              -151.15805053710938,
              60.782527923583984
            ],
            [
              -151.1636962890625,
              60.782386779785156
            ],
            [
              -151.16937255859375,
              60.78225326538086
            ],
            [
              -151.17474365234375,
              60.78212356567383
            ],
            [
              -151.17984008789062,
              60.78200149536133
            ],
            [
              -151.18536376953125,
              60.7818603515625
            ],
            [
              -151.19097900390625,
              60.781707763671875
            ],
            [
              -151.19662475585938,
              60.78152847290039
            ],
            [
              -151.20223999023438,
              60.78132629394531
            ],
            [
              -151.20782470703125,
              60.78108215332031
            ],
            [
              -151.21340942382812,
              60.78078079223633
            ],
            [
              -151.21893310546875,
              60.7803955078125
            ],
            [
              -151.22442626953125,
              60.7799072265625
            ],
            [
              -151.2298583984375,
              60.77930450439453
            ],
            [
              -151.2352294921875,
              60.77857971191406
            ],
            [
              -151.240478515625,
              60.77771759033203
            ],
            [
              -151.24563598632812,
              60.77671813964844
            ],
            [
              -151.25067138671875,
              60.77558517456055
            ],
            [
              -151.25506591796875,
              60.774295806884766
            ],
            [
              -151.25799560546875,
              60.77265548706055
            ],
            [
              -151.25942993164062,
              60.7707633972168
            ],
            [
              -151.25921630859375,
              60.76885986328125
            ],
            [
              -151.25872802734375,
              60.76692199707031
            ],
            [
              -151.258544921875,
              60.76498794555664
            ],
            [
              -151.2591552734375,
              60.76313018798828
            ],
            [
              -151.26007080078125,
              60.761375427246094
            ],
            [
              -151.26116943359375,
              60.7596549987793
            ],
            [
              -151.26235961914062,
              60.7579460144043
            ],
            [
              -151.26388549804688,
              60.75630187988281
            ],
            [
              -151.2657470703125,
              60.754730224609375
            ],
            [
              -151.26788330078125,
              60.753273010253906
            ],
            [
              -151.27035522460938,
              60.751949310302734
            ],
            [
              -151.27301025390625,
              60.7507209777832
            ],
            [
              -151.27587890625,
              60.74958038330078
            ],
            [
              -151.27880859375,
              60.74852752685547
            ],
            [
              -151.2818603515625,
              60.74753189086914
            ],
            [
              -151.2850341796875,
              60.74660110473633
            ],
            [
              -151.28823852539062,
              60.7457389831543
            ],
            [
              -151.29150390625,
              60.744930267333984
            ],
            [
              -151.29486083984375,
              60.744197845458984
            ],
            [
              -151.29827880859375,
              60.74353790283203
            ],
            [
              -151.30169677734375,
              60.74292755126953
            ],
            [
              -151.30517578125,
              60.74238586425781
            ],
            [
              -151.30868530273438,
              60.74187469482422
            ],
            [
              -151.31219482421875,
              60.74138259887695
            ],
            [
              -151.31573486328125,
              60.74090576171875
            ],
            [
              -151.31930541992188,
              60.74045181274414
            ],
            [
              -151.3228759765625,
              60.740013122558594
            ],
            [
              -151.3262939453125,
              60.739627838134766
            ],
            [
              -151.3297119140625,
              60.73928451538086
            ],
            [
              -151.33316040039062,
              60.73896026611328
            ],
            [
              -151.3367919921875,
              60.7386474609375
            ],
            [
              -151.34039306640625,
              60.738338470458984
            ],
            [
              -151.343994140625,
              60.73802947998047
            ],
            [
              -151.34747314453125,
              60.73772048950195
            ],
            [
              -151.35089111328125,
              60.737403869628906
            ],
            [
              -151.35440063476562,
              60.737056732177734
            ],
            [
              -151.35772705078125,
              60.736690521240234
            ],
            [
              -151.3607177734375,
              60.73633575439453
            ],
            [
              -151.36343383789062,
              60.73598861694336
            ],
            [
              -151.36605834960938,
              60.7355842590332
            ],
            [
              -151.36871337890625,
              60.735164642333984
            ],
            [
              -151.37115478515625,
              60.73471450805664
            ],
            [
              -151.37359619140625,
              60.73424530029297
            ],
            [
              -151.3759765625,
              60.733741760253906
            ],
            [
              -151.37835693359375,
              60.733211517333984
            ],
            [
              -151.38082885742188,
              60.732635498046875
            ],
            [
              -151.38330078125,
              60.73204040527344
            ],
            [
              -151.3856201171875,
              60.7314453125
            ],
            [
              -151.38821411132812,
              60.73076629638672
            ],
            [
              -151.390869140625,
              60.730018615722656
            ],
            [
              -151.39385986328125,
              60.729129791259766
            ],
            [
              -151.39694213867188,
              60.7281379699707
            ],
            [
              -151.39990234375,
              60.727088928222656
            ],
            [
              -151.40280151367188,
              60.725982666015625
            ],
            [
              -151.40533447265625,
              60.72480773925781
            ],
            [
              -151.40753173828125,
              60.723716735839844
            ],
            [
              -151.40924072265625,
              60.722652435302734
            ],
            [
              -151.41067504882812,
              60.721702575683594
            ],
            [
              -151.4117431640625,
              60.720733642578125
            ],
            [
              -151.4127197265625,
              60.71980667114258
            ],
            [
              -151.41354370117188,
              60.718788146972656
            ],
            [
              -151.41424560546875,
              60.7176513671875
            ],
            [
              -151.414794921875,
              60.716495513916016
            ],
            [
              -151.4150390625,
              60.71533966064453
            ],
            [
              -151.41522216796875,
              60.714210510253906
            ],
            [
              -151.41513061523438,
              60.713077545166016
            ],
            [
              -151.41494750976562,
              60.71200942993164
            ],
            [
              -151.41473388671875,
              60.71101379394531
            ],
            [
              -151.41439819335938,
              60.71005630493164
            ],
            [
              -151.41403198242188,
              60.70911407470703
            ],
            [
              -151.41363525390625,
              60.708160400390625
            ],
            [
              -151.4132080078125,
              60.707252502441406
            ],
            [
              -151.41278076171875,
              60.706356048583984
            ],
            [
              -151.41229248046875,
              60.705501556396484
            ],
            [
              -151.41180419921875,
              60.70464324951172
            ],
            [
              -151.41128540039062,
              60.70372009277344
            ],
            [
              -151.41070556640625,
              60.70281219482422
            ],
            [
              -151.41015625,
              60.70197677612305
            ],
            [
              -151.4095458984375,
              60.70112991333008
            ],
            [
              -151.408935546875,
              60.700260162353516
            ],
            [
              -151.40826416015625,
              60.699405670166016
            ],
            [
              -151.4075927734375,
              60.698543548583984
            ],
            [
              -151.40692138671875,
              60.69768142700195
            ],
            [
              -151.40618896484375,
              60.69682693481445
            ],
            [
              -151.405517578125,
              60.69597244262695
            ],
            [
              -151.40472412109375,
              60.69506072998047
            ],
            [
              -151.40386962890625,
              60.694087982177734
            ],
            [
              -151.4029541015625,
              60.69302749633789
            ],
            [
              -151.40191650390625,
              60.691864013671875
            ],
            [
              -151.40081787109375,
              60.69066619873047
            ],
            [
              -151.39968872070312,
              60.689414978027344
            ],
            [
              -151.39862060546875,
              60.68825912475586
            ],
            [
              -151.3975830078125,
              60.68715286254883
            ],
            [
              -151.39651489257812,
              60.6860237121582
            ],
            [
              -151.3953857421875,
              60.6848258972168
            ],
            [
              -151.3941650390625,
              60.68353271484375
            ],
            [
              -151.39288330078125,
              60.68223190307617
            ],
            [
              -151.3916015625,
              60.680904388427734
            ],
            [
              -151.39031982421875,
              60.6795539855957
            ],
            [
              -151.38897705078125,
              60.67818832397461
            ],
            [
              -151.38763427734375,
              60.67680740356445
            ],
            [
              -151.38626098632812,
              60.6754150390625
            ],
            [
              -151.3848876953125,
              60.67401123046875
            ],
            [
              -151.383544921875,
              60.672603607177734
            ],
            [
              -151.38217163085938,
              60.67120361328125
            ],
            [
              -151.38079833984375,
              60.669837951660156
            ],
            [
              -151.37933349609375,
              60.6684684753418
            ],
            [
              -151.377685546875,
              60.667022705078125
            ],
            [
              -151.37591552734375,
              60.66556167602539
            ],
            [
              -151.3741455078125,
              60.664154052734375
            ],
            [
              -151.3724365234375,
              60.66276550292969
            ],
            [
              -151.37075805664062,
              60.661354064941406
            ],
            [
              -151.369140625,
              60.6599006652832
            ],
            [
              -151.3675537109375,
              60.65842819213867
            ],
            [
              -151.3658447265625,
              60.65690612792969
            ],
            [
              -151.36407470703125,
              60.65534210205078
            ],
            [
              -151.3623046875,
              60.65376663208008
            ],
            [
              -151.36062622070312,
              60.65217208862305
            ],
            [
              -151.359130859375,
              60.650535583496094
            ],
            [
              -151.3577880859375,
              60.64886474609375
            ],
            [
              -151.35659790039062,
              60.64716720581055
            ],
            [
              -151.35552978515625,
              60.64544677734375
            ],
            [
              -151.3546142578125,
              60.643714904785156
            ],
            [
              -151.353759765625,
              60.6419677734375
            ],
            [
              -151.35296630859375,
              60.64021682739258
            ],
            [
              -151.35223388671875,
              60.63845443725586
            ],
            [
              -151.3515625,
              60.636688232421875
            ],
            [
              -151.3509521484375,
              60.634918212890625
            ],
            [
              -151.350341796875,
              60.633148193359375
            ],
            [
              -151.34976196289062,
              60.631378173828125
            ],
            [
              -151.34918212890625,
              60.62960433959961
            ],
            [
              -151.3486328125,
              60.62782669067383
            ],
            [
              -151.34808349609375,
              60.62605285644531
            ],
            [
              -151.34759521484375,
              60.62427520751953
            ],
            [
              -151.3470458984375,
              60.62249755859375
            ],
            [
              -151.34652709960938,
              60.620723724365234
            ],
            [
              -151.34600830078125,
              60.61894226074219
            ],
            [
              -151.34552001953125,
              60.617164611816406
            ],
            [
              -151.344970703125,
              60.61534118652344
            ],
            [
              -151.34442138671875,
              60.61331558227539
            ],
            [
              -151.34375,
              60.611053466796875
            ],
            [
              -151.343017578125,
              60.6085205078125
            ],
            [
              -151.34222412109375,
              60.60580062866211
            ],
            [
              -151.3414306640625,
              60.603233337402344
            ],
            [
              -151.34063720703125,
              60.600650787353516
            ],
            [
              -151.33975219726562,
              60.597938537597656
            ],
            [
              -151.33880615234375,
              60.5952262878418
            ],
            [
              -151.33773803710938,
              60.592525482177734
            ],
            [
              -151.33663940429688,
              60.58982849121094
            ],
            [
              -151.33547973632812,
              60.58715057373047
            ],
            [
              -151.33416748046875,
              60.584510803222656
            ],
            [
              -151.33251953125,
              60.58192825317383
            ],
            [
              -151.3304443359375,
              60.57941818237305
            ],
            [
              -151.32806396484375,
              60.576961517333984
            ],
            [
              -151.32550048828125,
              60.574546813964844
            ],
            [
              -151.32269287109375,
              60.572174072265625
            ],
            [
              -151.3197021484375,
              60.569854736328125
            ],
            [
              -151.3165283203125,
              60.56759262084961
            ],
            [
              -151.3131103515625,
              60.565391540527344
            ],
            [
              -151.3096923828125,
              60.56336975097656
            ],
            [
              -151.30633544921875,
              60.56166076660156
            ],
            [
              -151.302978515625,
              60.5601692199707
            ],
            [
              -151.2991943359375,
              60.558780670166016
            ],
            [
              -151.29510498046875,
              60.55756378173828
            ],
            [
              -151.29043579101562,
              60.556434631347656
            ],
            [
              -151.285400390625,
              60.55532455444336
            ],
            [
              -151.28045654296875,
              60.554168701171875
            ],
            [
              -151.27587890625,
              60.552940368652344
            ],
            [
              -151.271728515625,
              60.55169677734375
            ],
            [
              -151.268310546875,
              60.55027389526367
            ],
            [
              -151.26577758789062,
              60.54867935180664
            ],
            [
              -151.26431274414062,
              60.54676055908203
            ],
            [
              -151.26455688476562,
              60.54459762573242
            ],
            [
              -151.26580810546875,
              60.542293548583984
            ],
            [
              -151.26788330078125,
              60.539886474609375
            ],
            [
              -151.2701416015625,
              60.537620544433594
            ],
            [
              -151.2724609375,
              60.535369873046875
            ],
            [
              -151.27471923828125,
              60.53304672241211
            ],
            [
              -151.27679443359375,
              60.53065490722656
            ],
            [
              -151.2786865234375,
              60.52809524536133
            ],
            [
              -151.2802734375,
              60.52546691894531
            ],
            [
              -151.28155517578125,
              60.52278137207031
            ],
            [
              -151.28250122070312,
              60.520042419433594
            ],
            [
              -151.28314208984375,
              60.517250061035156
            ],
            [
              -151.28350830078125,
              60.514461517333984
            ],
            [
              -151.28372192382812,
              60.5117301940918
            ],
            [
              -151.2838134765625,
              60.509090423583984
            ],
            [
              -151.2838134765625,
              60.50672912597656
            ],
            [
              -151.28375244140625,
              60.50461959838867
            ],
            [
              -151.28369140625,
              60.50273895263672
            ],
            [
              -151.28363037109375,
              60.501060485839844
            ],
            [
              -151.28350830078125,
              60.499549865722656
            ],
            [
              -151.283447265625,
              60.49802017211914
            ],
            [
              -151.2833251953125,
              60.496337890625
            ],
            [
              -151.28323364257812,
              60.494712829589844
            ],
            [
              -151.28314208984375,
              60.49307632446289
            ],
            [
              -151.28302001953125,
              60.491268157958984
            ],
            [
              -151.28289794921875,
              60.489261627197266
            ],
            [
              -151.28277587890625,
              60.487037658691406
            ],
            [
              -151.28265380859375,
              60.48456954956055
            ],
            [
              -151.28256225585938,
              60.481868743896484
            ],
            [
              -151.28253173828125,
              60.47933578491211
            ],
            [
              -151.28250122070312,
              60.47701644897461
            ],
            [
              -151.28253173828125,
              60.474727630615234
            ],
            [
              -151.2825927734375,
              60.47250747680664
            ],
            [
              -151.28265380859375,
              60.47050476074219
            ],
            [
              -151.28277587890625,
              60.46870803833008
            ],
            [
              -151.28289794921875,
              60.46709442138672
            ],
            [
              -151.28305053710938,
              60.46564865112305
            ],
            [
              -151.28317260742188,
              60.46435546875
            ],
            [
              -151.28326416015625,
              60.463199615478516
            ],
            [
              -151.28338623046875,
              60.46216583251953
            ],
            [
              -151.28347778320312,
              60.46123123168945
            ],
            [
              -151.2835693359375,
              60.460243225097656
            ],
            [
              -151.28366088867188,
              60.459136962890625
            ],
            [
              -151.28375244140625,
              60.45790100097656
            ],
            [
              -151.28384399414062,
              60.45652389526367
            ],
            [
              -151.283935546875,
              60.455101013183594
            ],
            [
              -151.28399658203125,
              60.453521728515625
            ],
            [
              -151.28411865234375,
              60.45176315307617
            ],
            [
              -151.2841796875,
              60.449798583984375
            ],
            [
              -151.28427124023438,
              60.447662353515625
            ],
            [
              -151.28436279296875,
              60.44569396972656
            ],
            [
              -151.284423828125,
              60.44392776489258
            ],
            [
              -151.28448486328125,
              60.44221115112305
            ],
            [
              -151.2845458984375,
              60.440574645996094
            ],
            [
              -151.28460693359375,
              60.439029693603516
            ],
            [
              -151.28469848632812,
              60.43744659423828
            ],
            [
              -151.2847900390625,
              60.43574142456055
            ],
            [
              -151.28485107421875,
              60.43389892578125
            ],
            [
              -151.28497314453125,
              60.43192672729492
            ],
            [
              -151.28515625,
              60.429840087890625
            ],
            [
              -151.28530883789062,
              60.4276237487793
            ],
            [
              -151.2855224609375,
              60.42527389526367
            ],
            [
              -151.2857666015625,
              60.42277526855469
            ],
            [
              -151.28607177734375,
              60.42011260986328
            ],
            [
              -151.2864990234375,
              60.4173469543457
            ],
            [
              -151.28692626953125,
              60.41459274291992
            ],
            [
              -151.2874755859375,
              60.411895751953125
            ],
            [
              -151.2880859375,
              60.40932846069336
            ],
            [
              -151.28875732421875,
              60.40689468383789
            ],
            [
              -151.2894287109375,
              60.40459060668945
            ],
            [
              -151.29022216796875,
              60.40234375
            ],
            [
              -151.29116821289062,
              60.40007781982422
            ],
            [
              -151.292236328125,
              60.39783477783203
            ],
            [
              -151.29351806640625,
              60.39556121826172
            ],
            [
              -151.29495239257812,
              60.39344787597656
            ],
            [
              -151.29638671875,
              60.3916130065918
            ],
            [
              -151.29791259765625,
              60.38991928100586
            ],
            [
              -151.2998046875,
              60.38833999633789
            ],
            [
              -151.30166625976562,
              60.38694763183594
            ],
            [
              -151.30352783203125,
              60.385799407958984
            ],
            [
              -151.30575561523438,
              60.3846435546875
            ],
            [
              -151.30853271484375,
              60.38338088989258
            ],
            [
              -151.31207275390625,
              60.38213348388672
            ],
            [
              -151.31622314453125,
              60.380924224853516
            ],
            [
              -151.32080078125,
              60.379844665527344
            ],
            [
              -151.32568359375,
              60.3788948059082
            ],
            [
              -151.330810546875,
              60.378074645996094
            ],
            [
              -151.3360595703125,
              60.37736129760742
            ],
            [
              -151.3414306640625,
              60.3767204284668
            ],
            [
              -151.34661865234375,
              60.376163482666016
            ],
            [
              -151.35125732421875,
              60.37567901611328
            ],
            [
              -151.35540771484375,
              60.375240325927734
            ],
            [
              -151.35922241210938,
              60.374813079833984
            ],
            [
              -151.3631591796875,
              60.374324798583984
            ],
            [
              -151.36688232421875,
              60.37381362915039
            ],
            [
              -151.37066650390625,
              60.37314224243164
            ],
            [
              -151.374755859375,
              60.37221145629883
            ],
            [
              -151.37896728515625,
              60.370853424072266
            ],
            [
              -151.38290405273438,
              60.36893081665039
            ],
            [
              -151.38583374023438,
              60.36671447753906
            ],
            [
              -151.38763427734375,
              60.36429214477539
            ],
            [
              -151.3883056640625,
              60.36171340942383
            ],
            [
              -151.3880615234375,
              60.35909652709961
            ],
            [
              -151.38729858398438,
              60.3564338684082
            ],
            [
              -151.38641357421875,
              60.35392761230469
            ],
            [
              -151.38568115234375,
              60.351654052734375
            ],
            [
              -151.38510131835938,
              60.349430084228516
            ],
            [
              -151.3846435546875,
              60.34701919555664
            ],
            [
              -151.38436889648438,
              60.34461212158203
            ],
            [
              -151.38427734375,
              60.34246063232422
            ],
            [
              -151.38430786132812,
              60.340538024902344
            ],
            [
              -151.3843994140625,
              60.33882141113281
            ],
            [
              -151.38446044921875,
              60.33728790283203
            ],
            [
              -151.38458251953125,
              60.335914611816406
            ],
            [
              -151.3846435546875,
              60.33469009399414
            ],
            [
              -151.38470458984375,
              60.333595275878906
            ],
            [
              -151.384765625,
              60.33259963989258
            ],
            [
              -151.38479614257812,
              60.33154296875
            ],
            [
              -151.38485717773438,
              60.33036804199219
            ],
            [
              -151.3848876953125,
              60.329078674316406
            ],
            [
              -151.38494873046875,
              60.32763671875
            ],
            [
              -151.385009765625,
              60.326026916503906
            ],
            [
              -151.38507080078125,
              60.3242301940918
            ],
            [
              -151.38516235351562,
              60.32224655151367
            ],
            [
              -151.38522338867188,
              60.32036590576172
            ],
            [
              -151.38528442382812,
              60.318450927734375
            ],
            [
              -151.3853759765625,
              60.316314697265625
            ],
            [
              -151.38543701171875,
              60.31410598754883
            ],
            [
              -151.38552856445312,
              60.31184768676758
            ],
            [
              -151.3856201171875,
              60.309329986572266
            ],
            [
              -151.3857421875,
              60.306644439697266
            ],
            [
              -151.38583374023438,
              60.30406188964844
            ],
            [
              -151.385986328125,
              60.301307678222656
            ],
            [
              -151.3861083984375,
              60.29874038696289
            ],
            [
              -151.38623046875,
              60.296234130859375
            ],
            [
              -151.38641357421875,
              60.29353713989258
            ],
            [
              -151.3865966796875,
              60.2907829284668
            ],
            [
              -151.38677978515625,
              60.28824996948242
            ],
            [
              -151.386962890625,
              60.28578186035156
            ],
            [
              -151.38720703125,
              60.28328323364258
            ],
            [
              -151.387451171875,
              60.280906677246094
            ],
            [
              -151.3876953125,
              60.27872848510742
            ],
            [
              -151.387939453125,
              60.27678298950195
            ],
            [
              -151.38815307617188,
              60.27503967285156
            ],
            [
              -151.38836669921875,
              60.27347946166992
            ],
            [
              -151.38858032226562,
              60.27207946777344
            ],
            [
              -151.3887939453125,
              60.27067947387695
            ],
            [
              -151.38909912109375,
              60.269134521484375
            ],
            [
              -151.389404296875,
              60.26750564575195
            ],
            [
              -151.38970947265625,
              60.265933990478516
            ],
            [
              -151.39007568359375,
              60.26442337036133
            ],
            [
              -151.39044189453125,
              60.26295471191406
            ],
            [
              -151.390869140625,
              60.26137924194336
            ],
            [
              -151.391357421875,
              60.259620666503906
            ],
            [
              -151.3919677734375,
              60.25765609741211
            ],
            [
              -151.3927001953125,
              60.255462646484375
            ],
            [
              -151.3935546875,
              60.253021240234375
            ],
            [
              -151.39459228515625,
              60.2503662109375
            ],
            [
              -151.39569091796875,
              60.247894287109375
            ],
            [
              -151.396728515625,
              60.2455940246582
            ],
            [
              -151.3978271484375,
              60.2434196472168
            ],
            [
              -151.3990478515625,
              60.24116897583008
            ],
            [
              -151.40036010742188,
              60.23893737792969
            ],
            [
              -151.401611328125,
              60.23689270019531
            ],
            [
              -151.40283203125,
              60.235042572021484
            ],
            [
              -151.40402221679688,
              60.233360290527344
            ],
            [
              -151.40521240234375,
              60.2317008972168
            ],
            [
              -151.406494140625,
              60.230064392089844
            ],
            [
              -151.40774536132812,
              60.22846603393555
            ],
            [
              -151.40914916992188,
              60.22676467895508
            ],
            [
              -151.41070556640625,
              60.22493362426758
            ],
            [
              -151.41244506835938,
              60.222930908203125
            ],
            [
              -151.41448974609375,
              60.220699310302734
            ],
            [
              -151.416748046875,
              60.21831130981445
            ],
            [
              -151.41909790039062,
              60.21598434448242
            ],
            [
              -151.42135620117188,
              60.213897705078125
            ],
            [
              -151.423828125,
              60.2118034362793
            ],
            [
              -151.42660522460938,
              60.20962905883789
            ],
            [
              -151.4296875,
              60.2074089050293
            ],
            [
              -151.4329833984375,
              60.20519256591797
            ],
            [
              -151.43621826171875,
              60.203125
            ],
            [
              -151.43936157226562,
              60.20119857788086
            ],
            [
              -151.44232177734375,
              60.19938278198242
            ],
            [
              -151.44515991210938,
              60.19767379760742
            ],
            [
              -151.44775390625,
              60.19607925415039
            ],
            [
              -151.45022583007812,
              60.19456100463867
            ],
            [
              -151.45269775390625,
              60.19301986694336
            ],
            [
              -151.455078125,
              60.19149398803711
            ],
            [
              -151.457275390625,
              60.19009017944336
            ],
            [
              -151.45950317382812,
              60.188602447509766
            ],
            [
              -151.46185302734375,
              60.18701934814453
            ],
            [
              -151.46417236328125,
              60.18545150756836
            ],
            [
              -151.4664306640625,
              60.18391036987305
            ],
            [
              -151.46868896484375,
              60.18235778808594
            ],
            [
              -151.47097778320312,
              60.18075942993164
            ],
            [
              -151.47335815429688,
              60.17910385131836
            ],
            [
              -151.4757080078125,
              60.17747116088867
            ],
            [
              -151.47784423828125,
              60.17597961425781
            ],
            [
              -151.47998046875,
              60.174476623535156
            ],
            [
              -151.48211669921875,
              60.172969818115234
            ],
            [
              -151.4842529296875,
              60.17148208618164
            ],
            [
              -151.486572265625,
              60.16986846923828
            ],
            [
              -151.48907470703125,
              60.16811752319336
            ],
            [
              -151.49176025390625,
              60.16624069213867
            ],
            [
              -151.4942626953125,
              60.164493560791016
            ],
            [
              -151.49649047851562,
              60.162933349609375
            ],
            [
              -151.49859619140625,
              60.16147994995117
            ],
            [
              -151.5006103515625,
              60.16008758544922
            ],
            [
              -151.50274658203125,
              60.15861511230469
            ],
            [
              -151.50497436523438,
              60.15708541870117
            ],
            [
              -151.50711059570312,
              60.15562438964844
            ],
            [
              -151.5093994140625,
              60.1540641784668
            ],
            [
              -151.51181030273438,
              60.15243148803711
            ],
            [
              -151.51425170898438,
              60.15079116821289
            ],
            [
              -151.51678466796875,
              60.14910125732422
            ],
            [
              -151.51937866210938,
              60.147377014160156
            ],
            [
              -151.52188110351562,
              60.14573669433594
            ],
            [
              -151.52447509765625,
              60.14403533935547
            ],
            [
              -151.52734375,
              60.14218521118164
            ],
            [
              -151.530517578125,
              60.14019012451172
            ],
            [
              -151.533935546875,
              60.13804244995117
            ],
            [
              -151.53720092773438,
              60.13606262207031
            ],
            [
              -151.5401611328125,
              60.134307861328125
            ],
            [
              -151.54296875,
              60.1326904296875
            ],
            [
              -151.5457763671875,
              60.131126403808594
            ],
            [
              -151.54864501953125,
              60.12960433959961
            ],
            [
              -151.55130004882812,
              60.12825012207031
            ],
            [
              -151.5538330078125,
              60.12703323364258
            ],
            [
              -151.55645751953125,
              60.12581253051758
            ],
            [
              -151.55938720703125,
              60.12450408935547
            ],
            [
              -151.5623779296875,
              60.12322235107422
            ],
            [
              -151.56546020507812,
              60.12195587158203
            ],
            [
              -151.56884765625,
              60.120609283447266
            ],
            [
              -151.5726318359375,
              60.119140625
            ],
            [
              -151.57666015625,
              60.11760330200195
            ],
            [
              -151.5809326171875,
              60.11597442626953
            ],
            [
              -151.5853271484375,
              60.11424255371094
            ],
            [
              -151.589599609375,
              60.11250686645508
            ],
            [
              -151.59371948242188,
              60.11074447631836
            ],
            [
              -151.59759521484375,
              60.10896682739258
            ],
            [
              -151.6011962890625,
              60.107200622558594
            ],
            [
              -151.60430908203125,
              60.10554885864258
            ],
            [
              -151.607177734375,
              60.10395050048828
            ],
            [
              -151.60986328125,
              60.10232162475586
            ],
            [
              -151.61260986328125,
              60.100582122802734
            ],
            [
              -151.615478515625,
              60.098636627197266
            ],
            [
              -151.61825561523438,
              60.09663009643555
            ],
            [
              -151.62081909179688,
              60.094703674316406
            ],
            [
              -151.62335205078125,
              60.09269332885742
            ],
            [
              -151.62579345703125,
              60.0907096862793
            ],
            [
              -151.6280517578125,
              60.08879089355469
            ],
            [
              -151.63018798828125,
              60.08698272705078
            ],
            [
              -151.63232421875,
              60.085121154785156
            ],
            [
              -151.6346435546875,
              60.083045959472656
            ],
            [
              -151.63690185546875,
              60.080989837646484
            ],
            [
              -151.63916015625,
              60.078941345214844
            ],
            [
              -151.6412353515625,
              60.076988220214844
            ],
            [
              -151.64324951171875,
              60.07512664794922
            ],
            [
              -151.645263671875,
              60.0732307434082
            ],
            [
              -151.647216796875,
              60.071346282958984
            ],
            [
              -151.6492919921875,
              60.069374084472656
            ],
            [
              -151.6513671875,
              60.06737518310547
            ],
            [
              -151.65365600585938,
              60.065185546875
            ],
            [
              -151.656005859375,
              60.06293487548828
            ],
            [
              -151.65826416015625,
              60.0607795715332
            ],
            [
              -151.66064453125,
              60.05851364135742
            ],
            [
              -151.66326904296875,
              60.05601119995117
            ],
            [
              -151.666015625,
              60.05349349975586
            ],
            [
              -151.66848754882812,
              60.051231384277344
            ],
            [
              -151.6707763671875,
              60.049198150634766
            ],
            [
              -151.6729736328125,
              60.047306060791016
            ],
            [
              -151.6751708984375,
              60.04543685913086
            ],
            [
              -151.67779541015625,
              60.043487548828125
            ],
            [
              -151.6812744140625,
              60.04176712036133
            ],
            [
              -151.68560791015625,
              60.04090881347656
            ],
            [
              -151.69036865234375,
              60.04137420654297
            ],
            [
              -151.69509887695312,
              60.041343688964844
            ],
            [
              -151.69879150390625,
              60.04010009765625
            ],
            [
              -151.7010498046875,
              60.03799057006836
            ],
            [
              -151.70260620117188,
              60.03558349609375
            ],
            [
              -151.70419311523438,
              60.03303146362305
            ],
            [
              -151.70556640625,
              60.030662536621094
            ],
            [
              -151.706787109375,
              60.02849197387695
            ],
            [
              -151.70782470703125,
              60.0264778137207
            ],
            [
              -151.7088623046875,
              60.02439880371094
            ],
            [
              -151.70999145507812,
              60.02215576171875
            ],
            [
              -151.7110595703125,
              60.01991653442383
            ],
            [
              -151.712158203125,
              60.01763153076172
            ],
            [
              -151.7132568359375,
              60.01530456542969
            ],
            [
              -151.71435546875,
              60.01290512084961
            ],
            [
              -151.7154541015625,
              60.01042938232422
            ],
            [
              -151.71661376953125,
              60.007877349853516
            ],
            [
              -151.7177734375,
              60.0052490234375
            ],
            [
              -151.71893310546875,
              60.00254821777344
            ],
            [
              -151.72015380859375,
              59.999755859375
            ],
            [
              -151.72140502929688,
              59.99686050415039
            ],
            [
              -151.72259521484375,
              59.99408721923828
            ],
            [
              -151.72381591796875,
              59.99118423461914
            ],
            [
              -151.72509765625,
              59.98813247680664
            ],
            [
              -151.72640991210938,
              59.985069274902344
            ],
            [
              -151.72772216796875,
              59.98198699951172
            ],
            [
              -151.72894287109375,
              59.979061126708984
            ],
            [
              -151.73004150390625,
              59.976436614990234
            ],
            [
              -151.73104858398438,
              59.97407531738281
            ],
            [
              -151.73193359375,
              59.97193908691406
            ],
            [
              -151.7327880859375,
              59.9699821472168
            ],
            [
              -151.73355102539062,
              59.96812438964844
            ],
            [
              -151.73434448242188,
              59.966243743896484
            ],
            [
              -151.7352294921875,
              59.964141845703125
            ],
            [
              -151.73626708984375,
              59.96177673339844
            ],
            [
              -151.7373046875,
              59.959266662597656
            ],
            [
              -151.73831176757812,
              59.95697021484375
            ],
            [
              -151.73919677734375,
              59.954891204833984
            ],
            [
              -151.74005126953125,
              59.9530029296875
            ],
            [
              -151.7408447265625,
              59.95119094848633
            ],
            [
              -151.74163818359375,
              59.949466705322266
            ],
            [
              -151.742431640625,
              59.94767379760742
            ],
            [
              -151.7432861328125,
              59.945762634277344
            ],
            [
              -151.74420166015625,
              59.943817138671875
            ],
            [
              -151.74517822265625,
              59.94176483154297
            ],
            [
              -151.74615478515625,
              59.939762115478516
            ],
            [
              -151.7471923828125,
              59.93766784667969
            ],
            [
              -151.74835205078125,
              59.93543243408203
            ],
            [
              -151.74951171875,
              59.93330383300781
            ],
            [
              -151.7506103515625,
              59.93132781982422
            ],
            [
              -151.751708984375,
              59.92942428588867
            ],
            [
              -151.7528076171875,
              59.92758560180664
            ],
            [
              -151.75390625,
              59.92576217651367
            ],
            [
              -151.75518798828125,
              59.92382049560547
            ],
            [
              -151.756591796875,
              59.921913146972656
            ],
            [
              -151.7581787109375,
              59.91984939575195
            ],
            [
              -151.76022338867188,
              59.91767120361328
            ],
            [
              -151.7623291015625,
              59.91565704345703
            ],
            [
              -151.76443481445312,
              59.91377639770508
            ],
            [
              -151.76663208007812,
              59.91182327270508
            ],
            [
              -151.76898193359375,
              59.90965270996094
            ],
            [
              -151.77130126953125,
              59.907527923583984
            ],
            [
              -151.77352905273438,
              59.9055290222168
            ],
            [
              -151.77587890625,
              59.90364074707031
            ],
            [
              -151.77822875976562,
              59.901832580566406
            ],
            [
              -151.78060913085938,
              59.900081634521484
            ],
            [
              -151.782958984375,
              59.89838409423828
            ],
            [
              -151.78533935546875,
              59.89668655395508
            ],
            [
              -151.78765869140625,
              59.89497756958008
            ],
            [
              -151.78997802734375,
              59.89321517944336
            ],
            [
              -151.79248046875,
              59.89124298095703
            ],
            [
              -151.79498291015625,
              59.88902282714844
            ],
            [
              -151.79714965820312,
              59.88687515258789
            ],
            [
              -151.79913330078125,
              59.88469696044922
            ],
            [
              -151.80084228515625,
              59.88246154785156
            ],
            [
              -151.80218505859375,
              59.880306243896484
            ],
            [
              -151.80340576171875,
              59.87813949584961
            ],
            [
              -151.804443359375,
              59.87588882446289
            ],
            [
              -151.8052978515625,
              59.87372589111328
            ],
            [
              -151.80609130859375,
              59.87155532836914
            ],
            [
              -151.80682373046875,
              59.86932373046875
            ],
            [
              -151.80743408203125,
              59.86729431152344
            ],
            [
              -151.8079833984375,
              59.865238189697266
            ],
            [
              -151.80859375,
              59.8630256652832
            ],
            [
              -151.80914306640625,
              59.8608512878418
            ],
            [
              -151.8096923828125,
              59.85859680175781
            ],
            [
              -151.810302734375,
              59.856258392333984
            ],
            [
              -151.81097412109375,
              59.85367965698242
            ],
            [
              -151.81170654296875,
              59.85107421875
            ],
            [
              -151.81253051757812,
              59.84847640991211
            ],
            [
              -151.81353759765625,
              59.84589385986328
            ],
            [
              -151.81451416015625,
              59.84354782104492
            ],
            [
              -151.81561279296875,
              59.841224670410156
            ],
            [
              -151.81683349609375,
              59.83890914916992
            ],
            [
              -151.81808471679688,
              59.836666107177734
            ],
            [
              -151.81939697265625,
              59.83443832397461
            ],
            [
              -151.82083129882812,
              59.832191467285156
            ],
            [
              -151.82235717773438,
              59.829917907714844
            ],
            [
              -151.823974609375,
              59.82761764526367
            ],
            [
              -151.8258056640625,
              59.82521057128906
            ],
            [
              -151.82766723632812,
              59.82283401489258
            ],
            [
              -151.82940673828125,
              59.82065963745117
            ],
            [
              -151.83096313476562,
              59.81874465942383
            ],
            [
              -151.83245849609375,
              59.816932678222656
            ],
            [
              -151.833984375,
              59.81513977050781
            ],
            [
              -151.83575439453125,
              59.813133239746094
            ],
            [
              -151.8377685546875,
              59.8109130859375
            ],
            [
              -151.8399658203125,
              59.808597564697266
            ],
            [
              -151.842041015625,
              59.80638122558594
            ],
            [
              -151.84429931640625,
              59.80403137207031
            ],
            [
              -151.8468017578125,
              59.80144119262695
            ],
            [
              -151.84927368164062,
              59.79888916015625
            ],
            [
              -151.85195922851562,
              59.79610061645508
            ],
            [
              -151.85455322265625,
              59.793392181396484
            ],
            [
              -151.85711669921875,
              59.79063415527344
            ],
            [
              -151.85980224609375,
              59.78764724731445
            ],
            [
              -151.86257934570312,
              59.78438186645508
            ],
            [
              -151.86572265625,
              59.781002044677734
            ],
            [
              -151.86923217773438,
              59.77770233154297
            ],
            [
              -151.871826171875,
              59.77451705932617
            ],
            [
              -151.872314453125,
              59.77139663696289
            ],
            [
              -151.8714599609375,
              59.76858139038086
            ],
            [
              -151.87014770507812,
              59.76594161987305
            ],
            [
              -151.86865234375,
              59.763301849365234
            ],
            [
              -151.86712646484375,
              59.76065444946289
            ],
            [
              -151.86569213867188,
              59.75828170776367
            ],
            [
              -151.8643798828125,
              59.756141662597656
            ],
            [
              -151.86297607421875,
              59.7540168762207
            ],
            [
              -151.86151123046875,
              59.75183868408203
            ],
            [
              -151.860107421875,
              59.74976348876953
            ],
            [
              -151.85845947265625,
              59.74761199951172
            ],
            [
              -151.8568115234375,
              59.74542999267578
            ],
            [
              -151.85504150390625,
              59.74325942993164
            ],
            [
              -151.85321044921875,
              59.74114227294922
            ],
            [
              -151.851318359375,
              59.73905563354492
            ],
            [
              -151.84939575195312,
              59.73704147338867
            ],
            [
              -151.84747314453125,
              59.73511505126953
            ],
            [
              -151.84536743164062,
              59.733131408691406
            ],
            [
              -151.843017578125,
              59.73106384277344
            ],
            [
              -151.840576171875,
              59.72897720336914
            ],
            [
              -151.83782958984375,
              59.72686004638672
            ],
            [
              -151.8350830078125,
              59.724830627441406
            ],
            [
              -151.8323974609375,
              59.72294235229492
            ],
            [
              -151.8292236328125,
              59.720970153808594
            ],
            [
              -151.8258056640625,
              59.71893310546875
            ],
            [
              -151.82220458984375,
              59.7169075012207
            ],
            [
              -151.81875610351562,
              59.715171813964844
            ],
            [
              -151.815673828125,
              59.7136344909668
            ],
            [
              -151.81277465820312,
              59.712284088134766
            ],
            [
              -151.80984497070312,
              59.710933685302734
            ],
            [
              -151.80661010742188,
              59.70949172973633
            ],
            [
              -151.80319213867188,
              59.708011627197266
            ],
            [
              -151.799560546875,
              59.706478118896484
            ],
            [
              -151.796142578125,
              59.70506286621094
            ],
            [
              -151.79290771484375,
              59.70376205444336
            ],
            [
              -151.78955078125,
              59.70242691040039
            ],
            [
              -151.78622436523438,
              59.70111846923828
            ],
            [
              -151.78265380859375,
              59.699745178222656
            ],
            [
              -151.77874755859375,
              59.69826126098633
            ],
            [
              -151.77459716796875,
              59.69668960571289
            ],
            [
              -151.77044677734375,
              59.695152282714844
            ],
            [
              -151.76614379882812,
              59.693572998046875
            ],
            [
              -151.76181030273438,
              59.69199752807617
            ],
            [
              -151.75762939453125,
              59.69047927856445
            ],
            [
              -151.753662109375,
              59.689056396484375
            ],
            [
              -151.74981689453125,
              59.687679290771484
            ],
            [
              -151.74615478515625,
              59.68637466430664
            ],
            [
              -151.74270629882812,
              59.68514633178711
            ],
            [
              -151.73941040039062,
              59.683963775634766
            ],
            [
              -151.7362060546875,
              59.68281555175781
            ],
            [
              -151.73291015625,
              59.681644439697266
            ],
            [
              -151.72964477539062,
              59.68046951293945
            ],
            [
              -151.72653198242188,
              59.67933654785156
            ],
            [
              -151.72354125976562,
              59.678253173828125
            ],
            [
              -151.72052001953125,
              59.6771354675293
            ],
            [
              -151.7174072265625,
              59.67597961425781
            ],
            [
              -151.71417236328125,
              59.67475891113281
            ],
            [
              -151.7108154296875,
              59.67348098754883
            ],
            [
              -151.70736694335938,
              59.67213821411133
            ],
            [
              -151.70391845703125,
              59.67079162597656
            ],
            [
              -151.70053100585938,
              59.66944885253906
            ],
            [
              -151.6971435546875,
              59.668094635009766
            ],
            [
              -151.69342041015625,
              59.66661071777344
            ],
            [
              -151.6893310546875,
              59.66497802734375
            ],
            [
              -151.68487548828125,
              59.66318893432617
            ],
            [
              -151.67999267578125,
              59.66123580932617
            ],
            [
              -151.67449951171875,
              59.65909194946289
            ],
            [
              -151.66830444335938,
              59.65677261352539
            ],
            [
              -151.66168212890625,
              59.6544189453125
            ],
            [
              -151.65481567382812,
              59.652198791503906
            ],
            [
              -151.64776611328125,
              59.65016555786133
            ],
            [
              -151.64044189453125,
              59.64836883544922
            ],
            [
              -151.6328125,
              59.646873474121094
            ],
            [
              -151.62481689453125,
              59.64570617675781
            ],
            [
              -151.61676025390625,
              59.64484786987305
            ],
            [
              -151.60931396484375,
              59.644256591796875
            ],
            [
              -151.60223388671875,
              59.6438102722168
            ],
            [
              -151.59521484375,
              59.643436431884766
            ],
            [
              -151.58880615234375,
              59.64308166503906
            ],
            [
              -151.5828857421875,
              59.642677307128906
            ],
            [
              -151.57708740234375,
              59.642181396484375
            ],
            [
              -151.57147216796875,
              59.641544342041016
            ],
            [
              -151.5660400390625,
              59.64072799682617
            ],
            [
              -151.56085205078125,
              59.63983917236328
            ],
            [
              -151.55596923828125,
              59.638885498046875
            ],
            [
              -151.55093383789062,
              59.63784408569336
            ],
            [
              -151.5455322265625,
              59.636695861816406
            ],
            [
              -151.53936767578125,
              59.635459899902344
            ],
            [
              -151.53225708007812,
              59.634395599365234
            ],
            [
              -151.5242919921875,
              59.63392639160156
            ],
            [
              -151.51605224609375,
              59.63437271118164
            ],
            [
              -151.50778198242188,
              59.63542175292969
            ],
            [
              -151.49945068359375,
              59.63661575317383
            ],
            [
              -151.49105834960938,
              59.6378288269043
            ],
            [
              -151.48297119140625,
              59.639068603515625
            ],
            [
              -151.47576904296875,
              59.64028549194336
            ],
            [
              -151.4693603515625,
              59.64149475097656
            ],
            [
              -151.4637451171875,
              59.64270782470703
            ],
            [
              -151.4588623046875,
              59.64413070678711
            ],
            [
              -151.4541015625,
              59.64584732055664
            ],
            [
              -151.44952392578125,
              59.64802932739258
            ],
            [
              -151.44662475585938,
              59.65071105957031
            ],
            [
              -151.44467163085938,
              59.65378189086914
            ],
            [
              -151.44354248046875,
              59.65730667114258
            ],
            [
              -151.44265747070312,
              59.66104507446289
            ],
            [
              -151.43975830078125,
              59.66458511352539
            ],
            [
              -151.4351806640625,
              59.667274475097656
            ],
            [
              -151.43035888671875,
              59.6693229675293
            ],
            [
              -151.42572021484375,
              59.67097091674805
            ],
            [
              -151.42132568359375,
              59.67229080200195
            ],
            [
              -151.4173583984375,
              59.67344665527344
            ],
            [
              -151.4136962890625,
              59.6744270324707
            ],
            [
              -151.41009521484375,
              59.675376892089844
            ],
            [
              -151.40643310546875,
              59.6762809753418
            ],
            [
              -151.402587890625,
              59.677207946777344
            ],
            [
              -151.39834594726562,
              59.67816162109375
            ],
            [
              -151.39361572265625,
              59.67920684814453
            ],
            [
              -151.38873291015625,
              59.68018341064453
            ],
            [
              -151.38336181640625,
              59.681190490722656
            ],
            [
              -151.37789916992188,
              59.682098388671875
            ],
            [
              -151.37286376953125,
              59.6827278137207
            ],
            [
              -151.36761474609375,
              59.68328857421875
            ],
            [
              -151.362060546875,
              59.68360900878906
            ],
            [
              -151.3568115234375,
              59.6838493347168
            ],
            [
              -151.35220336914062,
              59.68397521972656
            ],
            [
              -151.34747314453125,
              59.684078216552734
            ],
            [
              -151.34222412109375,
              59.68415832519531
            ],
            [
              -151.33639526367188,
              59.68427658081055
            ],
            [
              -151.33001708984375,
              59.684749603271484
            ],
            [
              -151.32366943359375,
              59.68625259399414
            ],
            [
              -151.3206787109375,
              59.68978500366211
            ],
            [
              -151.31494140625,
              59.69282913208008
            ],
            [
              -151.3074951171875,
              59.69517135620117
            ],
            [
              -151.30032348632812,
              59.697566986083984
            ],
            [
              -151.29412841796875,
              59.7000732421875
            ],
            [
              -151.28781127929688,
              59.702877044677734
            ],
            [
              -151.281494140625,
              59.70573806762695
            ],
            [
              -151.27496337890625,
              59.70864486694336
            ],
            [
              -151.26776123046875,
              59.71165084838867
            ],
            [
              -151.26007080078125,
              59.71455383300781
            ],
            [
              -151.252197265625,
              59.71736145019531
            ],
            [
              -151.24441528320312,
              59.72021484375
            ],
            [
              -151.23663330078125,
              59.72308349609375
            ],
            [
              -151.22879028320312,
              59.7259407043457
            ],
            [
              -151.22100830078125,
              59.728824615478516
            ],
            [
              -151.21328735351562,
              59.73176956176758
            ],
            [
              -151.20571899414062,
              59.73480224609375
            ],
            [
              -151.1983642578125,
              59.73795700073242
            ],
            [
              -151.1912841796875,
              59.74125671386719
            ],
            [
              -151.18438720703125,
              59.74470138549805
            ],
            [
              -151.1776123046875,
              59.748233795166016
            ],
            [
              -151.17141723632812,
              59.751529693603516
            ],
            [
              -151.1658935546875,
              59.754459381103516
            ],
            [
              -151.16082763671875,
              59.75705337524414
            ],
            [
              -151.15625,
              59.75933837890625
            ],
            [
              -151.152099609375,
              59.76136016845703
            ],
            [
              -151.1483154296875,
              59.76312255859375
            ],
            [
              -151.1448974609375,
              59.76469421386719
            ],
            [
              -151.14175415039062,
              59.76609420776367
            ],
            [
              -151.13876342773438,
              59.76742935180664
            ],
            [
              -151.13580322265625,
              59.76872634887695
            ],
            [
              -151.132568359375,
              59.77014923095703
            ],
            [
              -151.12890625,
              59.771732330322266
            ],
            [
              -151.124755859375,
              59.77349090576172
            ],
            [
              -151.1201171875,
              59.77544021606445
            ],
            [
              -151.11489868164062,
              59.77760696411133
            ],
            [
              -151.10894775390625,
              59.77997970581055
            ],
            [
              -151.1021728515625,
              59.782535552978516
            ],
            [
              -151.0941162109375,
              59.78501510620117
            ],
            [
              -151.08474731445312,
              59.786949157714844
            ],
            [
              -151.07568359375,
              59.78881072998047
            ],
            [
              -151.06817626953125,
              59.79195022583008
            ],
            [
              -151.062744140625,
              59.796138763427734
            ],
            [
              -151.05758666992188,
              59.80038833618164
            ],
            [
              -151.05126953125,
              59.80413818359375
            ],
            [
              -151.0435791015625,
              59.80715560913086
            ],
            [
              -151.0347900390625,
              59.809410095214844
            ],
            [
              -151.0252685546875,
              59.810665130615234
            ],
            [
              -151.01528930664062,
              59.81071853637695
            ],
            [
              -151.0054931640625,
              59.81098937988281
            ],
            [
              -150.9969482421875,
              59.813697814941406
            ],
            [
              -150.98934936523438,
              59.817081451416016
            ],
            [
              -150.9808349609375,
              59.81965255737305
            ],
            [
              -150.97109985351562,
              59.81991195678711
            ],
            [
              -150.96209716796875,
              59.81766891479492
            ],
            [
              -150.953369140625,
              59.81520462036133
            ],
            [
              -150.94598388671875,
              59.81178665161133
            ],
            [
              -150.9404296875,
              59.80756378173828
            ],
            [
              -150.93234252929688,
              59.804500579833984
            ],
            [
              -150.92300415039062,
              59.80252456665039
            ],
            [
              -150.91571044921875,
              59.79894256591797
            ],
            [
              -150.907958984375,
              59.795589447021484
            ],
            [
              -150.9124755859375,
              59.7911376953125
            ],
            [
              -150.92138671875,
              59.788570404052734
            ],
            [
              -150.929443359375,
              59.78535079956055
            ],
            [
              -150.93756103515625,
              59.782230377197266
            ],
            [
              -150.94534301757812,
              59.779029846191406
            ],
            [
              -150.95379638671875,
              59.7761116027832
            ],
            [
              -150.96380615234375,
              59.77534103393555
            ],
            [
              -150.97067260742188,
              59.77211380004883
            ],
            [
              -150.968017578125,
              59.767147064208984
            ],
            [
              -150.9683837890625,
              59.761661529541016
            ],
            [
              -150.97518920898438,
              59.75791549682617
            ],
            [
              -150.985595703125,
              59.75807189941406
            ],
            [
              -150.99468994140625,
              59.75606155395508
            ],
            [
              -151.00283813476562,
              59.75817108154297
            ],
            [
              -151.01022338867188,
              59.75806427001953
            ],
            [
              -151.013916015625,
              59.75443649291992
            ],
            [
              -151.01531982421875,
              59.75029373168945
            ],
            [
              -151.01846313476562,
              59.74713134765625
            ],
            [
              -151.024169921875,
              59.74543762207031
            ],
            [
              -151.029541015625,
              59.744232177734375
            ],
            [
              -151.03448486328125,
              59.74327850341797
            ],
            [
              -151.03842163085938,
              59.74205780029297
            ],
            [
              -151.04180908203125,
              59.740760803222656
            ],
            [
              -151.04415893554688,
              59.73931121826172
            ],
            [
              -151.04495239257812,
              59.737525939941406
            ],
            [
              -151.04571533203125,
              59.7357292175293
            ],
            [
              -151.04510498046875,
              59.733978271484375
            ],
            [
              -151.0438232421875,
              59.73228073120117
            ],
            [
              -151.04254150390625,
              59.730587005615234
            ],
            [
              -151.04046630859375,
              59.72915267944336
            ],
            [
              -151.0380859375,
              59.72777557373047
            ],
            [
              -151.03567504882812,
              59.72638702392578
            ],
            [
              -151.03302001953125,
              59.72513198852539
            ],
            [
              -151.03021240234375,
              59.72394561767578
            ],
            [
              -151.0274658203125,
              59.72277069091797
            ],
            [
              -151.02618408203125,
              59.72124099731445
            ],
            [
              -151.026123046875,
              59.719295501708984
            ],
            [
              -151.02764892578125,
              59.71845245361328
            ],
            [
              -151.0311279296875,
              59.71881103515625
            ],
            [
              -151.03460693359375,
              59.719181060791016
            ],
            [
              -151.03768920898438,
              59.7200927734375
            ],
            [
              -151.040771484375,
              59.72100830078125
            ],
            [
              -151.04388427734375,
              59.72193145751953
            ],
            [
              -151.04751586914062,
              59.72190856933594
            ],
            [
              -151.05117797851562,
              59.72169876098633
            ],
            [
              -151.0548095703125,
              59.72148513793945
            ],
            [
              -151.05838012695312,
              59.72180938720703
            ],
            [
              -151.06195068359375,
              59.722206115722656
            ],
            [
              -151.06552124023438,
              59.722599029541016
            ],
            [
              -151.06903076171875,
              59.722164154052734
            ],
            [
              -151.07244873046875,
              59.721622467041016
            ],
            [
              -151.075927734375,
              59.721073150634766
            ],
            [
              -151.07720947265625,
              59.71944046020508
            ],
            [
              -151.078369140625,
              59.717716217041016
            ],
            [
              -151.07952880859375,
              59.71601486206055
            ],
            [
              -151.08209228515625,
              59.71479415893555
            ],
            [
              -151.084716796875,
              59.71358871459961
            ],
            [
              -151.08734130859375,
              59.71238327026367
            ],
            [
              -151.09027099609375,
              59.711360931396484
            ],
            [
              -151.09320068359375,
              59.71034622192383
            ],
            [
              -151.09613037109375,
              59.709327697753906
            ],
            [
              -151.0977783203125,
              59.70771789550781
            ],
            [
              -151.09909057617188,
              59.70594787597656
            ],
            [
              -151.10043334960938,
              59.704166412353516
            ],
            [
              -151.10006713867188,
              59.702083587646484
            ],
            [
              -151.099365234375,
              59.699771881103516
            ],
            [
              -151.1004638671875,
              59.69767379760742
            ],
            [
              -151.1044921875,
              59.6962776184082
            ],
            [
              -151.10833740234375,
              59.6949462890625
            ],
            [
              -151.11236572265625,
              59.693702697753906
            ],
            [
              -151.11627197265625,
              59.6925048828125
            ],
            [
              -151.11685180664062,
              59.69037628173828
            ],
            [
              -151.11700439453125,
              59.68808364868164
            ],
            [
              -151.11697387695312,
              59.68574523925781
            ],
            [
              -151.11669921875,
              59.68334197998047
            ],
            [
              -151.11611938476562,
              59.6809196472168
            ],
            [
              -151.11383056640625,
              59.678619384765625
            ],
            [
              -151.11151123046875,
              59.67622756958008
            ],
            [
              -151.11093139648438,
              59.67347717285156
            ],
            [
              -151.1104736328125,
              59.67056655883789
            ],
            [
              -151.11505126953125,
              59.66929626464844
            ],
            [
              -151.11956787109375,
              59.668365478515625
            ],
            [
              -151.1239013671875,
              59.66801071166992
            ],
            [
              -151.12823486328125,
              59.66800308227539
            ],
            [
              -151.1322021484375,
              59.66780471801758
            ],
            [
              -151.13482666015625,
              59.666202545166016
            ],
            [
              -151.13760375976562,
              59.664485931396484
            ],
            [
              -151.1407470703125,
              59.66276168823242
            ],
            [
              -151.14434814453125,
              59.66108703613281
            ],
            [
              -151.14794921875,
              59.659324645996094
            ],
            [
              -151.15057373046875,
              59.657108306884766
            ],
            [
              -151.15325927734375,
              59.654815673828125
            ],
            [
              -151.15814208984375,
              59.65385055541992
            ],
            [
              -151.16311645507812,
              59.6529655456543
            ],
            [
              -151.16799926757812,
              59.6519660949707
            ],
            [
              -151.1728515625,
              59.65090560913086
            ],
            [
              -151.177734375,
              59.649749755859375
            ],
            [
              -151.18243408203125,
              59.64855194091797
            ],
            [
              -151.18719482421875,
              59.64790725708008
            ],
            [
              -151.19180297851562,
              59.64779281616211
            ],
            [
              -151.19580078125,
              59.64727783203125
            ],
            [
              -151.19931030273438,
              59.64635467529297
            ],
            [
              -151.201171875,
              59.644874572753906
            ],
            [
              -151.20257568359375,
              59.64323425292969
            ],
            [
              -151.20401000976562,
              59.64157485961914
            ],
            [
              -151.20452880859375,
              59.63970184326172
            ],
            [
              -151.2049560546875,
              59.63771057128906
            ],
            [
              -151.2052001953125,
              59.63574981689453
            ],
            [
              -151.204345703125,
              59.63394546508789
            ],
            [
              -151.20346069335938,
              59.63215255737305
            ],
            [
              -151.20257568359375,
              59.63036346435547
            ],
            [
              -151.2015380859375,
              59.62858963012695
            ],
            [
              -151.20050048828125,
              59.626834869384766
            ],
            [
              -151.199462890625,
              59.62509536743164
            ],
            [
              -151.1981201171875,
              59.62335205078125
            ],
            [
              -151.19677734375,
              59.621612548828125
            ],
            [
              -151.1953125,
              59.61979675292969
            ],
            [
              -151.1939697265625,
              59.61807632446289
            ],
            [
              -151.19268798828125,
              59.61640548706055
            ],
            [
              -151.19134521484375,
              59.61470413208008
            ],
            [
              -151.1903076171875,
              59.61294174194336
            ],
            [
              -151.18963623046875,
              59.61112594604492
            ],
            [
              -151.18896484375,
              59.60929870605469
            ],
            [
              -151.18801879882812,
              59.60753631591797
            ],
            [
              -151.18597412109375,
              59.60600280761719
            ],
            [
              -151.18392944335938,
              59.60447692871094
            ],
            [
              -151.18170166015625,
              59.60306930541992
            ],
            [
              -151.17828369140625,
              59.60251998901367
            ],
            [
              -151.17483520507812,
              59.60197448730469
            ],
            [
              -151.17147827148438,
              59.6014404296875
            ],
            [
              -151.16839599609375,
              59.600608825683594
            ],
            [
              -151.16531372070312,
              59.59975814819336
            ],
            [
              -151.16217041015625,
              59.59890365600586
            ],
            [
              -151.160888671875,
              59.597293853759766
            ],
            [
              -151.15997314453125,
              59.59553146362305
            ],
            [
              -151.15908813476562,
              59.593814849853516
            ],
            [
              -151.15966796875,
              59.5921745300293
            ],
            [
              -151.161376953125,
              59.59047317504883
            ],
            [
              -151.16326904296875,
              59.58858871459961
            ],
            [
              -151.1669921875,
              59.58766174316406
            ],
            [
              -151.1717529296875,
              59.58725357055664
            ],
            [
              -151.17626953125,
              59.587406158447266
            ],
            [
              -151.1798095703125,
              59.58871078491211
            ],
            [
              -151.18313598632812,
              59.589927673339844
            ],
            [
              -151.18634033203125,
              59.59096908569336
            ],
            [
              -151.189453125,
              59.591949462890625
            ],
            [
              -151.1925048828125,
              59.5928955078125
            ],
            [
              -151.19598388671875,
              59.592952728271484
            ],
            [
              -151.19949340820312,
              59.59299850463867
            ],
            [
              -151.20306396484375,
              59.593048095703125
            ],
            [
              -151.20660400390625,
              59.592891693115234
            ],
            [
              -151.21023559570312,
              59.59271240234375
            ],
            [
              -151.21380615234375,
              59.592533111572266
            ],
            [
              -151.21743774414062,
              59.592567443847656
            ],
            [
              -151.22113037109375,
              59.59278869628906
            ],
            [
              -151.224853515625,
              59.593013763427734
            ],
            [
              -151.228759765625,
              59.59332275390625
            ],
            [
              -151.232421875,
              59.59383010864258
            ],
            [
              -151.236328125,
              59.59436798095703
            ],
            [
              -151.24029541015625,
              59.59490966796875
            ],
            [
              -151.2440185546875,
              59.59538269042969
            ],
            [
              -151.24749755859375,
              59.595829010009766
            ],
            [
              -151.2510986328125,
              59.596282958984375
            ],
            [
              -151.25457763671875,
              59.596656799316406
            ],
            [
              -151.258056640625,
              59.597023010253906
            ],
            [
              -151.261474609375,
              59.59738540649414
            ],
            [
              -151.264892578125,
              59.59729766845703
            ],
            [
              -151.26828002929688,
              59.59682846069336
            ],
            [
              -151.271728515625,
              59.59634780883789
            ],
            [
              -151.274658203125,
              59.5955924987793
            ],
            [
              -151.27557373046875,
              59.59381866455078
            ],
            [
              -151.27642822265625,
              59.59206008911133
            ],
            [
              -151.27731323242188,
              59.590335845947266
            ],
            [
              -151.2762451171875,
              59.588619232177734
            ],
            [
              -151.27511596679688,
              59.58687210083008
            ],
            [
              -151.27398681640625,
              59.58511734008789
            ],
            [
              -151.27264404296875,
              59.58340835571289
            ],
            [
              -151.271240234375,
              59.58176803588867
            ],
            [
              -151.26983642578125,
              59.58012390136719
            ],
            [
              -151.26873779296875,
              59.57844543457031
            ],
            [
              -151.26821899414062,
              59.576637268066406
            ],
            [
              -151.2677001953125,
              59.5748176574707
            ],
            [
              -151.2672119140625,
              59.573001861572266
            ],
            [
              -151.26751708984375,
              59.57118606567383
            ],
            [
              -151.26797485351562,
              59.56940841674805
            ],
            [
              -151.2705078125,
              59.56802749633789
            ],
            [
              -151.27325439453125,
              59.56926727294922
            ],
            [
              -151.27590942382812,
              59.57046890258789
            ],
            [
              -151.27853393554688,
              59.571693420410156
            ],
            [
              -151.2811279296875,
              59.5730094909668
            ],
            [
              -151.28363037109375,
              59.57428741455078
            ],
            [
              -151.2861328125,
              59.5755615234375
            ],
            [
              -151.28927612304688,
              59.576412200927734
            ],
            [
              -151.29254150390625,
              59.57712173461914
            ],
            [
              -151.29580688476562,
              59.57782745361328
            ],
            [
              -151.29931640625,
              59.57841873168945
            ],
            [
              -151.30316162109375,
              59.57868194580078
            ],
            [
              -151.306884765625,
              59.578941345214844
            ],
            [
              -151.3104248046875,
              59.57904815673828
            ],
            [
              -151.313232421875,
              59.57786560058594
            ],
            [
              -151.3160400390625,
              59.576690673828125
            ],
            [
              -151.31475830078125,
              59.57564163208008
            ],
            [
              -151.311767578125,
              59.57464599609375
            ],
            [
              -151.30865478515625,
              59.5736198425293
            ],
            [
              -151.3057861328125,
              59.57249069213867
            ],
            [
              -151.302978515625,
              59.57121658325195
            ],
            [
              -151.3001708984375,
              59.569923400878906
            ],
            [
              -151.29730224609375,
              59.56868362426758
            ],
            [
              -151.29428100585938,
              59.56755065917969
            ],
            [
              -151.29092407226562,
              59.56629180908203
            ],
            [
              -151.2869873046875,
              59.5650634765625
            ],
            [
              -151.2821044921875,
              59.56485366821289
            ],
            [
              -151.27749633789062,
              59.56465530395508
            ],
            [
              -151.27328491210938,
              59.56447219848633
            ],
            [
              -151.26913452148438,
              59.56429672241211
            ],
            [
              -151.26498413085938,
              59.56412124633789
            ],
            [
              -151.26065063476562,
              59.564029693603516
            ],
            [
              -151.256591796875,
              59.56404113769531
            ],
            [
              -151.2529296875,
              59.564056396484375
            ],
            [
              -151.2493896484375,
              59.56389236450195
            ],
            [
              -151.24591064453125,
              59.563541412353516
            ],
            [
              -151.242431640625,
              59.56319046020508
            ],
            [
              -151.2393798828125,
              59.562644958496094
            ],
            [
              -151.24078369140625,
              59.560752868652344
            ],
            [
              -151.2420654296875,
              59.55900573730469
            ],
            [
              -151.24505615234375,
              59.558570861816406
            ],
            [
              -151.24899291992188,
              59.55872344970703
            ],
            [
              -151.25335693359375,
              59.55889129638672
            ],
            [
              -151.2562255859375,
              59.55702209472656
            ],
            [
              -151.25894165039062,
              59.55491638183594
            ],
            [
              -151.2596435546875,
              59.5522575378418
            ],
            [
              -151.262451171875,
              59.551143646240234
            ],
            [
              -151.26690673828125,
              59.551944732666016
            ],
            [
              -151.27206420898438,
              59.55318832397461
            ],
            [
              -151.277099609375,
              59.5543327331543
            ],
            [
              -151.28204345703125,
              59.555419921875
            ],
            [
              -151.28726196289062,
              59.556495666503906
            ],
            [
              -151.29278564453125,
              59.55729293823242
            ],
            [
              -151.298095703125,
              59.55546951293945
            ],
            [
              -151.3043212890625,
              59.55426025390625
            ],
            [
              -151.31158447265625,
              59.55404281616211
            ],
            [
              -151.316650390625,
              59.55695343017578
            ],
            [
              -151.32135009765625,
              59.55964279174805
            ],
            [
              -151.3255615234375,
              59.562042236328125
            ],
            [
              -151.32974243164062,
              59.56399154663086
            ],
            [
              -151.33367919921875,
              59.56564712524414
            ],
            [
              -151.33743286132812,
              59.56684494018555
            ],
            [
              -151.34161376953125,
              59.56700897216797
            ],
            [
              -151.34552001953125,
              59.567161560058594
            ],
            [
              -151.34881591796875,
              59.5665397644043
            ],
            [
              -151.351806640625,
              59.565216064453125
            ],
            [
              -151.35498046875,
              59.56382369995117
            ],
            [
              -151.35748291015625,
              59.56202697753906
            ],
            [
              -151.35968017578125,
              59.5600471496582
            ],
            [
              -151.36196899414062,
              59.55801010131836
            ],
            [
              -151.3642578125,
              59.556121826171875
            ],
            [
              -151.3663330078125,
              59.55443572998047
            ],
            [
              -151.368408203125,
              59.5527229309082
            ],
            [
              -151.37005615234375,
              59.55078887939453
            ],
            [
              -151.3714599609375,
              59.54875183105469
            ],
            [
              -151.37286376953125,
              59.546634674072266
            ],
            [
              -151.37371826171875,
              59.54425811767578
            ],
            [
              -151.37448120117188,
              59.541587829589844
            ],
            [
              -151.377197265625,
              59.5391845703125
            ],
            [
              -151.38241577148438,
              59.5372314453125
            ],
            [
              -151.38900756835938,
              59.53639221191406
            ],
            [
              -151.39605712890625,
              59.53639602661133
            ],
            [
              -151.4019775390625,
              59.53744888305664
            ],
            [
              -151.40728759765625,
              59.53892135620117
            ],
            [
              -151.41094970703125,
              59.54084014892578
            ],
            [
              -151.4136962890625,
              59.54286575317383
            ],
            [
              -151.4161376953125,
              59.5446891784668
            ],
            [
              -151.41961669921875,
              59.545555114746094
            ],
            [
              -151.42300415039062,
              59.54629135131836
            ],
            [
              -151.42657470703125,
              59.54695129394531
            ],
            [
              -151.43011474609375,
              59.546138763427734
            ],
            [
              -151.43341064453125,
              59.54536819458008
            ],
            [
              -151.4366455078125,
              59.544620513916016
            ],
            [
              -151.43878173828125,
              59.5432014465332
            ],
            [
              -151.44073486328125,
              59.54167556762695
            ],
            [
              -151.44268798828125,
              59.54011154174805
            ],
            [
              -151.44415283203125,
              59.53846740722656
            ],
            [
              -151.44500732421875,
              59.53667449951172
            ],
            [
              -151.44586181640625,
              59.534820556640625
            ],
            [
              -151.44671630859375,
              59.53288269042969
            ],
            [
              -151.4473876953125,
              59.531070709228516
            ],
            [
              -151.44805908203125,
              59.5292854309082
            ],
            [
              -151.44873046875,
              59.5274658203125
            ],
            [
              -151.44949340820312,
              59.52569580078125
            ],
            [
              -151.450439453125,
              59.523887634277344
            ],
            [
              -151.45135498046875,
              59.52214050292969
            ],
            [
              -151.45223999023438,
              59.520408630371094
            ],
            [
              -151.45333862304688,
              59.51870346069336
            ],
            [
              -151.45443725585938,
              59.516998291015625
            ],
            [
              -151.45556640625,
              59.5152702331543
            ],
            [
              -151.4571533203125,
              59.513633728027344
            ],
            [
              -151.45919799804688,
              59.512142181396484
            ],
            [
              -151.46127319335938,
              59.5106315612793
            ],
            [
              -151.46331787109375,
              59.50914001464844
            ],
            [
              -151.46527099609375,
              59.50755310058594
            ],
            [
              -151.4671630859375,
              59.50601577758789
            ],
            [
              -151.46905517578125,
              59.50448226928711
            ],
            [
              -151.4693603515625,
              59.50273132324219
            ],
            [
              -151.46908569335938,
              59.500892639160156
            ],
            [
              -151.46881103515625,
              59.499053955078125
            ],
            [
              -151.46762084960938,
              59.49736404418945
            ],
            [
              -151.46578979492188,
              59.49576950073242
            ],
            [
              -151.4639892578125,
              59.49417495727539
            ],
            [
              -151.462158203125,
              59.49258041381836
            ],
            [
              -151.46075439453125,
              59.49087905883789
            ],
            [
              -151.45944213867188,
              59.48918533325195
            ],
            [
              -151.45806884765625,
              59.48747253417969
            ],
            [
              -151.45684814453125,
              59.48574447631836
            ],
            [
              -151.45635986328125,
              59.483917236328125
            ],
            [
              -151.45587158203125,
              59.48210525512695
            ],
            [
              -151.45538330078125,
              59.48032760620117
            ],
            [
              -151.45516967773438,
              59.478477478027344
            ],
            [
              -151.4560546875,
              59.47664260864258
            ],
            [
              -151.45684814453125,
              59.474891662597656
            ],
            [
              -151.45770263671875,
              59.47314453125
            ],
            [
              -151.4598388671875,
              59.47190856933594
            ],
            [
              -151.46292114257812,
              59.471038818359375
            ],
            [
              -151.46603393554688,
              59.470157623291016
            ],
            [
              -151.4693603515625,
              59.469390869140625
            ],
            [
              -151.4732666015625,
              59.469608306884766
            ],
            [
              -151.47738647460938,
              59.46984100341797
            ],
            [
              -151.48159790039062,
              59.47007751464844
            ],
            [
              -151.48580932617188,
              59.47047805786133
            ],
            [
              -151.48980712890625,
              59.47090148925781
            ],
            [
              -151.49371337890625,
              59.4713134765625
            ],
            [
              -151.49765014648438,
              59.4716796875
            ],
            [
              -151.50149536132812,
              59.47196960449219
            ],
            [
              -151.505126953125,
              59.47224426269531
            ],
            [
              -151.50885009765625,
              59.4725227355957
            ],
            [
              -151.51248168945312,
              59.47256088256836
            ],
            [
              -151.51608276367188,
              59.47248077392578
            ],
            [
              -151.5196533203125,
              59.47239685058594
            ],
            [
              -151.52322387695312,
              59.472312927246094
            ],
            [
              -151.52667236328125,
              59.471981048583984
            ],
            [
              -151.5301513671875,
              59.47154235839844
            ],
            [
              -151.53359985351562,
              59.471099853515625
            ],
            [
              -151.53717041015625,
              59.470645904541016
            ],
            [
              -151.54083251953125,
              59.47026443481445
            ],
            [
              -151.54434204101562,
              59.46991729736328
            ],
            [
              -151.54794311523438,
              59.469566345214844
            ],
            [
              -151.55157470703125,
              59.46921157836914
            ],
            [
              -151.5552978515625,
              59.46925735473633
            ],
            [
              -151.5589599609375,
              59.46937942504883
            ],
            [
              -151.56253051757812,
              59.46949768066406
            ],
            [
              -151.5662841796875,
              59.469635009765625
            ],
            [
              -151.57015991210938,
              59.47025680541992
            ],
            [
              -151.57376098632812,
              59.4708366394043
            ],
            [
              -151.57720947265625,
              59.47138977050781
            ],
            [
              -151.58062744140625,
              59.472049713134766
            ],
            [
              -151.5838623046875,
              59.472816467285156
            ],
            [
              -151.58709716796875,
              59.473575592041016
            ],
            [
              -151.59033203125,
              59.474334716796875
            ],
            [
              -151.59381103515625,
              59.47520065307617
            ],
            [
              -151.59747314453125,
              59.47615432739258
            ],
            [
              -151.60134887695312,
              59.477149963378906
            ],
            [
              -151.60504150390625,
              59.47809982299805
            ],
            [
              -151.6087646484375,
              59.47903060913086
            ],
            [
              -151.61236572265625,
              59.47994613647461
            ],
            [
              -151.61627197265625,
              59.48093032836914
            ],
            [
              -151.62017822265625,
              59.4818115234375
            ],
            [
              -151.62393188476562,
              59.48262023925781
            ],
            [
              -151.62774658203125,
              59.48345184326172
            ],
            [
              -151.63180541992188,
              59.48421859741211
            ],
            [
              -151.6361083984375,
              59.48478317260742
            ],
            [
              -151.6407470703125,
              59.48538589477539
            ],
            [
              -151.64556884765625,
              59.4858512878418
            ],
            [
              -151.65087890625,
              59.485599517822266
            ],
            [
              -151.65618896484375,
              59.485347747802734
            ],
            [
              -151.6607666015625,
              59.48474884033203
            ],
            [
              -151.6654052734375,
              59.483673095703125
            ],
            [
              -151.6702880859375,
              59.4825325012207
            ],
            [
              -151.67459106445312,
              59.48109436035156
            ],
            [
              -151.67861938476562,
              59.47960662841797
            ],
            [
              -151.6824951171875,
              59.478172302246094
            ],
            [
              -151.68585205078125,
              59.47666931152344
            ],
            [
              -151.68899536132812,
              59.475196838378906
            ],
            [
              -151.69223022460938,
              59.473690032958984
            ],
            [
              -151.695556640625,
              59.47207260131836
            ],
            [
              -151.69866943359375,
              59.47050476074219
            ],
            [
              -151.7015380859375,
              59.469058990478516
            ],
            [
              -151.70440673828125,
              59.467613220214844
            ],
            [
              -151.7066650390625,
              59.466007232666016
            ],
            [
              -151.70867919921875,
              59.4643669128418
            ],
            [
              -151.71078491210938,
              59.462703704833984
            ],
            [
              -151.712890625,
              59.46104049682617
            ],
            [
              -151.7139892578125,
              59.4590950012207
            ],
            [
              -151.71502685546875,
              59.45697784423828
            ],
            [
              -151.7159423828125,
              59.45506286621094
            ],
            [
              -151.71682739257812,
              59.45323181152344
            ],
            [
              -151.71685791015625,
              59.45133590698242
            ],
            [
              -151.71688842773438,
              59.44945526123047
            ],
            [
              -151.7169189453125,
              59.447566986083984
            ],
            [
              -151.7169189453125,
              59.44562911987305
            ],
            [
              -151.71673583984375,
              59.44365692138672
            ],
            [
              -151.7164306640625,
              59.44173049926758
            ],
            [
              -151.71612548828125,
              59.43984603881836
            ],
            [
              -151.7158203125,
              59.43799591064453
            ],
            [
              -151.71551513671875,
              59.436126708984375
            ],
            [
              -151.71575927734375,
              59.43411636352539
            ],
            [
              -151.716064453125,
              59.43213653564453
            ],
            [
              -151.71636962890625,
              59.4302978515625
            ],
            [
              -151.71664428710938,
              59.428497314453125
            ],
            [
              -151.7178955078125,
              59.426841735839844
            ],
            [
              -151.71978759765625,
              59.42513656616211
            ],
            [
              -151.7216796875,
              59.42344665527344
            ],
            [
              -151.72357177734375,
              59.421722412109375
            ],
            [
              -151.72674560546875,
              59.42147445678711
            ],
            [
              -151.73043823242188,
              59.42219161987305
            ],
            [
              -151.7327880859375,
              59.42327880859375
            ],
            [
              -151.73342895507812,
              59.42508316040039
            ],
            [
              -151.73410034179688,
              59.42702102661133
            ],
            [
              -151.73486328125,
              59.42911911010742
            ],
            [
              -151.73541259765625,
              59.43120574951172
            ],
            [
              -151.73583984375,
              59.433372497558594
            ],
            [
              -151.736328125,
              59.43560028076172
            ],
            [
              -151.73675537109375,
              59.437808990478516
            ],
            [
              -151.7373046875,
              59.44017791748047
            ],
            [
              -151.73785400390625,
              59.442481994628906
            ],
            [
              -151.73837280273438,
              59.444637298583984
            ],
            [
              -151.73883056640625,
              59.44662857055664
            ],
            [
              -151.73971557617188,
              59.44857406616211
            ],
            [
              -151.74093627929688,
              59.45062255859375
            ],
            [
              -151.7420654296875,
              59.45257568359375
            ],
            [
              -151.7431640625,
              59.45439910888672
            ],
            [
              -151.74588012695312,
              59.45501708984375
            ],
            [
              -151.749755859375,
              59.45500564575195
            ],
            [
              -151.75408935546875,
              59.454994201660156
            ],
            [
              -151.7581787109375,
              59.45390319824219
            ],
            [
              -151.7620849609375,
              59.45237350463867
            ],
            [
              -151.7659912109375,
              59.45084762573242
            ],
            [
              -151.76983642578125,
              59.449771881103516
            ],
            [
              -151.77325439453125,
              59.44892120361328
            ],
            [
              -151.77655029296875,
              59.448097229003906
            ],
            [
              -151.7799072265625,
              59.447261810302734
            ],
            [
              -151.78350830078125,
              59.446693420410156
            ],
            [
              -151.7872314453125,
              59.44617462158203
            ],
            [
              -151.79095458984375,
              59.445655822753906
            ],
            [
              -151.79510498046875,
              59.44508361816406
            ],
            [
              -151.79977416992188,
              59.4444694519043
            ],
            [
              -151.8048095703125,
              59.44381332397461
            ],
            [
              -151.809814453125,
              59.44316864013672
            ],
            [
              -151.81430053710938,
              59.442413330078125
            ],
            [
              -151.81845092773438,
              59.44168472290039
            ],
            [
              -151.82247924804688,
              59.44097900390625
            ],
            [
              -151.826171875,
              59.44025421142578
            ],
            [
              -151.82977294921875,
              59.43942642211914
            ],
            [
              -151.8336181640625,
              59.43853759765625
            ],
            [
              -151.83770751953125,
              59.43759536743164
            ],
            [
              -151.84161376953125,
              59.436588287353516
            ],
            [
              -151.8450927734375,
              59.43564987182617
            ],
            [
              -151.84841918945312,
              59.434757232666016
            ],
            [
              -151.8519287109375,
              59.43381118774414
            ],
            [
              -151.85565185546875,
              59.43267822265625
            ],
            [
              -151.85940551757812,
              59.43151092529297
            ],
            [
              -151.86285400390625,
              59.43043518066406
            ],
            [
              -151.86602783203125,
              59.42936706542969
            ],
            [
              -151.86886596679688,
              59.42830276489258
            ],
            [
              -151.87188720703125,
              59.42718505859375
            ],
            [
              -151.8748779296875,
              59.425987243652344
            ],
            [
              -151.8779296875,
              59.42464828491211
            ],
            [
              -151.880859375,
              59.42323684692383
            ],
            [
              -151.883544921875,
              59.42169952392578
            ],
            [
              -151.88595581054688,
              59.42024612426758
            ],
            [
              -151.88818359375,
              59.41875457763672
            ],
            [
              -151.89041137695312,
              59.41716384887695
            ],
            [
              -151.89251708984375,
              59.41541290283203
            ],
            [
              -151.8946533203125,
              59.413536071777344
            ],
            [
              -151.89669799804688,
              59.41151428222656
            ],
            [
              -151.89862060546875,
              59.409637451171875
            ],
            [
              -151.90008544921875,
              59.407737731933594
            ],
            [
              -151.9013671875,
              59.40574645996094
            ],
            [
              -151.9027099609375,
              59.403724670410156
            ],
            [
              -151.90362548828125,
              59.40190887451172
            ],
            [
              -151.90386962890625,
              59.40003967285156
            ],
            [
              -151.9041748046875,
              59.398075103759766
            ],
            [
              -151.9044189453125,
              59.39605712890625
            ],
            [
              -151.90402221679688,
              59.394126892089844
            ],
            [
              -151.90203857421875,
              59.39241027832031
            ],
            [
              -151.9000244140625,
              59.39065170288086
            ],
            [
              -151.89813232421875,
              59.38899612426758
            ],
            [
              -151.89584350585938,
              59.38752365112305
            ],
            [
              -151.89288330078125,
              59.38629913330078
            ],
            [
              -151.89004516601562,
              59.385128021240234
            ],
            [
              -151.88717651367188,
              59.383941650390625
            ],
            [
              -151.88427734375,
              59.38273620605469
            ],
            [
              -151.8814697265625,
              59.38157272338867
            ],
            [
              -151.87860107421875,
              59.38039779663086
            ],
            [
              -151.87554931640625,
              59.3791389465332
            ],
            [
              -151.8726806640625,
              59.3779182434082
            ],
            [
              -151.86968994140625,
              59.37655258178711
            ],
            [
              -151.86663818359375,
              59.375152587890625
            ],
            [
              -151.86355590820312,
              59.37373733520508
            ],
            [
              -151.86041259765625,
              59.372352600097656
            ],
            [
              -151.85736083984375,
              59.37107849121094
            ],
            [
              -151.8543701171875,
              59.36982345581055
            ],
            [
              -151.8514404296875,
              59.368587493896484
            ],
            [
              -151.84844970703125,
              59.367366790771484
            ],
            [
              -151.84524536132812,
              59.36647415161133
            ],
            [
              -151.8421630859375,
              59.36561584472656
            ],
            [
              -151.83905029296875,
              59.36475372314453
            ],
            [
              -151.83596801757812,
              59.3638916015625
            ],
            [
              -151.83285522460938,
              59.3630256652832
            ],
            [
              -151.82952880859375,
              59.36246109008789
            ],
            [
              -151.826171875,
              59.361934661865234
            ],
            [
              -151.82278442382812,
              59.36140441894531
            ],
            [
              -151.81927490234375,
              59.3608512878418
            ],
            [
              -151.81570434570312,
              59.36029052734375
            ],
            [
              -151.81256103515625,
              59.35950469970703
            ],
            [
              -151.80935668945312,
              59.35856246948242
            ],
            [
              -151.80615234375,
              59.35762023925781
            ],
            [
              -151.80291748046875,
              59.35666275024414
            ],
            [
              -151.79959106445312,
              59.35567855834961
            ],
            [
              -151.796875,
              59.35444641113281
            ],
            [
              -151.79473876953125,
              59.35298156738281
            ],
            [
              -151.7926025390625,
              59.35152816772461
            ],
            [
              -151.7904052734375,
              59.350040435791016
            ],
            [
              -151.7880859375,
              59.348453521728516
            ],
            [
              -151.78594970703125,
              59.34682846069336
            ],
            [
              -151.78421020507812,
              59.3452262878418
            ],
            [
              -151.78240966796875,
              59.34358596801758
            ],
            [
              -151.78057861328125,
              59.341896057128906
            ],
            [
              -151.7786865234375,
              59.340126037597656
            ],
            [
              -151.7767333984375,
              59.33835983276367
            ],
            [
              -151.7747802734375,
              59.336605072021484
            ],
            [
              -151.7728271484375,
              59.334808349609375
            ],
            [
              -151.770751953125,
              59.33292770385742
            ],
            [
              -151.7689208984375,
              59.33097457885742
            ],
            [
              -151.76824951171875,
              59.328819274902344
            ],
            [
              -151.76751708984375,
              59.326560974121094
            ],
            [
              -151.76666259765625,
              59.32404327392578
            ],
            [
              -151.77029418945312,
              59.3226432800293
            ],
            [
              -151.7755126953125,
              59.321659088134766
            ],
            [
              -151.77972412109375,
              59.322120666503906
            ],
            [
              -151.78262329101562,
              59.324344635009766
            ],
            [
              -151.7852783203125,
              59.32638168334961
            ],
            [
              -151.78765869140625,
              59.3282356262207
            ],
            [
              -151.78924560546875,
              59.330047607421875
            ],
            [
              -151.79058837890625,
              59.33180618286133
            ],
            [
              -151.79202270507812,
              59.33367156982422
            ],
            [
              -151.79339599609375,
              59.3354606628418
            ],
            [
              -151.79495239257812,
              59.33728790283203
            ],
            [
              -151.79742431640625,
              59.33881378173828
            ],
            [
              -151.79989624023438,
              59.34033203125
            ],
            [
              -151.80233764648438,
              59.34183883666992
            ],
            [
              -151.8048095703125,
              59.3433723449707
            ],
            [
              -151.80767822265625,
              59.34481430053711
            ],
            [
              -151.81112670898438,
              59.34608840942383
            ],
            [
              -151.8145751953125,
              59.34736633300781
            ],
            [
              -151.8177490234375,
              59.34853744506836
            ],
            [
              -151.82083129882812,
              59.349674224853516
            ],
            [
              -151.82400512695312,
              59.35052490234375
            ],
            [
              -151.82720947265625,
              59.351295471191406
            ],
            [
              -151.83041381835938,
              59.352073669433594
            ],
            [
              -151.83380126953125,
              59.3528938293457
            ],
            [
              -151.83712768554688,
              59.353694915771484
            ],
            [
              -151.84051513671875,
              59.35420227050781
            ],
            [
              -151.843994140625,
              59.354583740234375
            ],
            [
              -151.847412109375,
              59.35496139526367
            ],
            [
              -151.85086059570312,
              59.35533905029297
            ],
            [
              -151.85430908203125,
              59.355716705322266
            ],
            [
              -151.8577880859375,
              59.35603332519531
            ],
            [
              -151.86126708984375,
              59.35630416870117
            ],
            [
              -151.86480712890625,
              59.3565788269043
            ],
            [
              -151.868408203125,
              59.35686111450195
            ],
            [
              -151.8720703125,
              59.357147216796875
            ],
            [
              -151.875732421875,
              59.35749816894531
            ],
            [
              -151.87936401367188,
              59.35786437988281
            ],
            [
              -151.88299560546875,
              59.35823059082031
            ],
            [
              -151.88665771484375,
              59.35860061645508
            ],
            [
              -151.89031982421875,
              59.358924865722656
            ],
            [
              -151.8939208984375,
              59.35917663574219
            ],
            [
              -151.89752197265625,
              59.35942077636719
            ],
            [
              -151.90106201171875,
              59.35966110229492
            ],
            [
              -151.904541015625,
              59.359901428222656
            ],
            [
              -151.90802001953125,
              59.35963821411133
            ],
            [
              -151.91162109375,
              59.35916519165039
            ],
            [
              -151.915283203125,
              59.35868453979492
            ],
            [
              -151.91897583007812,
              59.358192443847656
            ],
            [
              -151.92254638671875,
              59.35758972167969
            ],
            [
              -151.92578125,
              59.35679626464844
            ],
            [
              -151.92935180664062,
              59.355926513671875
            ],
            [
              -151.93328857421875,
              59.35496520996094
            ],
            [
              -151.93734741210938,
              59.35389709472656
            ],
            [
              -151.94085693359375,
              59.35283279418945
            ],
            [
              -151.94415283203125,
              59.351844787597656
            ],
            [
              -151.947265625,
              59.350894927978516
            ],
            [
              -151.95004272460938,
              59.34980010986328
            ],
            [
              -151.95245361328125,
              59.34847640991211
            ],
            [
              -151.954833984375,
              59.3471565246582
            ],
            [
              -151.95724487304688,
              59.345821380615234
            ],
            [
              -151.95947265625,
              59.34436798095703
            ],
            [
              -151.9615478515625,
              59.342628479003906
            ],
            [
              -151.96380615234375,
              59.3407096862793
            ],
            [
              -151.96490478515625,
              59.338375091552734
            ],
            [
              -151.964599609375,
              59.3355827331543
            ],
            [
              -151.96493530273438,
              59.33250045776367
            ],
            [
              -151.96612548828125,
              59.32904815673828
            ],
            [
              -151.96981811523438,
              59.32548522949219
            ],
            [
              -151.976318359375,
              59.3223991394043
            ],
            [
              -151.9837646484375,
              59.31871795654297
            ],
            [
              -151.988525390625,
              59.3134765625
            ],
            [
              -151.989990234375,
              59.30712127685547
            ],
            [
              -151.989501953125,
              59.30013656616211
            ],
            [
              -151.98809814453125,
              59.29241943359375
            ],
            [
              -151.986083984375,
              59.283931732177734
            ],
            [
              -151.98370361328125,
              59.27528381347656
            ],
            [
              -151.98104858398438,
              59.26676559448242
            ],
            [
              -151.97796630859375,
              59.25813674926758
            ],
            [
              -151.97119140625,
              59.250125885009766
            ],
            [
              -151.96368408203125,
              59.242286682128906
            ],
            [
              -151.9544677734375,
              59.2336540222168
            ],
            [
              -151.97271728515625,
              59.2293586730957
            ],
            [
              -151.9906005859375,
              59.22514343261719
            ],
            [
              -152.00738525390625,
              59.22117614746094
            ],
            [
              -152.02420043945312,
              59.21720886230469
            ],
            [
              -152.04168701171875,
              59.21307373046875
            ],
            [
              -152.0592041015625,
              59.208927154541016
            ],
            [
              -152.0767822265625,
              59.20477294921875
            ],
            [
              -152.0943603515625,
              59.20060729980469
            ],
            [
              -152.1119384765625,
              59.19643783569336
            ],
            [
              -152.1295166015625,
              59.192264556884766
            ],
            [
              -152.1470947265625,
              59.18808364868164
            ],
            [
              -152.16473388671875,
              59.18389892578125
            ],
            [
              -152.18234252929688,
              59.17970657348633
            ],
            [
              -152.20001220703125,
              59.17550277709961
            ],
            [
              -152.2176513671875,
              59.171295166015625
            ],
            [
              -152.2353515625,
              59.16707992553711
            ],
            [
              -152.25302124023438,
              59.16285705566406
            ],
            [
              -152.27072143554688,
              59.158626556396484
            ],
            [
              -152.2884521484375,
              59.15439224243164
            ],
            [
              -152.30618286132812,
              59.150146484375
            ],
            [
              -152.32391357421875,
              59.145896911621094
            ],
            [
              -152.34170532226562,
              59.141639709472656
            ],
            [
              -152.3594970703125,
              59.13737106323242
            ],
            [
              -152.37728881835938,
              59.13309860229492
            ],
            [
              -152.3953857421875,
              59.128753662109375
            ],
            [
              -152.41363525390625,
              59.12436294555664
            ],
            [
              -152.4315185546875,
              59.12006378173828
            ],
            [
              -152.44937133789062,
              59.11575698852539
            ],
            [
              -152.46722412109375,
              59.1114501953125
            ],
            [
              -152.485107421875,
              59.10713577270508
            ],
            [
              -152.50299072265625,
              59.102821350097656
            ],
            [
              -152.5208740234375,
              59.0984992980957
            ],
            [
              -152.53875732421875,
              59.09417724609375
            ],
            [
              -152.55661010742188,
              59.08985137939453
            ],
            [
              -152.57449340820312,
              59.08551788330078
            ],
            [
              -152.59237670898438,
              59.08118438720703
            ],
            [
              -152.61026000976562,
              59.07684326171875
            ],
            [
              -152.62814331054688,
              59.0724983215332
            ],
            [
              -152.64602661132812,
              59.068153381347656
            ],
            [
              -152.6639404296875,
              59.06380081176758
            ],
            [
              -152.68182373046875,
              59.05944061279297
            ],
            [
              -152.69970703125,
              59.05508041381836
            ],
            [
              -152.71759033203125,
              59.050716400146484
            ],
            [
              -152.73550415039062,
              59.046348571777344
            ],
            [
              -152.75341796875,
              59.04197692871094
            ],
            [
              -152.77130126953125,
              59.037601470947266
            ],
            [
              -152.78921508789062,
              59.03321838378906
            ],
            [
              -152.80712890625,
              59.02883529663086
            ],
            [
              -152.82501220703125,
              59.024444580078125
            ],
            [
              -152.84295654296875,
              59.02005386352539
            ],
            [
              -152.86083984375,
              59.015655517578125
            ],
            [
              -152.8787841796875,
              59.011253356933594
            ],
            [
              -152.89666748046875,
              59.0068473815918
            ],
            [
              -152.91461181640625,
              59.002437591552734
            ],
            [
              -152.93252563476562,
              58.998023986816406
            ],
            [
              -152.950439453125,
              58.99360275268555
            ],
            [
              -152.9683837890625,
              58.98918151855469
            ],
            [
              -152.986328125,
              58.9847526550293
            ],
            [
              -153.0042724609375,
              58.98031997680664
            ],
            [
              -153.022216796875,
              58.97588348388672
            ],
            [
              -153.0401611328125,
              58.971439361572266
            ],
            [
              -153.05810546875,
              58.96699523925781
            ],
            [
              -153.0760498046875,
              58.96253967285156
            ],
            [
              -153.09402465820312,
              58.95808410644531
            ],
            [
              -153.11199951171875,
              58.9536247253418
            ],
            [
              -153.12994384765625,
              58.949153900146484
            ],
            [
              -153.14794921875,
              58.94468307495117
            ],
            [
              -153.16592407226562,
              58.940208435058594
            ],
            [
              -153.18389892578125,
              58.935726165771484
            ],
            [
              -153.201904296875,
              58.931243896484375
            ],
            [
              -153.2198486328125,
              58.926753997802734
            ],
            [
              -153.23782348632812,
              58.922271728515625
            ],
            [
              -153.25460815429688,
              58.91807556152344
            ],
            [
              -153.272705078125,
              58.91354751586914
            ],
            [
              -153.2913818359375,
              58.908878326416016
            ],
            [
              -153.309814453125,
              58.90425491333008
            ],
            [
              -153.31610107421875,
              58.9137077331543
            ],
            [
              -153.32373046875,
              58.92167282104492
            ],
            [
              -153.33984375,
              58.92380142211914
            ],
            [
              -153.35662841796875,
              58.925865173339844
            ],
            [
              -153.37258911132812,
              58.92893981933594
            ],
            [
              -153.37991333007812,
              58.93654251098633
            ],
            [
              -153.38714599609375,
              58.94414520263672
            ],
            [
              -153.39892578125,
              58.950050354003906
            ],
            [
              -153.40234375,
              58.9586067199707
            ],
            [
              -153.405517578125,
              58.966670989990234
            ],
            [
              -153.4169921875,
              58.97213363647461
            ],
            [
              -153.43341064453125,
              58.9735107421875
            ],
            [
              -153.44964599609375,
              58.97551727294922
            ],
            [
              -153.4613037109375,
              58.98153305053711
            ],
            [
              -153.47073364257812,
              58.98883056640625
            ],
            [
              -153.47900390625,
              58.996070861816406
            ],
            [
              -153.49334716796875,
              58.99797058105469
            ],
            [
              -153.50347900390625,
              58.9921989440918
            ],
            [
              -153.51470947265625,
              58.98613357543945
            ],
            [
              -153.53076171875,
              58.984169006347656
            ],
            [
              -153.547119140625,
              58.98591995239258
            ],
            [
              -153.56137084960938,
              58.98843765258789
            ],
            [
              -153.57363891601562,
              58.99131393432617
            ],
            [
              -153.58428955078125,
              58.994300842285156
            ],
            [
              -153.59344482421875,
              58.99724578857422
            ],
            [
              -153.601318359375,
              59.00008773803711
            ],
            [
              -153.60833740234375,
              59.002681732177734
            ],
            [
              -153.6141357421875,
              59.005332946777344
            ],
            [
              -153.619384765625,
              59.00773620605469
            ],
            [
              -153.62405395507812,
              59.010379791259766
            ],
            [
              -153.62823486328125,
              59.01311111450195
            ],
            [
              -153.63253784179688,
              59.01594543457031
            ],
            [
              -153.6361083984375,
              59.018959045410156
            ],
            [
              -153.6396484375,
              59.02195358276367
            ],
            [
              -153.64361572265625,
              59.02531433105469
            ],
            [
              -153.64801025390625,
              59.029090881347656
            ],
            [
              -153.653076171875,
              59.033267974853516
            ],
            [
              -153.658447265625,
              59.037574768066406
            ],
            [
              -153.663330078125,
              59.041412353515625
            ],
            [
              -153.66775512695312,
              59.044891357421875
            ],
            [
              -153.67230224609375,
              59.04846954345703
            ],
            [
              -153.67730712890625,
              59.05241394042969
            ],
            [
              -153.68252563476562,
              59.056671142578125
            ],
            [
              -153.68719482421875,
              59.060630798339844
            ],
            [
              -153.69097900390625,
              59.06438446044922
            ],
            [
              -153.69451904296875,
              59.06796646118164
            ],
            [
              -153.69760131835938,
              59.07141876220703
            ],
            [
              -153.70123291015625,
              59.074317932128906
            ],
            [
              -153.70791625976562,
              59.07564926147461
            ],
            [
              -153.7149658203125,
              59.0759162902832
            ],
            [
              -153.72216796875,
              59.0734748840332
            ],
            [
              -153.73028564453125,
              59.070716857910156
            ],
            [
              -153.73956298828125,
              59.06755828857422
            ],
            [
              -153.7510986328125,
              59.06507873535156
            ],
            [
              -153.76443481445312,
              59.06412887573242
            ],
            [
              -153.77682495117188,
              59.065330505371094
            ],
            [
              -153.7869873046875,
              59.06842041015625
            ],
            [
              -153.7965087890625,
              59.0710334777832
            ],
            [
              -153.8057861328125,
              59.071678161621094
            ],
            [
              -153.81561279296875,
              59.069984436035156
            ],
            [
              -153.82330322265625,
              59.06545639038086
            ],
            [
              -153.83282470703125,
              59.0607795715332
            ],
            [
              -153.84500122070312,
              59.05673599243164
            ],
            [
              -153.8602294921875,
              59.05553436279297
            ],
            [
              -153.87533569335938,
              59.05792236328125
            ],
            [
              -153.88922119140625,
              59.05997848510742
            ],
            [
              -153.90313720703125,
              59.06010818481445
            ],
            [
              -153.917236328125,
              59.06032943725586
            ],
            [
              -153.9315185546875,
              59.06285095214844
            ],
            [
              -153.946044921875,
              59.06606674194336
            ],
            [
              -153.961181640625,
              59.06856155395508
            ],
            [
              -153.9764404296875,
              59.070743560791016
            ],
            [
              -153.99111938476562,
              59.0726318359375
            ],
            [
              -154.0047607421875,
              59.07402038574219
            ],
            [
              -154.01705932617188,
              59.0749397277832
            ],
            [
              -154.028076171875,
              59.075504302978516
            ],
            [
              -154.037841796875,
              59.075836181640625
            ],
            [
              -154.04678344726562,
              59.07549285888672
            ],
            [
              -154.05584716796875,
              59.074668884277344
            ],
            [
              -154.0650634765625,
              59.072784423828125
            ],
            [
              -154.07275390625,
              59.06966018676758
            ],
            [
              -154.08026123046875,
              59.06560134887695
            ],
            [
              -154.0872802734375,
              59.06041717529297
            ],
            [
              -154.09423828125,
              59.054359436035156
            ],
            [
              -154.1015625,
              59.04787826538086
            ],
            [
              -154.10946655273438,
              59.04127883911133
            ],
            [
              -154.1177978515625,
              59.03461456298828
            ],
            [
              -154.128173828125,
              59.02867126464844
            ],
            [
              -154.14190673828125,
              59.0252685546875
            ],
            [
              -154.15533447265625,
              59.02652359008789
            ],
            [
              -154.16619873046875,
              59.03031539916992
            ],
            [
              -154.17501831054688,
              59.03511047363281
            ],
            [
              -154.18243408203125,
              59.0400390625
            ],
            [
              -154.1881103515625,
              59.04512023925781
            ],
            [
              -154.1907958984375,
              59.05015563964844
            ],
            [
              -154.19049072265625,
              59.05514144897461
            ],
            [
              -154.18679809570312,
              59.059383392333984
            ],
            [
              -154.18353271484375,
              59.06326675415039
            ],
            [
              -154.18328857421875,
              59.06724548339844
            ],
            [
              -154.1832275390625,
              59.07109832763672
            ],
            [
              -154.18353271484375,
              59.07501983642578
            ],
            [
              -154.18167114257812,
              59.07899475097656
            ],
            [
              -154.17730712890625,
              59.08272171020508
            ],
            [
              -154.1729736328125,
              59.08651351928711
            ],
            [
              -154.16873168945312,
              59.09048843383789
            ],
            [
              -154.16851806640625,
              59.095157623291016
            ],
            [
              -154.16973876953125,
              59.09978485107422
            ],
            [
              -154.17242431640625,
              59.104583740234375
            ],
            [
              -154.1739501953125,
              59.109107971191406
            ],
            [
              -154.17535400390625,
              59.11325454711914
            ],
            [
              -154.17730712890625,
              59.117488861083984
            ],
            [
              -154.18109130859375,
              59.120872497558594
            ],
            [
              -154.18695068359375,
              59.123233795166016
            ],
            [
              -154.19403076171875,
              59.124298095703125
            ],
            [
              -154.20205688476562,
              59.124900817871094
            ],
            [
              -154.21063232421875,
              59.1254768371582
            ],
            [
              -154.22021484375,
              59.12583923339844
            ],
            [
              -154.23040771484375,
              59.125343322753906
            ],
            [
              -154.23880004882812,
              59.1221809387207
            ],
            [
              -154.24530029296875,
              59.11784362792969
            ],
            [
              -154.25372314453125,
              59.11793899536133
            ],
            [
              -154.2542724609375,
              59.12185287475586
            ],
            [
              -154.25137329101562,
              59.12623977661133
            ],
            [
              -154.25762939453125,
              59.13081359863281
            ],
            [
              -154.2655029296875,
              59.13467025756836
            ],
            [
              -154.263427734375,
              59.14035415649414
            ],
            [
              -154.25482177734375,
              59.14262390136719
            ],
            [
              -154.24588012695312,
              59.14445114135742
            ],
            [
              -154.23779296875,
              59.146636962890625
            ],
            [
              -154.22979736328125,
              59.14863204956055
            ],
            [
              -154.22247314453125,
              59.150386810302734
            ],
            [
              -154.21780395507812,
              59.15329360961914
            ],
            [
              -154.21710205078125,
              59.15591812133789
            ],
            [
              -154.22418212890625,
              59.15732192993164
            ],
            [
              -154.23147583007812,
              59.15782165527344
            ],
            [
              -154.23818969726562,
              59.158329010009766
            ],
            [
              -154.23687744140625,
              59.16206741333008
            ],
            [
              -154.2330322265625,
              59.16463088989258
            ],
            [
              -154.2279052734375,
              59.166412353515625
            ],
            [
              -154.22265625,
              59.167930603027344
            ],
            [
              -154.2159423828125,
              59.1676139831543
            ],
            [
              -154.20907592773438,
              59.167293548583984
            ],
            [
              -154.20294189453125,
              59.16756820678711
            ],
            [
              -154.19741821289062,
              59.1678581237793
            ],
            [
              -154.1922607421875,
              59.16849899291992
            ],
            [
              -154.18701171875,
              59.16986846923828
            ],
            [
              -154.18112182617188,
              59.17142105102539
            ],
            [
              -154.17620849609375,
              59.174217224121094
            ],
            [
              -154.17218017578125,
              59.17692565917969
            ],
            [
              -154.17453002929688,
              59.1801643371582
            ],
            [
              -154.17678833007812,
              59.1835823059082
            ],
            [
              -154.17877197265625,
              59.18735885620117
            ],
            [
              -154.177734375,
              59.19034194946289
            ],
            [
              -154.171875,
              59.191986083984375
            ],
            [
              -154.16659545898438,
              59.19355010986328
            ],
            [
              -154.16183471679688,
              59.19514846801758
            ],
            [
              -154.157470703125,
              59.196617126464844
            ],
            [
              -154.153076171875,
              59.19738006591797
            ],
            [
              -154.14788818359375,
              59.19756317138672
            ],
            [
              -154.14208984375,
              59.19777297973633
            ],
            [
              -154.1356201171875,
              59.19744110107422
            ],
            [
              -154.1292724609375,
              59.197086334228516
            ],
            [
              -154.12689208984375,
              59.19956970214844
            ],
            [
              -154.12506103515625,
              59.20216751098633
            ],
            [
              -154.12335205078125,
              59.20465087890625
            ],
            [
              -154.12158203125,
              59.207252502441406
            ],
            [
              -154.120361328125,
              59.20994567871094
            ],
            [
              -154.12371826171875,
              59.21257781982422
            ],
            [
              -154.1285400390625,
              59.21452331542969
            ],
            [
              -154.13592529296875,
              59.21482849121094
            ],
            [
              -154.1387939453125,
              59.21744155883789
            ],
            [
              -154.1385498046875,
              59.22117614746094
            ],
            [
              -154.14031982421875,
              59.22440719604492
            ],
            [
              -154.14205932617188,
              59.22734451293945
            ],
            [
              -154.1419677734375,
              59.230018615722656
            ],
            [
              -154.14068603515625,
              59.23240280151367
            ],
            [
              -154.1395263671875,
              59.23456954956055
            ],
            [
              -154.13885498046875,
              59.236793518066406
            ],
            [
              -154.13882446289062,
              59.239261627197266
            ],
            [
              -154.1387939453125,
              59.24199676513672
            ],
            [
              -154.138916015625,
              59.245033264160156
            ],
            [
              -154.13916015625,
              59.24797058105469
            ],
            [
              -154.13934326171875,
              59.25059127807617
            ],
            [
              -154.13894653320312,
              59.25320053100586
            ],
            [
              -154.138427734375,
              59.25582504272461
            ],
            [
              -154.13796997070312,
              59.258201599121094
            ],
            [
              -154.13739013671875,
              59.26031494140625
            ],
            [
              -154.1368408203125,
              59.2622184753418
            ],
            [
              -154.13626098632812,
              59.26422119140625
            ],
            [
              -154.13555908203125,
              59.266456604003906
            ],
            [
              -154.134521484375,
              59.26893615722656
            ],
            [
              -154.1334228515625,
              59.27171325683594
            ],
            [
              -154.13201904296875,
              59.274539947509766
            ],
            [
              -154.13037109375,
              59.277313232421875
            ],
            [
              -154.12887573242188,
              59.27982711791992
            ],
            [
              -154.12750244140625,
              59.282066345214844
            ],
            [
              -154.12615966796875,
              59.2841682434082
            ],
            [
              -154.124755859375,
              59.28643035888672
            ],
            [
              -154.123291015625,
              59.28860092163086
            ],
            [
              -154.121826171875,
              59.2906494140625
            ],
            [
              -154.12042236328125,
              59.29258728027344
            ],
            [
              -154.11907958984375,
              59.2944450378418
            ],
            [
              -154.1173095703125,
              59.29627990722656
            ],
            [
              -154.11550903320312,
              59.29813766479492
            ],
            [
              -154.11376953125,
              59.299903869628906
            ],
            [
              -154.1116943359375,
              59.30172348022461
            ],
            [
              -154.10845947265625,
              59.303443908691406
            ],
            [
              -154.1051025390625,
              59.30525588989258
            ],
            [
              -154.1015625,
              59.30702209472656
            ],
            [
              -154.097900390625,
              59.308441162109375
            ],
            [
              -154.09405517578125,
              59.309906005859375
            ],
            [
              -154.08993530273438,
              59.31145095825195
            ],
            [
              -154.08563232421875,
              59.3128776550293
            ],
            [
              -154.081787109375,
              59.31415557861328
            ],
            [
              -154.0780029296875,
              59.315399169921875
            ],
            [
              -154.07403564453125,
              59.31644058227539
            ],
            [
              -154.0697021484375,
              59.31757354736328
            ],
            [
              -154.065185546875,
              59.31874465942383
            ],
            [
              -154.06060791015625,
              59.31978225708008
            ],
            [
              -154.05557250976562,
              59.3209228515625
            ],
            [
              -154.0506591796875,
              59.322044372558594
            ],
            [
              -154.04620361328125,
              59.32309341430664
            ],
            [
              -154.0418701171875,
              59.32411193847656
            ],
            [
              -154.0372314453125,
              59.3253173828125
            ],
            [
              -154.03213500976562,
              59.32677459716797
            ],
            [
              -154.02655029296875,
              59.32847595214844
            ],
            [
              -154.021728515625,
              59.33109664916992
            ],
            [
              -154.017333984375,
              59.33350372314453
            ],
            [
              -154.01409912109375,
              59.33595657348633
            ],
            [
              -154.01095581054688,
              59.33843994140625
            ],
            [
              -154.0068359375,
              59.34079360961914
            ],
            [
              -154.00192260742188,
              59.3429069519043
            ],
            [
              -153.99652099609375,
              59.34516143798828
            ],
            [
              -153.9903564453125,
              59.34761428833008
            ],
            [
              -153.98452758789062,
              59.349998474121094
            ],
            [
              -153.979248046875,
              59.3521842956543
            ],
            [
              -153.97366333007812,
              59.35343933105469
            ],
            [
              -153.967529296875,
              59.35409164428711
            ],
            [
              -153.96173095703125,
              59.355255126953125
            ],
            [
              -153.957275390625,
              59.356998443603516
            ],
            [
              -153.95346069335938,
              59.35862350463867
            ],
            [
              -153.95758056640625,
              59.360023498535156
            ],
            [
              -153.96148681640625,
              59.36137008666992
            ],
            [
              -153.96621704101562,
              59.36226272583008
            ],
            [
              -153.97119140625,
              59.362648010253906
            ],
            [
              -153.97564697265625,
              59.36299133300781
            ],
            [
              -153.97842407226562,
              59.36434555053711
            ],
            [
              -153.98065185546875,
              59.366031646728516
            ],
            [
              -153.98284912109375,
              59.36771774291992
            ],
            [
              -153.98651123046875,
              59.367855072021484
            ],
            [
              -153.99118041992188,
              59.367122650146484
            ],
            [
              -153.99163818359375,
              59.365379333496094
            ],
            [
              -153.98907470703125,
              59.363075256347656
            ],
            [
              -153.98858642578125,
              59.360748291015625
            ],
            [
              -153.99066162109375,
              59.35810852050781
            ],
            [
              -153.99432373046875,
              59.355892181396484
            ],
            [
              -154.0008544921875,
              59.35478973388672
            ],
            [
              -154.00839233398438,
              59.35401916503906
            ],
            [
              -154.01666259765625,
              59.353816986083984
            ],
            [
              -154.024169921875,
              59.35407257080078
            ],
            [
              -154.0308837890625,
              59.35441589355469
            ],
            [
              -154.03753662109375,
              59.35368347167969
            ],
            [
              -154.04449462890625,
              59.35273361206055
            ],
            [
              -154.05145263671875,
              59.350730895996094
            ],
            [
              -154.0595703125,
              59.34939956665039
            ],
            [
              -154.0692138671875,
              59.348880767822266
            ],
            [
              -154.07965087890625,
              59.3474006652832
            ],
            [
              -154.0906982421875,
              59.34608840942383
            ],
            [
              -154.1021728515625,
              59.34617614746094
            ],
            [
              -154.11190795898438,
              59.34928512573242
            ],
            [
              -154.1177978515625,
              59.35444641113281
            ],
            [
              -154.12506103515625,
              59.35842514038086
            ],
            [
              -154.1292724609375,
              59.36317443847656
            ],
            [
              -154.13653564453125,
              59.36737823486328
            ],
            [
              -154.13580322265625,
              59.37236022949219
            ],
            [
              -154.125732421875,
              59.373390197753906
            ],
            [
              -154.1148681640625,
              59.371299743652344
            ],
            [
              -154.10498046875,
              59.36902618408203
            ],
            [
              -154.09521484375,
              59.368141174316406
            ],
            [
              -154.08743286132812,
              59.370304107666016
            ],
            [
              -154.08074951171875,
              59.37275695800781
            ],
            [
              -154.07528686523438,
              59.3753662109375
            ],
            [
              -154.07077026367188,
              59.37788391113281
            ],
            [
              -154.06671142578125,
              59.380367279052734
            ],
            [
              -154.0623779296875,
              59.3828010559082
            ],
            [
              -154.057861328125,
              59.38514709472656
            ],
            [
              -154.05291748046875,
              59.38707733154297
            ],
            [
              -154.0469970703125,
              59.38771438598633
            ],
            [
              -154.04153442382812,
              59.388057708740234
            ],
            [
              -154.03717041015625,
              59.38624572753906
            ],
            [
              -154.03298950195312,
              59.384498596191406
            ],
            [
              -154.0294189453125,
              59.38254165649414
            ],
            [
              -154.0262451171875,
              59.38051986694336
            ],
            [
              -154.0228271484375,
              59.37881851196289
            ],
            [
              -154.01812744140625,
              59.378028869628906
            ],
            [
              -154.0140380859375,
              59.37861633300781
            ],
            [
              -154.0106201171875,
              59.380741119384766
            ],
            [
              -154.007080078125,
              59.38279342651367
            ],
            [
              -154.00250244140625,
              59.38400650024414
            ],
            [
              -153.99810791015625,
              59.385162353515625
            ],
            [
              -153.99371337890625,
              59.386356353759766
            ],
            [
              -153.98895263671875,
              59.38766860961914
            ],
            [
              -153.9862060546875,
              59.389652252197266
            ],
            [
              -153.98745727539062,
              59.3928108215332
            ],
            [
              -153.99063110351562,
              59.395912170410156
            ],
            [
              -153.98687744140625,
              59.397430419921875
            ],
            [
              -153.9814453125,
              59.39834213256836
            ],
            [
              -153.97637939453125,
              59.398616790771484
            ],
            [
              -153.9716796875,
              59.398582458496094
            ],
            [
              -153.96713256835938,
              59.39854431152344
            ],
            [
              -153.9637451171875,
              59.39698028564453
            ],
            [
              -153.96023559570312,
              59.394935607910156
            ],
            [
              -153.95748901367188,
              59.39252471923828
            ],
            [
              -153.95574951171875,
              59.39012908935547
            ],
            [
              -153.95391845703125,
              59.388118743896484
            ],
            [
              -153.9488525390625,
              59.388336181640625
            ],
            [
              -153.94400024414062,
              59.389320373535156
            ],
            [
              -153.94058227539062,
              59.39170837402344
            ],
            [
              -153.93731689453125,
              59.394073486328125
            ],
            [
              -153.9344482421875,
              59.39655685424805
            ],
            [
              -153.93145751953125,
              59.3991813659668
            ],
            [
              -153.92822265625,
              59.40169143676758
            ],
            [
              -153.92523193359375,
              59.40398406982422
            ],
            [
              -153.92233276367188,
              59.4061164855957
            ],
            [
              -153.91946411132812,
              59.4080924987793
            ],
            [
              -153.91659545898438,
              59.41008377075195
            ],
            [
              -153.91375732421875,
              59.41179275512695
            ],
            [
              -153.9107666015625,
              59.41344451904297
            ],
            [
              -153.90789794921875,
              59.41505813598633
            ],
            [
              -153.9046630859375,
              59.416107177734375
            ],
            [
              -153.9013671875,
              59.41691207885742
            ],
            [
              -153.89764404296875,
              59.417808532714844
            ],
            [
              -153.89370727539062,
              59.418636322021484
            ],
            [
              -153.889404296875,
              59.419376373291016
            ],
            [
              -153.885498046875,
              59.4200439453125
            ],
            [
              -153.88192749023438,
              59.420711517333984
            ],
            [
              -153.87863159179688,
              59.42146301269531
            ],
            [
              -153.87518310546875,
              59.422245025634766
            ],
            [
              -153.87185668945312,
              59.423004150390625
            ],
            [
              -153.8682861328125,
              59.423221588134766
            ],
            [
              -153.86444091796875,
              59.423126220703125
            ],
            [
              -153.86068725585938,
              59.42303466796875
            ],
            [
              -153.856689453125,
              59.422645568847656
            ],
            [
              -153.8526611328125,
              59.42148208618164
            ],
            [
              -153.84832763671875,
              59.42024230957031
            ],
            [
              -153.84326171875,
              59.419376373291016
            ],
            [
              -153.83782958984375,
              59.41871643066406
            ],
            [
              -153.83255004882812,
              59.418373107910156
            ],
            [
              -153.826904296875,
              59.41850280761719
            ],
            [
              -153.8209228515625,
              59.41873550415039
            ],
            [
              -153.81488037109375,
              59.41956329345703
            ],
            [
              -153.8092041015625,
              59.42034149169922
            ],
            [
              -153.80438232421875,
              59.42155456542969
            ],
            [
              -153.79986572265625,
              59.42268371582031
            ],
            [
              -153.79541015625,
              59.42375183105469
            ],
            [
              -153.79092407226562,
              59.42475509643555
            ],
            [
              -153.78643798828125,
              59.42575454711914
            ],
            [
              -153.781982421875,
              59.42688751220703
            ],
            [
              -153.7774658203125,
              59.428077697753906
            ],
            [
              -153.77264404296875,
              59.429115295410156
            ],
            [
              -153.76776123046875,
              59.42951202392578
            ],
            [
              -153.76339721679688,
              59.42986297607422
            ],
            [
              -153.75900268554688,
              59.430091857910156
            ],
            [
              -153.75408935546875,
              59.43019485473633
            ],
            [
              -153.74859619140625,
              59.4303092956543
            ],
            [
              -153.7435302734375,
              59.43124008178711
            ],
            [
              -153.7384033203125,
              59.4322395324707
            ],
            [
              -153.7347412109375,
              59.434425354003906
            ],
            [
              -153.73193359375,
              59.43672561645508
            ],
            [
              -153.7337646484375,
              59.4387321472168
            ],
            [
              -153.73675537109375,
              59.44073486328125
            ],
            [
              -153.7386474609375,
              59.44322204589844
            ],
            [
              -153.7398681640625,
              59.445987701416016
            ],
            [
              -153.73907470703125,
              59.44832229614258
            ],
            [
              -153.73641967773438,
              59.4501953125
            ],
            [
              -153.73388671875,
              59.451969146728516
            ],
            [
              -153.73052978515625,
              59.45368957519531
            ],
            [
              -153.72702026367188,
              59.455223083496094
            ],
            [
              -153.723876953125,
              59.45659255981445
            ],
            [
              -153.72018432617188,
              59.457645416259766
            ],
            [
              -153.71588134765625,
              59.458770751953125
            ],
            [
              -153.71142578125,
              59.46022033691406
            ],
            [
              -153.70751953125,
              59.462398529052734
            ],
            [
              -153.70431518554688,
              59.4644889831543
            ],
            [
              -153.70440673828125,
              59.467010498046875
            ],
            [
              -153.70452880859375,
              59.46952819824219
            ],
            [
              -153.70556640625,
              59.47216796875
            ],
            [
              -153.70700073242188,
              59.47499465942383
            ],
            [
              -153.70840454101562,
              59.47755813598633
            ],
            [
              -153.70977783203125,
              59.47988510131836
            ],
            [
              -153.71109008789062,
              59.4820671081543
            ],
            [
              -153.71258544921875,
              59.48417663574219
            ],
            [
              -153.7142333984375,
              59.48640823364258
            ],
            [
              -153.7159423828125,
              59.48869705200195
            ],
            [
              -153.71771240234375,
              59.490760803222656
            ],
            [
              -153.71939086914062,
              59.492679595947266
            ],
            [
              -153.72116088867188,
              59.494651794433594
            ],
            [
              -153.72320556640625,
              59.49665832519531
            ],
            [
              -153.7252197265625,
              59.4986686706543
            ],
            [
              -153.72738647460938,
              59.500553131103516
            ],
            [
              -153.72991943359375,
              59.50237274169922
            ],
            [
              -153.73251342773438,
              59.50425720214844
            ],
            [
              -153.73568725585938,
              59.505733489990234
            ],
            [
              -153.7391357421875,
              59.50685501098633
            ],
            [
              -153.74258422851562,
              59.50797653198242
            ],
            [
              -153.74615478515625,
              59.50884246826172
            ],
            [
              -153.74981689453125,
              59.50961685180664
            ],
            [
              -153.75357055664062,
              59.510414123535156
            ],
            [
              -153.7562255859375,
              59.51173400878906
            ],
            [
              -153.75811767578125,
              59.5134391784668
            ],
            [
              -153.75997924804688,
              59.515113830566406
            ],
            [
              -153.76181030273438,
              59.51704406738281
            ],
            [
              -153.7637939453125,
              59.51920700073242
            ],
            [
              -153.76654052734375,
              59.521419525146484
            ],
            [
              -153.7705078125,
              59.523555755615234
            ],
            [
              -153.77374267578125,
              59.526222229003906
            ],
            [
              -153.7744140625,
              59.52983856201172
            ],
            [
              -153.77301025390625,
              59.533668518066406
            ],
            [
              -153.77093505859375,
              59.53717041015625
            ],
            [
              -153.7672119140625,
              59.53981018066406
            ],
            [
              -153.76382446289062,
              59.54216003417969
            ],
            [
              -153.75881958007812,
              59.543216705322266
            ],
            [
              -153.753662109375,
              59.5440788269043
            ],
            [
              -153.74884033203125,
              59.544525146484375
            ],
            [
              -153.74398803710938,
              59.544803619384766
            ],
            [
              -153.73922729492188,
              59.54523849487305
            ],
            [
              -153.73480224609375,
              59.546409606933594
            ],
            [
              -153.72998046875,
              59.54769515991211
            ],
            [
              -153.72488403320312,
              59.54890441894531
            ],
            [
              -153.72024536132812,
              59.54997253417969
            ],
            [
              -153.716064453125,
              59.55050277709961
            ],
            [
              -153.7119140625,
              59.550445556640625
            ],
            [
              -153.70794677734375,
              59.550392150878906
            ],
            [
              -153.70388793945312,
              59.55034637451172
            ],
            [
              -153.6995849609375,
              59.55031204223633
            ],
            [
              -153.695556640625,
              59.55027770996094
            ],
            [
              -153.69174194335938,
              59.55040740966797
            ],
            [
              -153.68792724609375,
              59.55073165893555
            ],
            [
              -153.68380737304688,
              59.55107879638672
            ],
            [
              -153.67947387695312,
              59.551509857177734
            ],
            [
              -153.6746826171875,
              59.55207061767578
            ],
            [
              -153.66989135742188,
              59.55263137817383
            ],
            [
              -153.66470336914062,
              59.55327224731445
            ],
            [
              -153.65948486328125,
              59.553916931152344
            ],
            [
              -153.65469360351562,
              59.55434036254883
            ],
            [
              -153.65005493164062,
              59.55455780029297
            ],
            [
              -153.6451416015625,
              59.55478286743164
            ],
            [
              -153.6402587890625,
              59.5538330078125
            ],
            [
              -153.6356201171875,
              59.5526237487793
            ],
            [
              -153.63079833984375,
              59.552101135253906
            ],
            [
              -153.62582397460938,
              59.55221176147461
            ],
            [
              -153.621337890625,
              59.55235290527344
            ],
            [
              -153.61700439453125,
              59.55260467529297
            ],
            [
              -153.6121826171875,
              59.552886962890625
            ],
            [
              -153.60711669921875,
              59.55275344848633
            ],
            [
              -153.60189819335938,
              59.55240249633789
            ],
            [
              -153.59619140625,
              59.55242919921875
            ],
            [
              -153.5902099609375,
              59.552921295166016
            ],
            [
              -153.5859375,
              59.55453109741211
            ],
            [
              -153.582763671875,
              59.556636810302734
            ],
            [
              -153.58074951171875,
              59.55873107910156
            ],
            [
              -153.57931518554688,
              59.56086730957031
            ],
            [
              -153.577880859375,
              59.563026428222656
            ],
            [
              -153.5765380859375,
              59.5651741027832
            ],
            [
              -153.5751953125,
              59.567344665527344
            ],
            [
              -153.57391357421875,
              59.56938552856445
            ],
            [
              -153.57254028320312,
              59.57158660888672
            ],
            [
              -153.57122802734375,
              59.573692321777344
            ],
            [
              -153.56976318359375,
              59.57598114013672
            ],
            [
              -153.56826782226562,
              59.5782585144043
            ],
            [
              -153.56683349609375,
              59.58039855957031
            ],
            [
              -153.56512451171875,
              59.582332611083984
            ],
            [
              -153.5634765625,
              59.584136962890625
            ],
            [
              -153.56185913085938,
              59.58588790893555
            ],
            [
              -153.56045532226562,
              59.58763885498047
            ],
            [
              -153.55914306640625,
              59.589385986328125
            ],
            [
              -153.55780029296875,
              59.59115982055664
            ],
            [
              -153.55712890625,
              59.59299087524414
            ],
            [
              -153.556884765625,
              59.5948600769043
            ],
            [
              -153.556640625,
              59.59671401977539
            ],
            [
              -153.55694580078125,
              59.59852600097656
            ],
            [
              -153.55780029296875,
              59.60036849975586
            ],
            [
              -153.5587158203125,
              59.602439880371094
            ],
            [
              -153.56109619140625,
              59.60421371459961
            ],
            [
              -153.563720703125,
              59.60568618774414
            ],
            [
              -153.56622314453125,
              59.60707473754883
            ],
            [
              -153.5697021484375,
              59.607582092285156
            ],
            [
              -153.57318115234375,
              59.60810089111328
            ],
            [
              -153.57681274414062,
              59.60862731933594
            ],
            [
              -153.58074951171875,
              59.60914611816406
            ],
            [
              -153.58447265625,
              59.609622955322266
            ],
            [
              -153.58807373046875,
              59.61008071899414
            ],
            [
              -153.591796875,
              59.61078643798828
            ],
            [
              -153.59576416015625,
              59.611751556396484
            ],
            [
              -153.5994873046875,
              59.61266326904297
            ],
            [
              -153.60250854492188,
              59.61395263671875
            ],
            [
              -153.60513305664062,
              59.6153678894043
            ],
            [
              -153.60781860351562,
              59.6168098449707
            ],
            [
              -153.6099853515625,
              59.61857223510742
            ],
            [
              -153.61187744140625,
              59.62046813964844
            ],
            [
              -153.61383056640625,
              59.622459411621094
            ],
            [
              -153.615234375,
              59.62458801269531
            ],
            [
              -153.61651611328125,
              59.626556396484375
            ],
            [
              -153.61865234375,
              59.62804412841797
            ],
            [
              -153.62255859375,
              59.62890625
            ],
            [
              -153.626708984375,
              59.62982177734375
            ],
            [
              -153.631591796875,
              59.629737854003906
            ],
            [
              -153.63702392578125,
              59.629486083984375
            ],
            [
              -153.64224243164062,
              59.62908935546875
            ],
            [
              -153.64703369140625,
              59.628662109375
            ],
            [
              -153.65191650390625,
              59.62803649902344
            ],
            [
              -153.6568603515625,
              59.62718963623047
            ],
            [
              -153.66195678710938,
              59.62602996826172
            ],
            [
              -153.66705322265625,
              59.62434768676758
            ],
            [
              -153.673095703125,
              59.622989654541016
            ],
            [
              -153.68035888671875,
              59.62199783325195
            ],
            [
              -153.68829345703125,
              59.62311553955078
            ],
            [
              -153.696533203125,
              59.625083923339844
            ],
            [
              -153.7027587890625,
              59.628562927246094
            ],
            [
              -153.70474243164062,
              59.6339225769043
            ],
            [
              -153.70135498046875,
              59.638240814208984
            ],
            [
              -153.6920166015625,
              59.639957427978516
            ],
            [
              -153.68280029296875,
              59.64023971557617
            ],
            [
              -153.6744384765625,
              59.64015197753906
            ],
            [
              -153.6668701171875,
              59.64036560058594
            ],
            [
              -153.65960693359375,
              59.64066696166992
            ],
            [
              -153.653076171875,
              59.641021728515625
            ],
            [
              -153.64727783203125,
              59.641334533691406
            ],
            [
              -153.64202880859375,
              59.64161682128906
            ],
            [
              -153.63714599609375,
              59.642215728759766
            ],
            [
              -153.63272094726562,
              59.64331817626953
            ],
            [
              -153.62966918945312,
              59.644718170166016
            ],
            [
              -153.62896728515625,
              59.64696502685547
            ],
            [
              -153.6282958984375,
              59.64916229248047
            ],
            [
              -153.62896728515625,
              59.65150833129883
            ],
            [
              -153.62997436523438,
              59.654144287109375
            ],
            [
              -153.6307373046875,
              59.657142639160156
            ],
            [
              -153.63140869140625,
              59.66048812866211
            ],
            [
              -153.63082885742188,
              59.66379165649414
            ],
            [
              -153.6300048828125,
              59.66698455810547
            ],
            [
              -153.62847900390625,
              59.67008590698242
            ],
            [
              -153.6265869140625,
              59.673194885253906
            ],
            [
              -153.62399291992188,
              59.676597595214844
            ],
            [
              -153.62588500976562,
              59.68026351928711
            ],
            [
              -153.625,
              59.6834602355957
            ],
            [
              -153.6165771484375,
              59.68580627441406
            ],
            [
              -153.6080322265625,
              59.68901062011719
            ],
            [
              -153.60247802734375,
              59.6937370300293
            ],
            [
              -153.59579467773438,
              59.695091247558594
            ],
            [
              -153.59634399414062,
              59.68996047973633
            ],
            [
              -153.6016845703125,
              59.68496322631836
            ],
            [
              -153.60601806640625,
              59.680274963378906
            ],
            [
              -153.60614013671875,
              59.67546463012695
            ],
            [
              -153.60333251953125,
              59.67135238647461
            ],
            [
              -153.60226440429688,
              59.667545318603516
            ],
            [
              -153.60198974609375,
              59.66407012939453
            ],
            [
              -153.60186767578125,
              59.66094207763672
            ],
            [
              -153.6015625,
              59.65816116333008
            ],
            [
              -153.599365234375,
              59.655914306640625
            ],
            [
              -153.59735107421875,
              59.65391159057617
            ],
            [
              -153.59500122070312,
              59.652278900146484
            ],
            [
              -153.59228515625,
              59.65071487426758
            ],
            [
              -153.58935546875,
              59.6490478515625
            ],
            [
              -153.58642578125,
              59.647544860839844
            ],
            [
              -153.58364868164062,
              59.64613723754883
            ],
            [
              -153.58087158203125,
              59.644752502441406
            ],
            [
              -153.5780029296875,
              59.64345169067383
            ],
            [
              -153.57516479492188,
              59.64215087890625
            ],
            [
              -153.57232666015625,
              59.640724182128906
            ],
            [
              -153.57025146484375,
              59.63874816894531
            ],
            [
              -153.56829833984375,
              59.636898040771484
            ],
            [
              -153.56692504882812,
              59.6351432800293
            ],
            [
              -153.5660400390625,
              59.6331901550293
            ],
            [
              -153.56515502929688,
              59.63116455078125
            ],
            [
              -153.56390380859375,
              59.62909698486328
            ],
            [
              -153.56243896484375,
              59.6271858215332
            ],
            [
              -153.56103515625,
              59.625370025634766
            ],
            [
              -153.55801391601562,
              59.62490463256836
            ],
            [
              -153.55422973632812,
              59.625038146972656
            ],
            [
              -153.55047607421875,
              59.62517166137695
            ],
            [
              -153.54708862304688,
              59.625911712646484
            ],
            [
              -153.54376220703125,
              59.62672424316406
            ],
            [
              -153.5404052734375,
              59.627540588378906
            ],
            [
              -153.53729248046875,
              59.6286506652832
            ],
            [
              -153.53436279296875,
              59.6297721862793
            ],
            [
              -153.53143310546875,
              59.63087844848633
            ],
            [
              -153.52835083007812,
              59.63208770751953
            ],
            [
              -153.52545166015625,
              59.63322448730469
            ],
            [
              -153.52255249023438,
              59.63437271118164
            ],
            [
              -153.51913452148438,
              59.635162353515625
            ],
            [
              -153.51531982421875,
              59.635772705078125
            ],
            [
              -153.51129150390625,
              59.63642120361328
            ],
            [
              -153.50732421875,
              59.6367301940918
            ],
            [
              -153.50347900390625,
              59.63698196411133
            ],
            [
              -153.49957275390625,
              59.63724136352539
            ],
            [
              -153.49609375,
              59.63783645629883
            ],
            [
              -153.492431640625,
              59.63846206665039
            ],
            [
              -153.48873901367188,
              59.63916015625
            ],
            [
              -153.485595703125,
              59.640384674072266
            ],
            [
              -153.48257446289062,
              59.641544342041016
            ],
            [
              -153.47967529296875,
              59.642799377441406
            ],
            [
              -153.47720336914062,
              59.644264221191406
            ],
            [
              -153.47479248046875,
              59.64567947387695
            ],
            [
              -153.47265625,
              59.64720153808594
            ],
            [
              -153.470947265625,
              59.648834228515625
            ],
            [
              -153.46929931640625,
              59.65044403076172
            ],
            [
              -153.46792602539062,
              59.652122497558594
            ],
            [
              -153.46697998046875,
              59.65386962890625
            ],
            [
              -153.46597290039062,
              59.65564727783203
            ],
            [
              -153.46524047851562,
              59.65748596191406
            ],
            [
              -153.46484375,
              59.65943145751953
            ],
            [
              -153.46441650390625,
              59.66145706176758
            ],
            [
              -153.46405029296875,
              59.66355514526367
            ],
            [
              -153.4637451171875,
              59.66574478149414
            ],
            [
              -153.46337890625,
              59.66802215576172
            ],
            [
              -153.46270751953125,
              59.67036819458008
            ],
            [
              -153.46200561523438,
              59.67279052734375
            ],
            [
              -153.4608154296875,
              59.67533874511719
            ],
            [
              -153.45947265625,
              59.678138732910156
            ],
            [
              -153.45733642578125,
              59.680965423583984
            ],
            [
              -153.4552001953125,
              59.68362045288086
            ],
            [
              -153.45309448242188,
              59.68605422973633
            ],
            [
              -153.4510498046875,
              59.68840789794922
            ],
            [
              -153.44924926757812,
              59.69078063964844
            ],
            [
              -153.44775390625,
              59.69319152832031
            ],
            [
              -153.44635009765625,
              59.69559860229492
            ],
            [
              -153.44552612304688,
              59.69807434082031
            ],
            [
              -153.4447021484375,
              59.700557708740234
            ],
            [
              -153.4444580078125,
              59.70305633544922
            ],
            [
              -153.4443359375,
              59.70560073852539
            ],
            [
              -153.4444580078125,
              59.70820617675781
            ],
            [
              -153.4447021484375,
              59.7109260559082
            ],
            [
              -153.445068359375,
              59.71357727050781
            ],
            [
              -153.44549560546875,
              59.716102600097656
            ],
            [
              -153.44595336914062,
              59.718475341796875
            ],
            [
              -153.44647216796875,
              59.72066879272461
            ],
            [
              -153.4468994140625,
              59.72266387939453
            ],
            [
              -153.44784545898438,
              59.724609375
            ],
            [
              -153.4488525390625,
              59.726722717285156
            ],
            [
              -153.45010375976562,
              59.729068756103516
            ],
            [
              -153.45159912109375,
              59.73167419433594
            ],
            [
              -153.452880859375,
              59.73463439941406
            ],
            [
              -153.45379638671875,
              59.73800277709961
            ],
            [
              -153.453857421875,
              59.74180221557617
            ],
            [
              -153.45428466796875,
              59.74603271484375
            ],
            [
              -153.45584106445312,
              59.75071334838867
            ],
            [
              -153.45843505859375,
              59.75559616088867
            ],
            [
              -153.46173095703125,
              59.76045608520508
            ],
            [
              -153.46267700195312,
              59.76539611816406
            ],
            [
              -153.45794677734375,
              59.76983642578125
            ],
            [
              -153.45343017578125,
              59.77382278442383
            ],
            [
              -153.45120239257812,
              59.778385162353516
            ],
            [
              -153.44552612304688,
              59.781803131103516
            ],
            [
              -153.438232421875,
              59.77846145629883
            ],
            [
              -153.4322509765625,
              59.774452209472656
            ],
            [
              -153.42510986328125,
              59.77090072631836
            ],
            [
              -153.4200439453125,
              59.76659393310547
            ],
            [
              -153.41943359375,
              59.76148223876953
            ],
            [
              -153.41961669921875,
              59.7564582824707
            ],
            [
              -153.41464233398438,
              59.752174377441406
            ],
            [
              -153.40548706054688,
              59.7497444152832
            ],
            [
              -153.3980712890625,
              59.74592590332031
            ],
            [
              -153.3900146484375,
              59.74217224121094
            ],
            [
              -153.3853759765625,
              59.73738479614258
            ],
            [
              -153.38079833984375,
              59.73274612426758
            ],
            [
              -153.3714599609375,
              59.73177719116211
            ],
            [
              -153.36099243164062,
              59.7320671081543
            ],
            [
              -153.35574340820312,
              59.72793960571289
            ],
            [
              -153.35589599609375,
              59.723087310791016
            ],
            [
              -153.360107421875,
              59.71928787231445
            ],
            [
              -153.3658447265625,
              59.7166633605957
            ],
            [
              -153.37197875976562,
              59.714881896972656
            ],
            [
              -153.37811279296875,
              59.7138557434082
            ],
            [
              -153.3817138671875,
              59.711891174316406
            ],
            [
              -153.38330078125,
              59.709110260009766
            ],
            [
              -153.382568359375,
              59.70622253417969
            ],
            [
              -153.38082885742188,
              59.70322036743164
            ],
            [
              -153.37664794921875,
              59.700496673583984
            ],
            [
              -153.3736572265625,
              59.6971435546875
            ],
            [
              -153.373046875,
              59.693843841552734
            ],
            [
              -153.376220703125,
              59.691165924072266
            ],
            [
              -153.37942504882812,
              59.688716888427734
            ],
            [
              -153.3826904296875,
              59.68642044067383
            ],
            [
              -153.385009765625,
              59.68398666381836
            ],
            [
              -153.38690185546875,
              59.681365966796875
            ],
            [
              -153.38803100585938,
              59.67852783203125
            ],
            [
              -153.38882446289062,
              59.675655364990234
            ],
            [
              -153.38882446289062,
              59.672908782958984
            ],
            [
              -153.388671875,
              59.67039489746094
            ],
            [
              -153.38897705078125,
              59.66797637939453
            ],
            [
              -153.38946533203125,
              59.66564178466797
            ],
            [
              -153.390869140625,
              59.66353225708008
            ],
            [
              -153.39398193359375,
              59.66153335571289
            ],
            [
              -153.39752197265625,
              59.659549713134766
            ],
            [
              -153.40145874023438,
              59.65800857543945
            ],
            [
              -153.40496826171875,
              59.656646728515625
            ],
            [
              -153.40814208984375,
              59.655494689941406
            ],
            [
              -153.41119384765625,
              59.65439987182617
            ],
            [
              -153.4141845703125,
              59.65304183959961
            ],
            [
              -153.41705322265625,
              59.65126419067383
            ],
            [
              -153.41952514648438,
              59.64915466308594
            ],
            [
              -153.420166015625,
              59.646480560302734
            ],
            [
              -153.42095947265625,
              59.643951416015625
            ],
            [
              -153.4219970703125,
              59.64169692993164
            ],
            [
              -153.421630859375,
              59.639862060546875
            ],
            [
              -153.41851806640625,
              59.63874816894531
            ],
            [
              -153.41543579101562,
              59.63764572143555
            ],
            [
              -153.41156005859375,
              59.637760162353516
            ],
            [
              -153.40719604492188,
              59.638118743896484
            ],
            [
              -153.40231323242188,
              59.638492584228516
            ],
            [
              -153.39682006835938,
              59.638893127441406
            ],
            [
              -153.390869140625,
              59.63838577270508
            ],
            [
              -153.3843994140625,
              59.637306213378906
            ],
            [
              -153.37884521484375,
              59.63566589355469
            ],
            [
              -153.37420654296875,
              59.6340217590332
            ],
            [
              -153.3704833984375,
              59.63223648071289
            ],
            [
              -153.3670654296875,
              59.630714416503906
            ],
            [
              -153.36380004882812,
              59.62948989868164
            ],
            [
              -153.36083984375,
              59.62837600708008
            ],
            [
              -153.3577880859375,
              59.62710189819336
            ],
            [
              -153.35455322265625,
              59.62571716308594
            ],
            [
              -153.35101318359375,
              59.624332427978516
            ],
            [
              -153.34686279296875,
              59.622962951660156
            ],
            [
              -153.34213256835938,
              59.62209701538086
            ],
            [
              -153.33694458007812,
              59.62213134765625
            ],
            [
              -153.33221435546875,
              59.622703552246094
            ],
            [
              -153.32797241210938,
              59.62373733520508
            ],
            [
              -153.32391357421875,
              59.62455749511719
            ],
            [
              -153.3197021484375,
              59.62517166137695
            ],
            [
              -153.31591796875,
              59.62574768066406
            ],
            [
              -153.31280517578125,
              59.62675476074219
            ],
            [
              -153.3094482421875,
              59.62785339355469
            ],
            [
              -153.3062744140625,
              59.62942886352539
            ],
            [
              -153.30322265625,
              59.63145446777344
            ],
            [
              -153.30206298828125,
              59.633689880371094
            ],
            [
              -153.30230712890625,
              59.636165618896484
            ],
            [
              -153.30352783203125,
              59.638336181640625
            ],
            [
              -153.30560302734375,
              59.640445709228516
            ],
            [
              -153.30657958984375,
              59.64292526245117
            ],
            [
              -153.3062744140625,
              59.64565658569336
            ],
            [
              -153.30645751953125,
              59.64833450317383
            ],
            [
              -153.30685424804688,
              59.65082931518555
            ],
            [
              -153.3079833984375,
              59.653133392333984
            ],
            [
              -153.30941772460938,
              59.65561294555664
            ],
            [
              -153.31097412109375,
              59.65834426879883
            ],
            [
              -153.312744140625,
              59.66138458251953
            ],
            [
              -153.31527709960938,
              59.66469955444336
            ],
            [
              -153.3116455078125,
              59.667510986328125
            ],
            [
              -153.3045654296875,
              59.66950225830078
            ],
            [
              -153.29586791992188,
              59.670467376708984
            ],
            [
              -153.2869873046875,
              59.67032241821289
            ],
            [
              -153.27984619140625,
              59.668418884277344
            ],
            [
              -153.27670288085938,
              59.664981842041016
            ],
            [
              -153.2742919921875,
              59.66181182861328
            ],
            [
              -153.27264404296875,
              59.65892028808594
            ],
            [
              -153.27182006835938,
              59.65624237060547
            ],
            [
              -153.27078247070312,
              59.65388107299805
            ],
            [
              -153.2696533203125,
              59.651790618896484
            ],
            [
              -153.268798828125,
              59.64963150024414
            ],
            [
              -153.26828002929688,
              59.64717483520508
            ],
            [
              -153.26702880859375,
              59.64474105834961
            ],
            [
              -153.26510620117188,
              59.64252471923828
            ],
            [
              -153.26214599609375,
              59.640865325927734
            ],
            [
              -153.25863647460938,
              59.63961410522461
            ],
            [
              -153.2547607421875,
              59.63831329345703
            ],
            [
              -153.25054931640625,
              59.63700485229492
            ],
            [
              -153.24667358398438,
              59.63581466674805
            ],
            [
              -153.24261474609375,
              59.63459396362305
            ],
            [
              -153.23773193359375,
              59.63413619995117
            ],
            [
              -153.23211669921875,
              59.634647369384766
            ],
            [
              -153.22625732421875,
              59.6351318359375
            ],
            [
              -153.22103881835938,
              59.63557052612305
            ],
            [
              -153.21649169921875,
              59.636165618896484
            ],
            [
              -153.21240234375,
              59.63669967651367
            ],
            [
              -153.20880126953125,
              59.63789367675781
            ],
            [
              -153.20480346679688,
              59.63927459716797
            ],
            [
              -153.20037841796875,
              59.640846252441406
            ],
            [
              -153.19573974609375,
              59.64252853393555
            ],
            [
              -153.191162109375,
              59.64427947998047
            ],
            [
              -153.1865234375,
              59.64601135253906
            ],
            [
              -153.18167114257812,
              59.64778518676758
            ],
            [
              -153.17617797851562,
              59.64963150024414
            ],
            [
              -153.17098999023438,
              59.651309967041016
            ],
            [
              -153.166259765625,
              59.65277099609375
            ],
            [
              -153.16204833984375,
              59.654022216796875
            ],
            [
              -153.15798950195312,
              59.655155181884766
            ],
            [
              -153.15460205078125,
              59.65648651123047
            ],
            [
              -153.15200805664062,
              59.65796661376953
            ],
            [
              -153.14959716796875,
              59.65943908691406
            ],
            [
              -153.14825439453125,
              59.66143035888672
            ],
            [
              -153.14678955078125,
              59.66353225708008
            ],
            [
              -153.14669799804688,
              59.665985107421875
            ],
            [
              -153.146728515625,
              59.66874313354492
            ],
            [
              -153.14620971679688,
              59.67180633544922
            ],
            [
              -153.14407348632812,
              59.67494201660156
            ],
            [
              -153.1405029296875,
              59.677642822265625
            ],
            [
              -153.13580322265625,
              59.67932891845703
            ],
            [
              -153.131103515625,
              59.68013381958008
            ],
            [
              -153.12640380859375,
              59.67980194091797
            ],
            [
              -153.12213134765625,
              59.67954635620117
            ],
            [
              -153.1177978515625,
              59.679351806640625
            ],
            [
              -153.11325073242188,
              59.67960739135742
            ],
            [
              -153.10858154296875,
              59.680484771728516
            ],
            [
              -153.10430908203125,
              59.68132781982422
            ],
            [
              -153.0999755859375,
              59.68222427368164
            ],
            [
              -153.095947265625,
              59.68320846557617
            ],
            [
              -153.09219360351562,
              59.684261322021484
            ],
            [
              -153.0885009765625,
              59.685550689697266
            ],
            [
              -153.08468627929688,
              59.6872673034668
            ],
            [
              -153.08087158203125,
              59.689029693603516
            ],
            [
              -153.07723999023438,
              59.69075012207031
            ],
            [
              -153.07302856445312,
              59.69253158569336
            ],
            [
              -153.06906127929688,
              59.694156646728516
            ],
            [
              -153.06451416015625,
              59.69450378417969
            ],
            [
              -153.06036376953125,
              59.69480514526367
            ],
            [
              -153.056640625,
              59.69447708129883
            ],
            [
              -153.05303955078125,
              59.69414520263672
            ],
            [
              -153.05084228515625,
              59.69553756713867
            ],
            [
              -153.04864501953125,
              59.697181701660156
            ],
            [
              -153.0472412109375,
              59.69923782348633
            ],
            [
              -153.0462646484375,
              59.701271057128906
            ],
            [
              -153.0452880859375,
              59.7031364440918
            ],
            [
              -153.044189453125,
              59.7050895690918
            ],
            [
              -153.04302978515625,
              59.70716094970703
            ],
            [
              -153.04193115234375,
              59.70913314819336
            ],
            [
              -153.040771484375,
              59.71117401123047
            ],
            [
              -153.03970336914062,
              59.71308517456055
            ],
            [
              -153.0386962890625,
              59.71488571166992
            ],
            [
              -153.03768920898438,
              59.716670989990234
            ],
            [
              -153.03668212890625,
              59.71845245361328
            ],
            [
              -153.03570556640625,
              59.72023010253906
            ],
            [
              -153.03469848632812,
              59.72199249267578
            ],
            [
              -153.03366088867188,
              59.72384262084961
            ],
            [
              -153.03265380859375,
              59.72564697265625
            ],
            [
              -153.03164672851562,
              59.72744369506836
            ],
            [
              -153.03057861328125,
              59.729373931884766
            ],
            [
              -153.02951049804688,
              59.73125076293945
            ],
            [
              -153.02850341796875,
              59.733062744140625
            ],
            [
              -153.02740478515625,
              59.734981536865234
            ],
            [
              -153.02630615234375,
              59.736934661865234
            ],
            [
              -153.02523803710938,
              59.73885726928711
            ],
            [
              -153.024169921875,
              59.74078369140625
            ],
            [
              -153.02313232421875,
              59.74264144897461
            ],
            [
              -153.02203369140625,
              59.74452590942383
            ],
            [
              -153.02099609375,
              59.746421813964844
            ],
            [
              -153.01992797851562,
              59.7483024597168
            ],
            [
              -153.01889038085938,
              59.75014877319336
            ],
            [
              -153.01791381835938,
              59.75187683105469
            ],
            [
              -153.0169677734375,
              59.75358581542969
            ],
            [
              -153.01593017578125,
              59.75541305541992
            ],
            [
              -153.01486206054688,
              59.757301330566406
            ],
            [
              -153.01385498046875,
              59.75908279418945
            ],
            [
              -153.01287841796875,
              59.76079177856445
            ],
            [
              -153.01190185546875,
              59.76253128051758
            ],
            [
              -153.01080322265625,
              59.764442443847656
            ],
            [
              -153.00958251953125,
              59.76661682128906
            ],
            [
              -153.0081787109375,
              59.769039154052734
            ],
            [
              -153.00677490234375,
              59.771358489990234
            ],
            [
              -153.0054931640625,
              59.773414611816406
            ],
            [
              -153.00424194335938,
              59.775360107421875
            ],
            [
              -153.00286865234375,
              59.77732849121094
            ],
            [
              -153.00149536132812,
              59.77931213378906
            ],
            [
              -153.00006103515625,
              59.78126525878906
            ],
            [
              -152.99853515625,
              59.78324508666992
            ],
            [
              -152.99716186523438,
              59.78514099121094
            ],
            [
              -152.9957275390625,
              59.78717041015625
            ],
            [
              -152.99429321289062,
              59.7894172668457
            ],
            [
              -152.9931640625,
              59.79159164428711
            ],
            [
              -152.9923095703125,
              59.7935791015625
            ],
            [
              -152.99188232421875,
              59.7954216003418
            ],
            [
              -152.99139404296875,
              59.797306060791016
            ],
            [
              -152.99139404296875,
              59.799198150634766
            ],
            [
              -152.99139404296875,
              59.80109786987305
            ],
            [
              -152.99154663085938,
              59.80295944213867
            ],
            [
              -152.99188232421875,
              59.80478286743164
            ],
            [
              -152.9921875,
              59.80656814575195
            ],
            [
              -152.9927978515625,
              59.80849838256836
            ],
            [
              -152.993408203125,
              59.81045150756836
            ],
            [
              -152.99420166015625,
              59.8123893737793
            ],
            [
              -152.99502563476562,
              59.81434631347656
            ],
            [
              -152.99600219726562,
              59.81635284423828
            ],
            [
              -152.9970703125,
              59.81827163696289
            ],
            [
              -152.99810791015625,
              59.82010269165039
            ],
            [
              -152.999267578125,
              59.82183837890625
            ],
            [
              -153.00045776367188,
              59.82356262207031
            ],
            [
              -153.001953125,
              59.82522201538086
            ],
            [
              -153.00363159179688,
              59.82688903808594
            ],
            [
              -153.005615234375,
              59.82845687866211
            ],
            [
              -153.00830078125,
              59.829837799072266
            ],
            [
              -153.01138305664062,
              59.83123779296875
            ],
            [
              -153.01544189453125,
              59.83214569091797
            ],
            [
              -153.019775390625,
              59.83296585083008
            ],
            [
              -153.02459716796875,
              59.83335494995117
            ],
            [
              -153.029541015625,
              59.83356857299805
            ],
            [
              -153.0345458984375,
              59.833499908447266
            ],
            [
              -153.0391845703125,
              59.8332405090332
            ],
            [
              -153.04385375976562,
              59.832847595214844
            ],
            [
              -153.04852294921875,
              59.832420349121094
            ],
            [
              -153.05316162109375,
              59.83198165893555
            ],
            [
              -153.0579833984375,
              59.83186721801758
            ],
            [
              -153.06329345703125,
              59.83185577392578
            ],
            [
              -153.06903076171875,
              59.83257293701172
            ],
            [
              -153.0748291015625,
              59.833431243896484
            ],
            [
              -153.0799560546875,
              59.83429718017578
            ],
            [
              -153.08517456054688,
              59.83418655395508
            ],
            [
              -153.08981323242188,
              59.83341598510742
            ],
            [
              -153.09405517578125,
              59.83168411254883
            ],
            [
              -153.09698486328125,
              59.82894515991211
            ],
            [
              -153.0997314453125,
              59.82564163208008
            ],
            [
              -153.10263061523438,
              59.82194137573242
            ],
            [
              -153.1064453125,
              59.818084716796875
            ],
            [
              -153.11187744140625,
              59.81464767456055
            ],
            [
              -153.11871337890625,
              59.81190872192383
            ],
            [
              -153.1268310546875,
              59.8098258972168
            ],
            [
              -153.13555908203125,
              59.808685302734375
            ],
            [
              -153.14447021484375,
              59.80879592895508
            ],
            [
              -153.15267944335938,
              59.8101806640625
            ],
            [
              -153.16009521484375,
              59.81251907348633
            ],
            [
              -153.16696166992188,
              59.81524658203125
            ],
            [
              -153.17364501953125,
              59.81803512573242
            ],
            [
              -153.18048095703125,
              59.8206901550293
            ],
            [
              -153.18780517578125,
              59.82296371459961
            ],
            [
              -153.19583129882812,
              59.824554443359375
            ],
            [
              -153.2042236328125,
              59.82532501220703
            ],
            [
              -153.21270751953125,
              59.825531005859375
            ],
            [
              -153.22161865234375,
              59.82545852661133
            ],
            [
              -153.230712890625,
              59.82534408569336
            ],
            [
              -153.239501953125,
              59.82582092285156
            ],
            [
              -153.24603271484375,
              59.828208923339844
            ],
            [
              -153.24655151367188,
              59.83232116699219
            ],
            [
              -153.24249267578125,
              59.8361930847168
            ],
            [
              -153.23712158203125,
              59.83969497680664
            ],
            [
              -153.23123168945312,
              59.84300994873047
            ],
            [
              -153.22503662109375,
              59.846187591552734
            ],
            [
              -153.21856689453125,
              59.84926223754883
            ],
            [
              -153.211669921875,
              59.85224533081055
            ],
            [
              -153.20474243164062,
              59.85494613647461
            ],
            [
              -153.1976318359375,
              59.85736083984375
            ],
            [
              -153.1903076171875,
              59.85943603515625
            ],
            [
              -153.1827392578125,
              59.861080169677734
            ],
            [
              -153.1749267578125,
              59.86233139038086
            ],
            [
              -153.16683959960938,
              59.8632926940918
            ],
            [
              -153.15838623046875,
              59.86405944824219
            ],
            [
              -153.14993286132812,
              59.86469268798828
            ],
            [
              -153.14154052734375,
              59.86526870727539
            ],
            [
              -153.1331787109375,
              59.86587142944336
            ],
            [
              -153.12493896484375,
              59.86656951904297
            ],
            [
              -153.11663818359375,
              59.86735916137695
            ],
            [
              -153.10833740234375,
              59.86814498901367
            ],
            [
              -153.10028076171875,
              59.868873596191406
            ],
            [
              -153.09283447265625,
              59.86955642700195
            ],
            [
              -153.08572387695312,
              59.870269775390625
            ],
            [
              -153.07843017578125,
              59.871116638183594
            ],
            [
              -153.0718994140625,
              59.872032165527344
            ],
            [
              -153.066162109375,
              59.87310791015625
            ],
            [
              -153.06121826171875,
              59.874412536621094
            ],
            [
              -153.05694580078125,
              59.875755310058594
            ],
            [
              -153.05322265625,
              59.87723922729492
            ],
            [
              -153.0494384765625,
              59.87886428833008
            ],
            [
              -153.04547119140625,
              59.88059997558594
            ],
            [
              -153.04119873046875,
              59.88209915161133
            ],
            [
              -153.03643798828125,
              59.88338851928711
            ],
            [
              -153.03115844726562,
              59.88447952270508
            ],
            [
              -153.0257568359375,
              59.885257720947266
            ],
            [
              -153.02066040039062,
              59.88587951660156
            ],
            [
              -153.01605224609375,
              59.886375427246094
            ],
            [
              -153.0113525390625,
              59.8867301940918
            ],
            [
              -153.0064697265625,
              59.88705825805664
            ],
            [
              -153.0013427734375,
              59.8871955871582
            ],
            [
              -152.99588012695312,
              59.887203216552734
            ],
            [
              -152.99041748046875,
              59.88703155517578
            ],
            [
              -152.985107421875,
              59.88640213012695
            ],
            [
              -152.97998046875,
              59.88553237915039
            ],
            [
              -152.97512817382812,
              59.884281158447266
            ],
            [
              -152.97055053710938,
              59.882781982421875
            ],
            [
              -152.96636962890625,
              59.881324768066406
            ],
            [
              -152.96197509765625,
              59.87975311279297
            ],
            [
              -152.95709228515625,
              59.878265380859375
            ],
            [
              -152.95208740234375,
              59.87709426879883
            ],
            [
              -152.94708251953125,
              59.87626647949219
            ],
            [
              -152.942138671875,
              59.87616729736328
            ],
            [
              -152.93765258789062,
              59.876346588134766
            ],
            [
              -152.9334716796875,
              59.87681579589844
            ],
            [
              -152.92910766601562,
              59.877498626708984
            ],
            [
              -152.92425537109375,
              59.878379821777344
            ],
            [
              -152.91903686523438,
              59.87948226928711
            ],
            [
              -152.91326904296875,
              59.88068389892578
            ],
            [
              -152.90667724609375,
              59.881874084472656
            ],
            [
              -152.89923095703125,
              59.882537841796875
            ],
            [
              -152.8916015625,
              59.88165283203125
            ],
            [
              -152.88531494140625,
              59.87937927246094
            ],
            [
              -152.87921142578125,
              59.87725830078125
            ],
            [
              -152.87237548828125,
              59.87620544433594
            ],
            [
              -152.86590576171875,
              59.875938415527344
            ],
            [
              -152.85955810546875,
              59.87586975097656
            ],
            [
              -152.85302734375,
              59.875858306884766
            ],
            [
              -152.8460693359375,
              59.87591552734375
            ],
            [
              -152.83935546875,
              59.87603759765625
            ],
            [
              -152.8333740234375,
              59.87620544433594
            ],
            [
              -152.8280029296875,
              59.87642288208008
            ],
            [
              -152.82244873046875,
              59.876712799072266
            ],
            [
              -152.81683349609375,
              59.87712478637695
            ],
            [
              -152.81097412109375,
              59.877864837646484
            ],
            [
              -152.80648803710938,
              59.8801383972168
            ],
            [
              -152.80654907226562,
              59.88358688354492
            ],
            [
              -152.8060302734375,
              59.88737487792969
            ],
            [
              -152.8018798828125,
              59.89019775390625
            ],
            [
              -152.79635620117188,
              59.89191436767578
            ],
            [
              -152.79083251953125,
              59.89309310913086
            ],
            [
              -152.78564453125,
              59.89405059814453
            ],
            [
              -152.78018188476562,
              59.89497756958008
            ],
            [
              -152.77426147460938,
              59.89595413208008
            ],
            [
              -152.7686767578125,
              59.89686584472656
            ],
            [
              -152.76336669921875,
              59.897743225097656
            ],
            [
              -152.75775146484375,
              59.89870071411133
            ],
            [
              -152.75213623046875,
              59.899715423583984
            ],
            [
              -152.7464599609375,
              59.90082550048828
            ],
            [
              -152.7406005859375,
              59.902122497558594
            ],
            [
              -152.73480224609375,
              59.90363693237305
            ],
            [
              -152.72943115234375,
              59.90531539916992
            ],
            [
              -152.72409057617188,
              59.907169342041016
            ],
            [
              -152.71875,
              59.90925979614258
            ],
            [
              -152.71395874023438,
              59.9114875793457
            ],
            [
              -152.70941162109375,
              59.91408157348633
            ],
            [
              -152.70562744140625,
              59.9167366027832
            ],
            [
              -152.70269775390625,
              59.91923904418945
            ],
            [
              -152.70037841796875,
              59.92160415649414
            ],
            [
              -152.69842529296875,
              59.92399597167969
            ],
            [
              -152.69656372070312,
              59.92665100097656
            ],
            [
              -152.69500732421875,
              59.9296760559082
            ],
            [
              -152.69384765625,
              59.93306350708008
            ],
            [
              -152.69305419921875,
              59.93623733520508
            ],
            [
              -152.69241333007812,
              59.93940353393555
            ],
            [
              -152.69183349609375,
              59.94234848022461
            ],
            [
              -152.69134521484375,
              59.94490051269531
            ],
            [
              -152.69085693359375,
              59.947208404541016
            ],
            [
              -152.69036865234375,
              59.94930648803711
            ],
            [
              -152.68984985351562,
              59.951255798339844
            ],
            [
              -152.689208984375,
              59.953311920166016
            ],
            [
              -152.68841552734375,
              59.95550537109375
            ],
            [
              -152.6873779296875,
              59.95781707763672
            ],
            [
              -152.6861572265625,
              59.960235595703125
            ],
            [
              -152.6846923828125,
              59.96270751953125
            ],
            [
              -152.68283081054688,
              59.96514892578125
            ],
            [
              -152.68051147460938,
              59.9677734375
            ],
            [
              -152.677734375,
              59.970455169677734
            ],
            [
              -152.67425537109375,
              59.97329330444336
            ],
            [
              -152.66998291015625,
              59.976318359375
            ],
            [
              -152.66531372070312,
              59.97932052612305
            ],
            [
              -152.66046142578125,
              59.982234954833984
            ],
            [
              -152.655517578125,
              59.985084533691406
            ],
            [
              -152.65045166015625,
              59.98788070678711
            ],
            [
              -152.64532470703125,
              59.990638732910156
            ],
            [
              -152.64019775390625,
              59.993377685546875
            ],
            [
              -152.63510131835938,
              59.99610137939453
            ],
            [
              -152.63003540039062,
              59.99883270263672
            ],
            [
              -152.62506103515625,
              60.0015754699707
            ],
            [
              -152.6202392578125,
              60.00434875488281
            ],
            [
              -152.6156005859375,
              60.00717544555664
            ],
            [
              -152.61126708984375,
              60.01008605957031
            ],
            [
              -152.6072998046875,
              60.013092041015625
            ],
            [
              -152.60382080078125,
              60.01605987548828
            ],
            [
              -152.60064697265625,
              60.01902770996094
            ],
            [
              -152.59774780273438,
              60.022037506103516
            ],
            [
              -152.5950927734375,
              60.02512741088867
            ],
            [
              -152.59283447265625,
              60.02798843383789
            ],
            [
              -152.59100341796875,
              60.03063201904297
            ],
            [
              -152.58941650390625,
              60.03306579589844
            ],
            [
              -152.58807373046875,
              60.03532028198242
            ],
            [
              -152.5867919921875,
              60.037593841552734
            ],
            [
              -152.58551025390625,
              60.039886474609375
            ],
            [
              -152.58441162109375,
              60.04202651977539
            ],
            [
              -152.58331298828125,
              60.04414749145508
            ],
            [
              -152.58221435546875,
              60.0462760925293
            ],
            [
              -152.58123779296875,
              60.04841995239258
            ],
            [
              -152.58026123046875,
              60.05058288574219
            ],
            [
              -152.5794677734375,
              60.05280303955078
            ],
            [
              -152.57870483398438,
              60.05513000488281
            ],
            [
              -152.57803344726562,
              60.057613372802734
            ],
            [
              -152.5775146484375,
              60.060150146484375
            ],
            [
              -152.5771484375,
              60.06267166137695
            ],
            [
              -152.57684326171875,
              60.06516647338867
            ],
            [
              -152.57659912109375,
              60.0674934387207
            ],
            [
              -152.57647705078125,
              60.06960678100586
            ],
            [
              -152.57635498046875,
              60.07157516479492
            ],
            [
              -152.57635498046875,
              60.073429107666016
            ],
            [
              -152.57632446289062,
              60.075172424316406
            ],
            [
              -152.57659912109375,
              60.07681655883789
            ],
            [
              -152.57684326171875,
              60.078365325927734
            ],
            [
              -152.57745361328125,
              60.07979965209961
            ],
            [
              -152.57806396484375,
              60.081153869628906
            ],
            [
              -152.57879638671875,
              60.082420349121094
            ],
            [
              -152.5797119140625,
              60.08361053466797
            ],
            [
              -152.58062744140625,
              60.08478546142578
            ],
            [
              -152.5816650390625,
              60.08596420288086
            ],
            [
              -152.58267211914062,
              60.08710861206055
            ],
            [
              -152.58364868164062,
              60.088191986083984
            ],
            [
              -152.5845947265625,
              60.0892219543457
            ],
            [
              -152.5855712890625,
              60.09025955200195
            ],
            [
              -152.58657836914062,
              60.091270446777344
            ],
            [
              -152.58758544921875,
              60.09225845336914
            ],
            [
              -152.58868408203125,
              60.09326934814453
            ],
            [
              -152.58978271484375,
              60.094276428222656
            ],
            [
              -152.59100341796875,
              60.095272064208984
            ],
            [
              -152.59228515625,
              60.0963134765625
            ],
            [
              -152.59371948242188,
              60.09735107421875
            ],
            [
              -152.59521484375,
              60.0984001159668
            ],
            [
              -152.5968017578125,
              60.09944152832031
            ],
            [
              -152.5985107421875,
              60.10044860839844
            ],
            [
              -152.6002197265625,
              60.10147476196289
            ],
            [
              -152.60211181640625,
              60.10245132446289
            ],
            [
              -152.6041259765625,
              60.103431701660156
            ],
            [
              -152.606201171875,
              60.10441589355469
            ],
            [
              -152.60855102539062,
              60.105377197265625
            ],
            [
              -152.61102294921875,
              60.10637283325195
            ],
            [
              -152.61370849609375,
              60.10734558105469
            ],
            [
              -152.61663818359375,
              60.108375549316406
            ],
            [
              -152.61993408203125,
              60.10944366455078
            ],
            [
              -152.623046875,
              60.11044692993164
            ],
            [
              -152.62628173828125,
              60.111446380615234
            ],
            [
              -152.629638671875,
              60.11248016357422
            ],
            [
              -152.63314819335938,
              60.113548278808594
            ],
            [
              -152.63681030273438,
              60.11465835571289
            ],
            [
              -152.640625,
              60.1158332824707
            ],
            [
              -152.6446533203125,
              60.11708068847656
            ],
            [
              -152.64886474609375,
              60.11845397949219
            ],
            [
              -152.6534423828125,
              60.12004470825195
            ],
            [
              -152.6583251953125,
              60.12189483642578
            ],
            [
              -152.66314697265625,
              60.123966217041016
            ],
            [
              -152.6678466796875,
              60.126258850097656
            ],
            [
              -152.67239379882812,
              60.128719329833984
            ],
            [
              -152.6767578125,
              60.13133239746094
            ],
            [
              -152.68081665039062,
              60.13410949707031
            ],
            [
              -152.68438720703125,
              60.13704299926758
            ],
            [
              -152.68695068359375,
              60.14008712768555
            ],
            [
              -152.68731689453125,
              60.143272399902344
            ],
            [
              -152.68472290039062,
              60.145938873291016
            ],
            [
              -152.68157958984375,
              60.148109436035156
            ],
            [
              -152.67926025390625,
              60.150211334228516
            ],
            [
              -152.6778564453125,
              60.1522331237793
            ],
            [
              -152.67755126953125,
              60.154205322265625
            ],
            [
              -152.67758178710938,
              60.15605545043945
            ],
            [
              -152.67791748046875,
              60.15789031982422
            ],
            [
              -152.67849731445312,
              60.159725189208984
            ],
            [
              -152.67926025390625,
              60.161643981933594
            ],
            [
              -152.68109130859375,
              60.16339111328125
            ],
            [
              -152.68411254882812,
              60.164772033691406
            ],
            [
              -152.6885986328125,
              60.165531158447266
            ],
            [
              -152.694091796875,
              60.16530990600586
            ],
            [
              -152.7003173828125,
              60.165279388427734
            ],
            [
              -152.7069091796875,
              60.165977478027344
            ],
            [
              -152.713134765625,
              60.16716766357422
            ],
            [
              -152.718994140625,
              60.168907165527344
            ],
            [
              -152.72406005859375,
              60.17121505737305
            ],
            [
              -152.7283935546875,
              60.173885345458984
            ],
            [
              -152.732177734375,
              60.17670440673828
            ],
            [
              -152.7357177734375,
              60.17951583862305
            ],
            [
              -152.739501953125,
              60.18218231201172
            ],
            [
              -152.74365234375,
              60.184669494628906
            ],
            [
              -152.74819946289062,
              60.18701934814453
            ],
            [
              -152.7529296875,
              60.18927764892578
            ],
            [
              -152.7578125,
              60.19146728515625
            ],
            [
              -152.762939453125,
              60.19349670410156
            ],
            [
              -152.76873779296875,
              60.194950103759766
            ],
            [
              -152.7752685546875,
              60.19554901123047
            ],
            [
              -152.781982421875,
              60.19600296020508
            ],
            [
              -152.7882080078125,
              60.196895599365234
            ],
            [
              -152.79412841796875,
              60.19806671142578
            ],
            [
              -152.80010986328125,
              60.1993522644043
            ],
            [
              -152.80609130859375,
              60.2006950378418
            ],
            [
              -152.81192016601562,
              60.202091217041016
            ],
            [
              -152.81768798828125,
              60.20359802246094
            ],
            [
              -152.82342529296875,
              60.205265045166016
            ],
            [
              -152.82907104492188,
              60.207088470458984
            ],
            [
              -152.83453369140625,
              60.20901870727539
            ],
            [
              -152.83984375,
              60.21100997924805
            ],
            [
              -152.84506225585938,
              60.21305465698242
            ],
            [
              -152.85003662109375,
              60.21522521972656
            ],
            [
              -152.85467529296875,
              60.2175407409668
            ],
            [
              -152.8592529296875,
              60.219757080078125
            ],
            [
              -152.8642578125,
              60.221675872802734
            ],
            [
              -152.86962890625,
              60.22357177734375
            ],
            [
              -152.87420654296875,
              60.226078033447266
            ],
            [
              -152.87631225585938,
              60.22908020019531
            ],
            [
              -152.87692260742188,
              60.23224639892578
            ],
            [
              -152.87820434570312,
              60.23503112792969
            ],
            [
              -152.88055419921875,
              60.23734664916992
            ],
            [
              -152.88345336914062,
              60.23936080932617
            ],
            [
              -152.88674926757812,
              60.24127197265625
            ],
            [
              -152.8907470703125,
              60.24281311035156
            ],
            [
              -152.89520263671875,
              60.244293212890625
            ],
            [
              -152.8988037109375,
              60.246070861816406
            ],
            [
              -152.89923095703125,
              60.248329162597656
            ],
            [
              -152.89486694335938,
              60.249717712402344
            ],
            [
              -152.8895263671875,
              60.24980163574219
            ],
            [
              -152.885009765625,
              60.24921417236328
            ],
            [
              -152.88131713867188,
              60.24811553955078
            ],
            [
              -152.87832641601562,
              60.246925354003906
            ],
            [
              -152.87542724609375,
              60.245975494384766
            ],
            [
              -152.872314453125,
              60.24525833129883
            ],
            [
              -152.86944580078125,
              60.24454879760742
            ],
            [
              -152.866943359375,
              60.24388122558594
            ],
            [
              -152.86474609375,
              60.2431755065918
            ],
            [
              -152.86260986328125,
              60.2422981262207
            ],
            [
              -152.8602294921875,
              60.2413215637207
            ],
            [
              -152.857666015625,
              60.24021530151367
            ],
            [
              -152.85516357421875,
              60.239173889160156
            ],
            [
              -152.85284423828125,
              60.2382698059082
            ],
            [
              -152.85076904296875,
              60.23747634887695
            ],
            [
              -152.84832763671875,
              60.23704147338867
            ],
            [
              -152.84573364257812,
              60.23657989501953
            ],
            [
              -152.8427734375,
              60.236228942871094
            ],
            [
              -152.83941650390625,
              60.23588180541992
            ],
            [
              -152.83563232421875,
              60.23557662963867
            ],
            [
              -152.83139038085938,
              60.2352409362793
            ],
            [
              -152.82672119140625,
              60.23485565185547
            ],
            [
              -152.82223510742188,
              60.23430252075195
            ],
            [
              -152.81820678710938,
              60.233646392822266
            ],
            [
              -152.81439208984375,
              60.232879638671875
            ],
            [
              -152.81060791015625,
              60.23196792602539
            ],
            [
              -152.80633544921875,
              60.230987548828125
            ],
            [
              -152.80160522460938,
              60.22990798950195
            ],
            [
              -152.796630859375,
              60.228675842285156
            ],
            [
              -152.7921142578125,
              60.22761154174805
            ],
            [
              -152.78756713867188,
              60.22693634033203
            ],
            [
              -152.7825927734375,
              60.2264289855957
            ],
            [
              -152.77716064453125,
              60.226036071777344
            ],
            [
              -152.77154541015625,
              60.22581100463867
            ],
            [
              -152.76593017578125,
              60.225982666015625
            ],
            [
              -152.76007080078125,
              60.2265739440918
            ],
            [
              -152.754150390625,
              60.226654052734375
            ],
            [
              -152.748291015625,
              60.22578430175781
            ],
            [
              -152.74267578125,
              60.224849700927734
            ],
            [
              -152.737060546875,
              60.22478103637695
            ],
            [
              -152.73220825195312,
              60.226200103759766
            ],
            [
              -152.72979736328125,
              60.22893524169922
            ],
            [
              -152.7274169921875,
              60.23175048828125
            ],
            [
              -152.72314453125,
              60.23371124267578
            ],
            [
              -152.71746826171875,
              60.23423385620117
            ],
            [
              -152.7120361328125,
              60.23383331298828
            ],
            [
              -152.70721435546875,
              60.23474884033203
            ],
            [
              -152.7039794921875,
              60.23701477050781
            ],
            [
              -152.69915771484375,
              60.237857818603516
            ],
            [
              -152.69390869140625,
              60.236331939697266
            ],
            [
              -152.6888427734375,
              60.23468017578125
            ],
            [
              -152.6837158203125,
              60.23362731933594
            ],
            [
              -152.67889404296875,
              60.23417663574219
            ],
            [
              -152.67727661132812,
              60.23679733276367
            ],
            [
              -152.67733764648438,
              60.23969268798828
            ],
            [
              -152.67388916015625,
              60.241912841796875
            ],
            [
              -152.66867065429688,
              60.24231719970703
            ],
            [
              -152.663330078125,
              60.241294860839844
            ],
            [
              -152.65826416015625,
              60.23958969116211
            ],
            [
              -152.65338134765625,
              60.23763656616211
            ],
            [
              -152.64932250976562,
              60.23553466796875
            ],
            [
              -152.64605712890625,
              60.2329216003418
            ],
            [
              -152.64352416992188,
              60.23014831542969
            ],
            [
              -152.64166259765625,
              60.227352142333984
            ],
            [
              -152.63873291015625,
              60.22517395019531
            ],
            [
              -152.63360595703125,
              60.22438430786133
            ],
            [
              -152.628662109375,
              60.22339630126953
            ],
            [
              -152.6253662109375,
              60.22105407714844
            ],
            [
              -152.62115478515625,
              60.219573974609375
            ],
            [
              -152.61569213867188,
              60.21950912475586
            ],
            [
              -152.61004638671875,
              60.21995162963867
            ],
            [
              -152.60427856445312,
              60.22041320800781
            ],
            [
              -152.59844970703125,
              60.2208251953125
            ],
            [
              -152.5926513671875,
              60.22116470336914
            ],
            [
              -152.58685302734375,
              60.221458435058594
            ],
            [
              -152.58111572265625,
              60.2218017578125
            ],
            [
              -152.575439453125,
              60.222267150878906
            ],
            [
              -152.56976318359375,
              60.2227783203125
            ],
            [
              -152.56414794921875,
              60.223331451416016
            ],
            [
              -152.55889892578125,
              60.22427749633789
            ],
            [
              -152.55465698242188,
              60.22599792480469
            ],
            [
              -152.5516357421875,
              60.22841262817383
            ],
            [
              -152.54949951171875,
              60.231056213378906
            ],
            [
              -152.54766845703125,
              60.2337760925293
            ],
            [
              -152.54598999023438,
              60.236515045166016
            ],
            [
              -152.5443115234375,
              60.2392463684082
            ],
            [
              -152.54248046875,
              60.24192810058594
            ],
            [
              -152.5404052734375,
              60.24458312988281
            ],
            [
              -152.53802490234375,
              60.24720764160156
            ],
            [
              -152.53521728515625,
              60.24971389770508
            ],
            [
              -152.53219604492188,
              60.25209426879883
            ],
            [
              -152.52880859375,
              60.254459381103516
            ],
            [
              -152.52529907226562,
              60.2567138671875
            ],
            [
              -152.52163696289062,
              60.258888244628906
            ],
            [
              -152.51788330078125,
              60.260990142822266
            ],
            [
              -152.51397705078125,
              60.26304244995117
            ],
            [
              -152.50994873046875,
              60.265052795410156
            ],
            [
              -152.505859375,
              60.26700210571289
            ],
            [
              -152.50167846679688,
              60.26885986328125
            ],
            [
              -152.49761962890625,
              60.27058792114258
            ],
            [
              -152.49337768554688,
              60.27229690551758
            ],
            [
              -152.48892211914062,
              60.27402114868164
            ],
            [
              -152.484375,
              60.27570343017578
            ],
            [
              -152.479736328125,
              60.27732849121094
            ],
            [
              -152.47503662109375,
              60.278892517089844
            ],
            [
              -152.47027587890625,
              60.2803955078125
            ],
            [
              -152.4654541015625,
              60.281837463378906
            ],
            [
              -152.4605712890625,
              60.28321838378906
            ],
            [
              -152.45556640625,
              60.28451919555664
            ],
            [
              -152.450439453125,
              60.285728454589844
            ],
            [
              -152.44512939453125,
              60.28677749633789
            ],
            [
              -152.43960571289062,
              60.28745651245117
            ],
            [
              -152.43377685546875,
              60.287479400634766
            ],
            [
              -152.4281005859375,
              60.2868766784668
            ],
            [
              -152.4228515625,
              60.286277770996094
            ],
            [
              -152.417724609375,
              60.28644561767578
            ],
            [
              -152.4134521484375,
              60.28767395019531
            ],
            [
              -152.41015625,
              60.289634704589844
            ],
            [
              -152.40744018554688,
              60.29194641113281
            ],
            [
              -152.40484619140625,
              60.29443359375
            ],
            [
              -152.40228271484375,
              60.296993255615234
            ],
            [
              -152.39990234375,
              60.299537658691406
            ],
            [
              -152.39761352539062,
              60.30208969116211
            ],
            [
              -152.3953857421875,
              60.304649353027344
            ],
            [
              -152.393310546875,
              60.307212829589844
            ],
            [
              -152.39129638671875,
              60.30978775024414
            ],
            [
              -152.38934326171875,
              60.3123779296875
            ],
            [
              -152.3875732421875,
              60.31499099731445
            ],
            [
              -152.385986328125,
              60.31761169433594
            ],
            [
              -152.38494873046875,
              60.320228576660156
            ],
            [
              -152.38519287109375,
              60.32293701171875
            ],
            [
              -152.38690185546875,
              60.32557678222656
            ],
            [
              -152.38839721679688,
              60.328163146972656
            ],
            [
              -152.38809204101562,
              60.33091735839844
            ],
            [
              -152.38592529296875,
              60.3335075378418
            ],
            [
              -152.38302612304688,
              60.33592224121094
            ],
            [
              -152.38018798828125,
              60.33826446533203
            ],
            [
              -152.3779296875,
              60.34073257446289
            ],
            [
              -152.37701416015625,
              60.343379974365234
            ],
            [
              -152.37725830078125,
              60.346160888671875
            ],
            [
              -152.37689208984375,
              60.34895324707031
            ],
            [
              -152.37445068359375,
              60.35146713256836
            ],
            [
              -152.37042236328125,
              60.35343551635742
            ],
            [
              -152.3656005859375,
              60.35502243041992
            ],
            [
              -152.36056518554688,
              60.35638427734375
            ],
            [
              -152.35546875,
              60.35760498046875
            ],
            [
              -152.35040283203125,
              60.35871505737305
            ],
            [
              -152.34552001953125,
              60.35966873168945
            ],
            [
              -152.34060668945312,
              60.36043167114258
            ],
            [
              -152.33514404296875,
              60.36091232299805
            ],
            [
              -152.32940673828125,
              60.36091995239258
            ],
            [
              -152.32373046875,
              60.36051559448242
            ],
            [
              -152.318359375,
              60.36016845703125
            ],
            [
              -152.31344604492188,
              60.36063766479492
            ],
            [
              -152.3099365234375,
              60.36250686645508
            ],
            [
              -152.308349609375,
              60.36516189575195
            ],
            [
              -152.30618286132812,
              60.36777114868164
            ],
            [
              -152.30242919921875,
              60.369747161865234
            ],
            [
              -152.29782104492188,
              60.37143325805664
            ],
            [
              -152.293212890625,
              60.373077392578125
            ],
            [
              -152.28875732421875,
              60.374752044677734
            ],
            [
              -152.2843017578125,
              60.37643814086914
            ],
            [
              -152.27987670898438,
              60.37812042236328
            ],
            [
              -152.2755126953125,
              60.37977981567383
            ],
            [
              -152.27130126953125,
              60.38136291503906
            ],
            [
              -152.26708984375,
              60.382965087890625
            ],
            [
              -152.26263427734375,
              60.3846435546875
            ],
            [
              -152.2581787109375,
              60.38632583618164
            ],
            [
              -152.25372314453125,
              60.38798904418945
            ],
            [
              -152.24917602539062,
              60.38960266113281
            ],
            [
              -152.24456787109375,
              60.39109420776367
            ],
            [
              -152.24053955078125,
              60.39248275756836
            ],
            [
              -152.23779296875,
              60.39419937133789
            ],
            [
              -152.23837280273438,
              60.396156311035156
            ],
            [
              -152.2413330078125,
              60.39742660522461
            ],
            [
              -152.24508666992188,
              60.39846420288086
            ],
            [
              -152.2489013671875,
              60.3995246887207
            ],
            [
              -152.25244140625,
              60.40085983276367
            ],
            [
              -152.25592041015625,
              60.40251159667969
            ],
            [
              -152.25970458984375,
              60.40430450439453
            ],
            [
              -152.26345825195312,
              60.406005859375
            ],
            [
              -152.26763916015625,
              60.40769958496094
            ],
            [
              -152.27227783203125,
              60.40920639038086
            ],
            [
              -152.2772216796875,
              60.41037368774414
            ],
            [
              -152.28244018554688,
              60.41120529174805
            ],
            [
              -152.287841796875,
              60.41183853149414
            ],
            [
              -152.29336547851562,
              60.412506103515625
            ],
            [
              -152.29876708984375,
              60.413482666015625
            ],
            [
              -152.3037109375,
              60.414894104003906
            ],
            [
              -152.307861328125,
              60.41669464111328
            ],
            [
              -152.31146240234375,
              60.41889953613281
            ],
            [
              -152.31454467773438,
              60.42131042480469
            ],
            [
              -152.3172607421875,
              60.423797607421875
            ],
            [
              -152.3197021484375,
              60.42631530761719
            ],
            [
              -152.32196044921875,
              60.42887878417969
            ],
            [
              -152.32403564453125,
              60.431488037109375
            ],
            [
              -152.325927734375,
              60.43413543701172
            ],
            [
              -152.32757568359375,
              60.43681716918945
            ],
            [
              -152.32901000976562,
              60.439537048339844
            ],
            [
              -152.33016967773438,
              60.44227981567383
            ],
            [
              -152.33111572265625,
              60.445037841796875
            ],
            [
              -152.3319091796875,
              60.447811126708984
            ],
            [
              -152.33258056640625,
              60.450592041015625
            ],
            [
              -152.33316040039062,
              60.4533805847168
            ],
            [
              -152.3336181640625,
              60.45618438720703
            ],
            [
              -152.333984375,
              60.45899963378906
            ],
            [
              -152.334228515625,
              60.461830139160156
            ],
            [
              -152.33428955078125,
              60.464664459228516
            ],
            [
              -152.33395385742188,
              60.46746826171875
            ],
            [
              -152.33306884765625,
              60.47019577026367
            ],
            [
              -152.33154296875,
              60.47294235229492
            ],
            [
              -152.32952880859375,
              60.47544860839844
            ],
            [
              -152.3271484375,
              60.47787857055664
            ],
            [
              -152.32440185546875,
              60.480323791503906
            ],
            [
              -152.32159423828125,
              60.48274230957031
            ],
            [
              -152.3193359375,
              60.48528289794922
            ],
            [
              -152.31887817382812,
              60.48793029785156
            ],
            [
              -152.31988525390625,
              60.49061584472656
            ],
            [
              -152.32061767578125,
              60.49342346191406
            ],
            [
              -152.3199462890625,
              60.49613952636719
            ],
            [
              -152.3184814453125,
              60.498783111572266
            ],
            [
              -152.3165283203125,
              60.50132751464844
            ],
            [
              -152.3140869140625,
              60.50383377075195
            ],
            [
              -152.31121826171875,
              60.506256103515625
            ],
            [
              -152.30810546875,
              60.50859451293945
            ],
            [
              -152.30484008789062,
              60.5108757019043
            ],
            [
              -152.301513671875,
              60.51312255859375
            ],
            [
              -152.298095703125,
              60.515342712402344
            ],
            [
              -152.294677734375,
              60.51754379272461
            ],
            [
              -152.29119873046875,
              60.519737243652344
            ],
            [
              -152.28765869140625,
              60.521907806396484
            ],
            [
              -152.28396606445312,
              60.5240364074707
            ],
            [
              -152.2801513671875,
              60.52610778808594
            ],
            [
              -152.27630615234375,
              60.528133392333984
            ],
            [
              -152.2724609375,
              60.5301513671875
            ],
            [
              -152.26873779296875,
              60.53219985961914
            ],
            [
              -152.2652587890625,
              60.53431701660156
            ],
            [
              -152.26190185546875,
              60.53651428222656
            ],
            [
              -152.25872802734375,
              60.53877639770508
            ],
            [
              -152.25543212890625,
              60.541053771972656
            ],
            [
              -152.25201416015625,
              60.54329299926758
            ],
            [
              -152.24835205078125,
              60.54545593261719
            ],
            [
              -152.2445068359375,
              60.54753875732422
            ],
            [
              -152.24053955078125,
              60.54955291748047
            ],
            [
              -152.23648071289062,
              60.5515251159668
            ],
            [
              -152.23236083984375,
              60.55347442626953
            ],
            [
              -152.22821044921875,
              60.5554084777832
            ],
            [
              -152.22406005859375,
              60.557315826416016
            ],
            [
              -152.21987915039062,
              60.559200286865234
            ],
            [
              -152.21563720703125,
              60.56108093261719
            ],
            [
              -152.21136474609375,
              60.56294631958008
            ],
            [
              -152.20703125,
              60.56478500366211
            ],
            [
              -152.20263671875,
              60.566593170166016
            ],
            [
              -152.19818115234375,
              60.5683708190918
            ],
            [
              -152.19366455078125,
              60.57011032104492
            ],
            [
              -152.1890869140625,
              60.57180404663086
            ],
            [
              -152.18438720703125,
              60.57343673706055
            ],
            [
              -152.17950439453125,
              60.574989318847656
            ],
            [
              -152.17449951171875,
              60.57638168334961
            ],
            [
              -152.16949462890625,
              60.577537536621094
            ],
            [
              -152.164306640625,
              60.57838821411133
            ],
            [
              -152.1588134765625,
              60.578880310058594
            ],
            [
              -152.1531982421875,
              60.579063415527344
            ],
            [
              -152.14764404296875,
              60.579193115234375
            ],
            [
              -152.14242553710938,
              60.57978820800781
            ],
            [
              -152.13815307617188,
              60.58138656616211
            ],
            [
              -152.1351318359375,
              60.58374786376953
            ],
            [
              -152.1317138671875,
              60.58580017089844
            ],
            [
              -152.126708984375,
              60.58707809448242
            ],
            [
              -152.1214599609375,
              60.58784484863281
            ],
            [
              -152.1162109375,
              60.58871078491211
            ],
            [
              -152.11114501953125,
              60.58982467651367
            ],
            [
              -152.10641479492188,
              60.591312408447266
            ],
            [
              -152.10238647460938,
              60.5932502746582
            ],
            [
              -152.09930419921875,
              60.5955696105957
            ],
            [
              -152.09710693359375,
              60.598087310791016
            ],
            [
              -152.09536743164062,
              60.60068130493164
            ],
            [
              -152.09390258789062,
              60.60331344604492
            ],
            [
              -152.09259033203125,
              60.605979919433594
            ],
            [
              -152.09136962890625,
              60.608665466308594
            ],
            [
              -152.090087890625,
              60.611366271972656
            ],
            [
              -152.0887451171875,
              60.61406707763672
            ],
            [
              -152.08721923828125,
              60.61674880981445
            ],
            [
              -152.08544921875,
              60.61940383911133
            ],
            [
              -152.08355712890625,
              60.622032165527344
            ],
            [
              -152.08163452148438,
              60.62465286254883
            ],
            [
              -152.07965087890625,
              60.62726593017578
            ],
            [
              -152.07763671875,
              60.62987518310547
            ],
            [
              -152.07550048828125,
              60.63247299194336
            ],
            [
              -152.07330322265625,
              60.63505935668945
            ],
            [
              -152.07101440429688,
              60.63760757446289
            ],
            [
              -152.068603515625,
              60.640113830566406
            ],
            [
              -152.06610107421875,
              60.64257049560547
            ],
            [
              -152.06353759765625,
              60.64499282836914
            ],
            [
              -152.06085205078125,
              60.64743423461914
            ],
            [
              -152.05807495117188,
              60.649864196777344
            ],
            [
              -152.05517578125,
              60.65228271484375
            ],
            [
              -152.0521240234375,
              60.65468215942383
            ],
            [
              -152.0489501953125,
              60.65707015991211
            ],
            [
              -152.04568481445312,
              60.65938186645508
            ],
            [
              -152.04248046875,
              60.66152572631836
            ],
            [
              -152.03890991210938,
              60.66377258300781
            ],
            [
              -152.03521728515625,
              60.66593933105469
            ],
            [
              -152.03143310546875,
              60.66802215576172
            ],
            [
              -152.02764892578125,
              60.67000961303711
            ],
            [
              -152.02392578125,
              60.67190170288086
            ],
            [
              -152.02005004882812,
              60.67378616333008
            ],
            [
              -152.01596069335938,
              60.67573928833008
            ],
            [
              -152.0118408203125,
              60.67768478393555
            ],
            [
              -152.00765991210938,
              60.679622650146484
            ],
            [
              -152.0035400390625,
              60.681556701660156
            ],
            [
              -151.9993896484375,
              60.683494567871094
            ],
            [
              -151.9952392578125,
              60.685428619384766
            ],
            [
              -151.9910888671875,
              60.68735885620117
            ],
            [
              -151.9869384765625,
              60.68927764892578
            ],
            [
              -151.98275756835938,
              60.69118118286133
            ],
            [
              -151.978515625,
              60.69306945800781
            ],
            [
              -151.97430419921875,
              60.69493865966797
            ],
            [
              -151.969970703125,
              60.696781158447266
            ],
            [
              -151.96563720703125,
              60.6985969543457
            ],
            [
              -151.96124267578125,
              60.70036315917969
            ],
            [
              -151.95672607421875,
              60.702049255371094
            ],
            [
              -151.9521484375,
              60.70363998413086
            ],
            [
              -151.94744873046875,
              60.705162048339844
            ],
            [
              -151.94265747070312,
              60.70663833618164
            ],
            [
              -151.9378662109375,
              60.70811080932617
            ],
            [
              -151.93310546875,
              60.70961380004883
            ],
            [
              -151.92849731445312,
              60.711185455322266
            ],
            [
              -151.92437744140625,
              60.7130012512207
            ],
            [
              -151.92120361328125,
              60.71528244018555
            ],
            [
              -151.91897583007812,
              60.71786117553711
            ],
            [
              -151.91656494140625,
              60.72025680541992
            ],
            [
              -151.91290283203125,
              60.72229766845703
            ],
            [
              -151.90802001953125,
              60.723873138427734
            ],
            [
              -151.90280151367188,
              60.725074768066406
            ],
            [
              -151.8974609375,
              60.72610092163086
            ],
            [
              -151.89205932617188,
              60.72703170776367
            ],
            [
              -151.88665771484375,
              60.727901458740234
            ],
            [
              -151.88119506835938,
              60.728729248046875
            ],
            [
              -151.875732421875,
              60.72953796386719
            ],
            [
              -151.8702392578125,
              60.7303352355957
            ],
            [
              -151.86477661132812,
              60.73113250732422
            ],
            [
              -151.85928344726562,
              60.731903076171875
            ],
            [
              -151.85382080078125,
              60.73261642456055
            ],
            [
              -151.84835815429688,
              60.73324966430664
            ],
            [
              -151.84280395507812,
              60.73379898071289
            ],
            [
              -151.83709716796875,
              60.7342529296875
            ],
            [
              -151.83184814453125,
              60.73454284667969
            ],
            [
              -151.8271484375,
              60.7346305847168
            ],
            [
              -151.82293701171875,
              60.73442459106445
            ],
            [
              -151.8192138671875,
              60.73410415649414
            ],
            [
              -151.81561279296875,
              60.73368453979492
            ],
            [
              -151.8121337890625,
              60.73314666748047
            ],
            [
              -151.80865478515625,
              60.732582092285156
            ],
            [
              -151.80517578125,
              60.731990814208984
            ],
            [
              -151.8017578125,
              60.73136520385742
            ],
            [
              -151.79833984375,
              60.73073196411133
            ],
            [
              -151.794921875,
              60.73008346557617
            ],
            [
              -151.79150390625,
              60.72941970825195
            ],
            [
              -151.7880859375,
              60.7287483215332
            ],
            [
              -151.78469848632812,
              60.72806930541992
            ],
            [
              -151.78131103515625,
              60.72737503051758
            ],
            [
              -151.7779541015625,
              60.7266731262207
            ],
            [
              -151.77456665039062,
              60.7259635925293
            ],
            [
              -151.77120971679688,
              60.725250244140625
            ],
            [
              -151.76788330078125,
              60.724510192871094
            ],
            [
              -151.76455688476562,
              60.72373580932617
            ],
            [
              -151.76153564453125,
              60.722721099853516
            ],
            [
              -151.75888061523438,
              60.72148895263672
            ],
            [
              -151.7569580078125,
              60.719966888427734
            ],
            [
              -151.75555419921875,
              60.71831130981445
            ],
            [
              -151.75405883789062,
              60.716670989990234
            ],
            [
              -151.75189208984375,
              60.71522903442383
            ],
            [
              -151.7489013671875,
              60.71421813964844
            ],
            [
              -151.74554443359375,
              60.71348571777344
            ],
            [
              -151.74200439453125,
              60.7130241394043
            ],
            [
              -151.73843383789062,
              60.712642669677734
            ],
            [
              -151.73483276367188,
              60.71228790283203
            ],
            [
              -151.73123168945312,
              60.71195983886719
            ],
            [
              -151.72763061523438,
              60.71164321899414
            ],
            [
              -151.7239990234375,
              60.711341857910156
            ],
            [
              -151.7203369140625,
              60.71124267578125
            ],
            [
              -151.716796875,
              60.71145248413086
            ],
            [
              -151.71331787109375,
              60.71204376220703
            ],
            [
              -151.7108154296875,
              60.71332931518555
            ],
            [
              -151.70855712890625,
              60.71474838256836
            ],
            [
              -151.70672607421875,
              60.71630096435547
            ],
            [
              -151.70498657226562,
              60.71788024902344
            ],
            [
              -151.70352172851562,
              60.719520568847656
            ],
            [
              -151.70233154296875,
              60.72121810913086
            ],
            [
              -151.70184326171875,
              60.72299575805664
            ],
            [
              -151.70172119140625,
              60.72478485107422
            ],
            [
              -151.70205688476562,
              60.72657012939453
            ],
            [
              -151.70266723632812,
              60.72834014892578
            ],
            [
              -151.7034912109375,
              60.7300910949707
            ],
            [
              -151.7044677734375,
              60.731815338134766
            ],
            [
              -151.70556640625,
              60.73352813720703
            ],
            [
              -151.70672607421875,
              60.7352294921875
            ],
            [
              -151.70797729492188,
              60.73692321777344
            ],
            [
              -151.709228515625,
              60.73860549926758
            ],
            [
              -151.71054077148438,
              60.74028396606445
            ],
            [
              -151.71185302734375,
              60.74195861816406
            ],
            [
              -151.71319580078125,
              60.743629455566406
            ],
            [
              -151.71456909179688,
              60.745296478271484
            ],
            [
              -151.7159423828125,
              60.74696350097656
            ],
            [
              -151.71734619140625,
              60.74862289428711
            ],
            [
              -151.71875,
              60.750282287597656
            ],
            [
              -151.72015380859375,
              60.7519416809082
            ],
            [
              -151.7215576171875,
              60.753597259521484
            ],
            [
              -151.72299194335938,
              60.755252838134766
            ],
            [
              -151.72442626953125,
              60.75690460205078
            ],
            [
              -151.72586059570312,
              60.7585563659668
            ],
            [
              -151.727294921875,
              60.76020812988281
            ],
            [
              -151.728759765625,
              60.76185989379883
            ],
            [
              -151.73019409179688,
              60.76350784301758
            ],
            [
              -151.73162841796875,
              60.765159606933594
            ],
            [
              -151.73309326171875,
              60.766807556152344
            ],
            [
              -151.73455810546875,
              60.768455505371094
            ],
            [
              -151.73599243164062,
              60.77010726928711
            ],
            [
              -151.7374267578125,
              60.771759033203125
            ],
            [
              -151.73886108398438,
              60.77341079711914
            ],
            [
              -151.74029541015625,
              60.77506637573242
            ],
            [
              -151.74169921875,
              60.776729583740234
            ],
            [
              -151.7430419921875,
              60.77839279174805
            ],
            [
              -151.744384765625,
              60.780067443847656
            ],
            [
              -151.74566650390625,
              60.78175354003906
            ],
            [
              -151.74688720703125,
              60.783447265625
            ],
            [
              -151.74807739257812,
              60.7851448059082
            ],
            [
              -151.7493896484375,
              60.78681945800781
            ],
            [
              -151.7508544921875,
              60.78846740722656
            ],
            [
              -151.75250244140625,
              60.790069580078125
            ],
            [
              -151.75433349609375,
              60.791629791259766
            ],
            [
              -151.7562255859375,
              60.79315948486328
            ],
            [
              -151.75823974609375,
              60.79467010498047
            ],
            [
              -151.76025390625,
              60.796165466308594
            ],
            [
              -151.7623291015625,
              60.79765319824219
            ],
            [
              -151.76437377929688,
              60.79914093017578
            ],
            [
              -151.76641845703125,
              60.80063247680664
            ],
            [
              -151.7684326171875,
              60.802127838134766
            ],
            [
              -151.77044677734375,
              60.80363845825195
            ],
            [
              -151.77236938476562,
              60.8051643371582
            ],
            [
              -151.77426147460938,
              60.806705474853516
            ],
            [
              -151.77609252929688,
              60.80826187133789
            ],
            [
              -151.77789306640625,
              60.8098258972168
            ],
            [
              -151.77969360351562,
              60.811397552490234
            ],
            [
              -151.781494140625,
              60.81296920776367
            ],
            [
              -151.78326416015625,
              60.81454849243164
            ],
            [
              -151.7850341796875,
              60.81613540649414
            ],
            [
              -151.7867431640625,
              60.8177375793457
            ],
            [
              -151.7884521484375,
              60.81935501098633
            ],
            [
              -151.79010009765625,
              60.82098388671875
            ],
            [
              -151.7916259765625,
              60.822635650634766
            ],
            [
              -151.79312133789062,
              60.824310302734375
            ],
            [
              -151.79449462890625,
              60.82600021362305
            ],
            [
              -151.79574584960938,
              60.827728271484375
            ],
            [
              -151.79681396484375,
              60.82947540283203
            ],
            [
              -151.79779052734375,
              60.831241607666016
            ],
            [
              -151.798583984375,
              60.83302307128906
            ],
            [
              -151.7991943359375,
              60.83481216430664
            ],
            [
              -151.79974365234375,
              60.83660125732422
            ],
            [
              -151.8001708984375,
              60.83839416503906
            ],
            [
              -151.800537109375,
              60.84019470214844
            ],
            [
              -151.80084228515625,
              60.84199905395508
            ],
            [
              -151.80105590820312,
              60.84380340576172
            ],
            [
              -151.80120849609375,
              60.845611572265625
            ],
            [
              -151.80133056640625,
              60.847476959228516
            ],
            [
              -151.80142211914062,
              60.849510192871094
            ],
            [
              -151.80148315429688,
              60.85175323486328
            ],
            [
              -151.80142211914062,
              60.854251861572266
            ],
            [
              -151.80047607421875,
              60.856964111328125
            ],
            [
              -151.79791259765625,
              60.859535217285156
            ],
            [
              -151.79461669921875,
              60.8618278503418
            ],
            [
              -151.79132080078125,
              60.86407470703125
            ],
            [
              -151.78802490234375,
              60.866329193115234
            ],
            [
              -151.78466796875,
              60.868568420410156
            ],
            [
              -151.78125,
              60.870792388916016
            ],
            [
              -151.77783203125,
              60.873008728027344
            ],
            [
              -151.77435302734375,
              60.875213623046875
            ],
            [
              -151.77084350585938,
              60.877410888671875
            ],
            [
              -151.76727294921875,
              60.87959671020508
            ],
            [
              -151.763671875,
              60.881771087646484
            ],
            [
              -151.760009765625,
              60.8839225769043
            ],
            [
              -151.75619506835938,
              60.88602828979492
            ],
            [
              -151.75225830078125,
              60.888038635253906
            ],
            [
              -151.74810791015625,
              60.88993835449219
            ],
            [
              -151.74392700195312,
              60.891700744628906
            ],
            [
              -151.73959350585938,
              60.893394470214844
            ],
            [
              -151.73507690429688,
              60.89511489868164
            ],
            [
              -151.73065185546875,
              60.896888732910156
            ],
            [
              -151.7266845703125,
              60.89882278442383
            ],
            [
              -151.72366333007812,
              60.901031494140625
            ],
            [
              -151.7220458984375,
              60.90351867675781
            ],
            [
              -151.72171020507812,
              60.906158447265625
            ],
            [
              -151.7220458984375,
              60.908912658691406
            ],
            [
              -151.72171020507812,
              60.911800384521484
            ],
            [
              -151.7191162109375,
              60.914371490478516
            ],
            [
              -151.71478271484375,
              60.91595458984375
            ],
            [
              -151.70928955078125,
              60.91681671142578
            ],
            [
              -151.70364379882812,
              60.917362213134766
            ],
            [
              -151.6981201171875,
              60.91794967651367
            ],
            [
              -151.69281005859375,
              60.91874694824219
            ],
            [
              -151.68780517578125,
              60.91985321044922
            ],
            [
              -151.68304443359375,
              60.92129135131836
            ],
            [
              -151.67849731445312,
              60.92303466796875
            ],
            [
              -151.67416381835938,
              60.924964904785156
            ],
            [
              -151.67007446289062,
              60.926971435546875
            ],
            [
              -151.6661376953125,
              60.92901611328125
            ],
            [
              -151.66232299804688,
              60.931087493896484
            ],
            [
              -151.6585693359375,
              60.93317794799805
            ],
            [
              -151.65484619140625,
              60.9352912902832
            ],
            [
              -151.65118408203125,
              60.93742752075195
            ],
            [
              -151.6475830078125,
              60.939579010009766
            ],
            [
              -151.64398193359375,
              60.941749572753906
            ],
            [
              -151.64044189453125,
              60.943939208984375
            ],
            [
              -151.636962890625,
              60.94617462158203
            ],
            [
              -151.63351440429688,
              60.948402404785156
            ],
            [
              -151.63037109375,
              60.95066833496094
            ],
            [
              -151.6287841796875,
              60.95330810546875
            ],
            [
              -151.62875366210938,
              60.9560546875
            ],
            [
              -151.626708984375,
              60.95857620239258
            ],
            [
              -151.6221923828125,
              60.960235595703125
            ],
            [
              -151.61727905273438,
              60.96159362792969
            ],
            [
              -151.61233520507812,
              60.962921142578125
            ],
            [
              -151.60739135742188,
              60.9642448425293
            ],
            [
              -151.60244750976562,
              60.965579986572266
            ],
            [
              -151.59756469726562,
              60.96696853637695
            ],
            [
              -151.59283447265625,
              60.96842956542969
            ],
            [
              -151.58822631835938,
              60.970008850097656
            ],
            [
              -151.58380126953125,
              60.97172164916992
            ],
            [
              -151.57955932617188,
              60.97355270385742
            ],
            [
              -151.57540893554688,
              60.975467681884766
            ],
            [
              -151.57135009765625,
              60.977447509765625
            ],
            [
              -151.56732177734375,
              60.979469299316406
            ],
            [
              -151.56329345703125,
              60.981502532958984
            ],
            [
              -151.5592041015625,
              60.98352813720703
            ],
            [
              -151.55511474609375,
              60.98555374145508
            ],
            [
              -151.5511474609375,
              60.98762130737305
            ],
            [
              -151.5472412109375,
              60.98973083496094
            ],
            [
              -151.54327392578125,
              60.99182891845703
            ],
            [
              -151.5391845703125,
              60.993858337402344
            ],
            [
              -151.53488159179688,
              60.995765686035156
            ],
            [
              -151.53030395507812,
              60.99753189086914
            ],
            [
              -151.52557373046875,
              60.999168395996094
            ],
            [
              -151.52072143554688,
              61.00071334838867
            ],
            [
              -151.51580810546875,
              61.00217819213867
            ],
            [
              -151.51080322265625,
              61.00355911254883
            ],
            [
              -151.5057373046875,
              61.00486755371094
            ],
            [
              -151.50054931640625,
              61.0060920715332
            ],
            [
              -151.49533081054688,
              61.00724411010742
            ],
            [
              -151.49008178710938,
              61.00835418701172
            ],
            [
              -151.48480224609375,
              61.00942611694336
            ],
            [
              -151.47946166992188,
              61.010440826416016
            ],
            [
              -151.47402954101562,
              61.0113525390625
            ],
            [
              -151.46844482421875,
              61.01213073730469
            ],
            [
              -151.46282958984375,
              61.01273727416992
            ],
            [
              -151.45721435546875,
              61.01317596435547
            ],
            [
              -151.4515380859375,
              61.013450622558594
            ],
            [
              -151.44586181640625,
              61.01356887817383
            ],
            [
              -151.44009399414062,
              61.01356506347656
            ],
            [
              -151.434326171875,
              61.01347351074219
            ],
            [
              -151.42852783203125,
              61.01332092285156
            ],
            [
              -151.42276000976562,
              61.01312255859375
            ],
            [
              -151.4169921875,
              61.01289367675781
            ],
            [
              -151.41119384765625,
              61.01264572143555
            ],
            [
              -151.40545654296875,
              61.01239013671875
            ],
            [
              -151.39968872070312,
              61.01213455200195
            ],
            [
              -151.3939208984375,
              61.01190185546875
            ],
            [
              -151.38818359375,
              61.01169204711914
            ],
            [
              -151.38238525390625,
              61.0114860534668
            ],
            [
              -151.37661743164062,
              61.01126480102539
            ],
            [
              -151.3709716796875,
              61.01102828979492
            ],
            [
              -151.36553955078125,
              61.01079559326172
            ],
            [
              -151.36053466796875,
              61.010581970214844
            ],
            [
              -151.35589599609375,
              61.01039123535156
            ],
            [
              -151.35128784179688,
              61.01032638549805
            ],
            [
              -151.3465576171875,
              61.0106201171875
            ],
            [
              -151.34188842773438,
              61.011634826660156
            ],
            [
              -151.33795166015625,
              61.013336181640625
            ],
            [
              -151.33465576171875,
              61.015350341796875
            ],
            [
              -151.33154296875,
              61.01741409301758
            ],
            [
              -151.3284912109375,
              61.01945114135742
            ],
            [
              -151.32540893554688,
              61.021488189697266
            ],
            [
              -151.322265625,
              61.023563385009766
            ],
            [
              -151.3189697265625,
              61.02568054199219
            ],
            [
              -151.3155517578125,
              61.0278205871582
            ],
            [
              -151.31185913085938,
              61.02995681762695
            ],
            [
              -151.30783081054688,
              61.03203201293945
            ],
            [
              -151.30328369140625,
              61.03388214111328
            ],
            [
              -151.29812622070312,
              61.03528594970703
            ],
            [
              -151.29266357421875,
              61.03615951538086
            ],
            [
              -151.28704833984375,
              61.036712646484375
            ],
            [
              -151.28155517578125,
              61.037174224853516
            ],
            [
              -151.27645874023438,
              61.03759765625
            ],
            [
              -151.2718505859375,
              61.0379524230957
            ],
            [
              -151.26742553710938,
              61.03826141357422
            ],
            [
              -151.26263427734375,
              61.038551330566406
            ],
            [
              -151.25802612304688,
              61.038822174072266
            ],
            [
              -151.25390625,
              61.0390739440918
            ],
            [
              -151.250244140625,
              61.039310455322266
            ],
            [
              -151.24658203125,
              61.03956604003906
            ],
            [
              -151.24273681640625,
              61.03986358642578
            ],
            [
              -151.23880004882812,
              61.04018020629883
            ],
            [
              -151.23480224609375,
              61.040523529052734
            ],
            [
              -151.2308349609375,
              61.04086685180664
            ],
            [
              -151.2269287109375,
              61.04121017456055
            ],
            [
              -151.22311401367188,
              61.04155349731445
            ],
            [
              -151.219482421875,
              61.04188537597656
            ],
            [
              -151.2159423828125,
              61.04220962524414
            ],
            [
              -151.21240234375,
              61.04254150390625
            ],
            [
              -151.2088623046875,
              61.04288101196289
            ],
            [
              -151.20550537109375,
              61.043212890625
            ],
            [
              -151.20220947265625,
              61.04354476928711
            ],
            [
              -151.198974609375,
              61.043888092041016
            ],
            [
              -151.195556640625,
              61.044254302978516
            ],
            [
              -151.19183349609375,
              61.04466247558594
            ],
            [
              -151.18777465820312,
              61.04506301879883
            ],
            [
              -151.18392944335938,
              61.045406341552734
            ],
            [
              -151.18017578125,
              61.04566955566406
            ],
            [
              -151.17657470703125,
              61.04597091674805
            ],
            [
              -151.17303466796875,
              61.04630661010742
            ],
            [
              -151.1697998046875,
              61.046905517578125
            ],
            [
              -151.16668701171875,
              61.047630310058594
            ],
            [
              -151.16375732421875,
              61.04865264892578
            ],
            [
              -151.16107177734375,
              61.04987716674805
            ],
            [
              -151.1585693359375,
              61.051185607910156
            ],
            [
              -151.1563720703125,
              61.05256271362305
            ],
            [
              -151.15435791015625,
              61.05392837524414
            ],
            [
              -151.1524658203125,
              61.055259704589844
            ],
            [
              -151.1507568359375,
              61.05658721923828
            ],
            [
              -151.14898681640625,
              61.05795669555664
            ],
            [
              -151.14712524414062,
              61.0594482421875
            ],
            [
              -151.145263671875,
              61.06098937988281
            ],
            [
              -151.14337158203125,
              61.06255340576172
            ],
            [
              -151.14154052734375,
              61.06414794921875
            ],
            [
              -151.13980102539062,
              61.065635681152344
            ],
            [
              -151.13821411132812,
              61.06702423095703
            ],
            [
              -151.13665771484375,
              61.068389892578125
            ],
            [
              -151.1351318359375,
              61.069725036621094
            ],
            [
              -151.13360595703125,
              61.07103729248047
            ],
            [
              -151.132080078125,
              61.07234191894531
            ],
            [
              -151.1304931640625,
              61.07364273071289
            ],
            [
              -151.12896728515625,
              61.074951171875
            ],
            [
              -151.12744140625,
              61.076255798339844
            ],
            [
              -151.12603759765625,
              61.077613830566406
            ],
            [
              -151.124755859375,
              61.07914352416992
            ],
            [
              -151.123779296875,
              61.08087158203125
            ],
            [
              -151.12298583984375,
              61.08262252807617
            ],
            [
              -151.12252807617188,
              61.08443069458008
            ],
            [
              -151.1220703125,
              61.086326599121094
            ],
            [
              -151.12161254882812,
              61.0882682800293
            ],
            [
              -151.12091064453125,
              61.09035873413086
            ],
            [
              -151.1197509765625,
              61.09262466430664
            ],
            [
              -151.11785888671875,
              61.09505081176758
            ],
            [
              -151.115234375,
              61.09745788574219
            ],
            [
              -151.112548828125,
              61.09951400756836
            ],
            [
              -151.11004638671875,
              61.1013298034668
            ],
            [
              -151.10769653320312,
              61.102996826171875
            ],
            [
              -151.105712890625,
              61.104522705078125
            ],
            [
              -151.10394287109375,
              61.105934143066406
            ],
            [
              -151.10235595703125,
              61.1072998046875
            ],
            [
              -151.10089111328125,
              61.10860824584961
            ],
            [
              -151.09954833984375,
              61.10987091064453
            ],
            [
              -151.09823608398438,
              61.111141204833984
            ],
            [
              -151.09686279296875,
              61.11246109008789
            ],
            [
              -151.09548950195312,
              61.11381530761719
            ],
            [
              -151.0941162109375,
              61.11516571044922
            ],
            [
              -151.0927734375,
              61.11651611328125
            ],
            [
              -151.09136962890625,
              61.11789321899414
            ],
            [
              -151.0899658203125,
              61.11931228637695
            ],
            [
              -151.08856201171875,
              61.12076187133789
            ],
            [
              -151.08712768554688,
              61.12223434448242
            ],
            [
              -151.08563232421875,
              61.1237907409668
            ],
            [
              -151.0841064453125,
              61.12540054321289
            ],
            [
              -151.08261108398438,
              61.127044677734375
            ],
            [
              -151.08099365234375,
              61.12885284423828
            ],
            [
              -151.0792236328125,
              61.130889892578125
            ],
            [
              -151.07745361328125,
              61.13319778442383
            ],
            [
              -151.0758056640625,
              61.13582229614258
            ],
            [
              -151.074462890625,
              61.138694763183594
            ],
            [
              -151.07333374023438,
              61.14139938354492
            ],
            [
              -151.07196044921875,
              61.143856048583984
            ],
            [
              -151.06988525390625,
              61.14641189575195
            ],
            [
              -151.0672607421875,
              61.148841857910156
            ],
            [
              -151.064208984375,
              61.15114974975586
            ],
            [
              -151.06103515625,
              61.153404235839844
            ],
            [
              -151.05789184570312,
              61.15567398071289
            ],
            [
              -151.0548095703125,
              61.15797424316406
            ],
            [
              -151.05178833007812,
              61.16029739379883
            ],
            [
              -151.048828125,
              61.162635803222656
            ],
            [
              -151.04580688476562,
              61.164981842041016
            ],
            [
              -151.04278564453125,
              61.167327880859375
            ],
            [
              -151.03973388671875,
              61.16967010498047
            ],
            [
              -151.03662109375,
              61.172000885009766
            ],
            [
              -151.03341674804688,
              61.174312591552734
            ],
            [
              -151.03009033203125,
              61.17658615112305
            ],
            [
              -151.02658081054688,
              61.178794860839844
            ],
            [
              -151.0228271484375,
              61.180908203125
            ],
            [
              -151.018798828125,
              61.182891845703125
            ],
            [
              -151.01443481445312,
              61.1846923828125
            ],
            [
              -151.00979614257812,
              61.18629837036133
            ],
            [
              -151.00497436523438,
              61.18773651123047
            ],
            [
              -151.0,
              61.18903350830078
            ],
            [
              -150.99490356445312,
              61.1901741027832
            ],
            [
              -150.98980712890625,
              61.19114685058594
            ],
            [
              -150.984619140625,
              61.19200134277344
            ],
            [
              -150.97930908203125,
              61.192806243896484
            ],
            [
              -150.973876953125,
              61.193626403808594
            ],
            [
              -150.96844482421875,
              61.194480895996094
            ],
            [
              -150.96295166015625,
              61.195369720458984
            ],
            [
              -150.95751953125,
              61.19646072387695
            ],
            [
              -150.95306396484375,
              61.1981315612793
            ],
            [
              -150.9505615234375,
              61.200443267822266
            ],
            [
              -150.95013427734375,
              61.203060150146484
            ],
            [
              -150.95126342773438,
              61.20573425292969
            ],
            [
              -150.9522705078125,
              61.208499908447266
            ],
            [
              -150.94989013671875,
              61.21086120605469
            ],
            [
              -150.9444580078125,
              61.21114730834961
            ],
            [
              -150.93899536132812,
              61.21025848388672
            ],
            [
              -150.93365478515625,
              61.20928955078125
            ],
            [
              -150.92822265625,
              61.208595275878906
            ],
            [
              -150.92251586914062,
              61.20823669433594
            ],
            [
              -150.916748046875,
              61.208160400390625
            ],
            [
              -150.91098022460938,
              61.2082633972168
            ],
            [
              -150.90533447265625,
              61.20849609375
            ],
            [
              -150.8997802734375,
              61.208858489990234
            ],
            [
              -150.89422607421875,
              61.209373474121094
            ],
            [
              -150.88876342773438,
              61.210060119628906
            ],
            [
              -150.88336181640625,
              61.2109260559082
            ],
            [
              -150.87799072265625,
              61.211952209472656
            ],
            [
              -150.87274169921875,
              61.21310806274414
            ],
            [
              -150.86761474609375,
              61.21434783935547
            ],
            [
              -150.86260986328125,
              61.215667724609375
            ],
            [
              -150.85781860351562,
              61.21711349487305
            ],
            [
              -150.85342407226562,
              61.21879577636719
            ],
            [
              -150.849609375,
              61.22076416015625
            ],
            [
              -150.84640502929688,
              61.22300338745117
            ],
            [
              -150.84381103515625,
              61.225486755371094
            ],
            [
              -150.8411865234375,
              61.2280158996582
            ],
            [
              -150.836669921875,
              61.2297477722168
            ],
            [
              -150.8310546875,
              61.22975158691406
            ],
            [
              -150.825439453125,
              61.229339599609375
            ],
            [
              -150.81973266601562,
              61.22950744628906
            ],
            [
              -150.81427001953125,
              61.2302131652832
            ],
            [
              -150.80914306640625,
              61.23133087158203
            ],
            [
              -150.80447387695312,
              61.23286819458008
            ],
            [
              -150.7996826171875,
              61.23447799682617
            ],
            [
              -150.79437255859375,
              61.2356071472168
            ],
            [
              -150.78878784179688,
              61.23612976074219
            ],
            [
              -150.78302001953125,
              61.23640823364258
            ],
            [
              -150.77728271484375,
              61.236759185791016
            ],
            [
              -150.7716064453125,
              61.23735427856445
            ],
            [
              -150.76617431640625,
              61.23822021484375
            ],
            [
              -150.760986328125,
              61.23929977416992
            ],
            [
              -150.7559814453125,
              61.24058151245117
            ],
            [
              -150.75128173828125,
              61.242130279541016
            ],
            [
              -150.7469482421875,
              61.24396896362305
            ],
            [
              -150.74276733398438,
              61.245914459228516
            ],
            [
              -150.73818969726562,
              61.24766540527344
            ],
            [
              -150.73309326171875,
              61.24904251098633
            ],
            [
              -150.7279052734375,
              61.25020217895508
            ],
            [
              -150.72271728515625,
              61.251365661621094
            ],
            [
              -150.71759033203125,
              61.252586364746094
            ],
            [
              -150.71249389648438,
              61.253822326660156
            ],
            [
              -150.7073974609375,
              61.255069732666016
            ],
            [
              -150.7022705078125,
              61.256309509277344
            ],
            [
              -150.69720458984375,
              61.257598876953125
            ],
            [
              -150.69235229492188,
              61.25911331176758
            ],
            [
              -150.6881103515625,
              61.26099395751953
            ],
            [
              -150.684326171875,
              61.263118743896484
            ],
            [
              -150.6805419921875,
              61.26524353027344
            ],
            [
              -150.67660522460938,
              61.267242431640625
            ],
            [
              -150.67266845703125,
              61.269168853759766
            ],
            [
              -150.66937255859375,
              61.2712516784668
            ],
            [
              -150.66769409179688,
              61.273773193359375
            ],
            [
              -150.6680908203125,
              61.27643585205078
            ],
            [
              -150.66851806640625,
              61.27906799316406
            ],
            [
              -150.66598510742188,
              61.2813835144043
            ],
            [
              -150.6610107421875,
              61.282470703125
            ],
            [
              -150.65530395507812,
              61.28275680541992
            ],
            [
              -150.64947509765625,
              61.282806396484375
            ],
            [
              -150.6436767578125,
              61.28277587890625
            ],
            [
              -150.63787841796875,
              61.28267288208008
            ],
            [
              -150.63198852539062,
              61.282527923583984
            ],
            [
              -150.62615966796875,
              61.2823486328125
            ],
            [
              -150.62091064453125,
              61.281219482421875
            ],
            [
              -150.6180419921875,
              61.279022216796875
            ],
            [
              -150.614013671875,
              61.27740478515625
            ],
            [
              -150.60882568359375,
              61.27711486816406
            ],
            [
              -150.60369873046875,
              61.277687072753906
            ],
            [
              -150.59951782226562,
              61.27925491333008
            ],
            [
              -150.5963134765625,
              61.28139114379883
            ],
            [
              -150.59140014648438,
              61.282867431640625
            ],
            [
              -150.585693359375,
              61.283103942871094
            ],
            [
              -150.58013916015625,
              61.28306198120117
            ],
            [
              -150.57427978515625,
              61.283023834228516
            ],
            [
              -150.56851196289062,
              61.28299331665039
            ],
            [
              -150.56268310546875,
              61.282779693603516
            ],
            [
              -150.55767822265625,
              61.2817268371582
            ],
            [
              -150.552734375,
              61.2811164855957
            ],
            [
              -150.547607421875,
              61.281639099121094
            ],
            [
              -150.54217529296875,
              61.281944274902344
            ],
            [
              -150.537353515625,
              61.28075408935547
            ],
            [
              -150.53448486328125,
              61.27850341796875
            ],
            [
              -150.53289794921875,
              61.27585983276367
            ],
            [
              -150.53140258789062,
              61.27323913574219
            ],
            [
              -150.52975463867188,
              61.27064895629883
            ],
            [
              -150.528076171875,
              61.268089294433594
            ],
            [
              -150.52587890625,
              61.26567459106445
            ],
            [
              -150.52252197265625,
              61.26364517211914
            ],
            [
              -150.51824951171875,
              61.26199722290039
            ],
            [
              -150.513671875,
              61.26036834716797
            ],
            [
              -150.50927734375,
              61.258628845214844
            ],
            [
              -150.50494384765625,
              61.25681686401367
            ],
            [
              -150.5006103515625,
              61.25499725341797
            ],
            [
              -150.49627685546875,
              61.253177642822266
            ],
            [
              -150.49191284179688,
              61.25133514404297
            ],
            [
              -150.487548828125,
              61.24952697753906
            ],
            [
              -150.48291015625,
              61.247955322265625
            ],
            [
              -150.47772216796875,
              61.24687576293945
            ],
            [
              -150.47213745117188,
              61.2462272644043
            ],
            [
              -150.46633911132812,
              61.24575424194336
            ],
            [
              -150.4605712890625,
              61.24531173706055
            ],
            [
              -150.45489501953125,
              61.244911193847656
            ],
            [
              -150.44921875,
              61.24455261230469
            ],
            [
              -150.44354248046875,
              61.244232177734375
            ],
            [
              -150.4378662109375,
              61.243953704833984
            ],
            [
              -150.43218994140625,
              61.24372482299805
            ],
            [
              -150.426513671875,
              61.243560791015625
            ],
            [
              -150.42083740234375,
              61.24345779418945
            ],
            [
              -150.4151611328125,
              61.24342346191406
            ],
            [
              -150.40951538085938,
              61.24345397949219
            ],
            [
              -150.40386962890625,
              61.243553161621094
            ],
            [
              -150.398193359375,
              61.24372863769531
            ],
            [
              -150.392578125,
              61.243988037109375
            ],
            [
              -150.386962890625,
              61.24436569213867
            ],
            [
              -150.3814697265625,
              61.24489974975586
            ],
            [
              -150.3759765625,
              61.2455940246582
            ],
            [
              -150.3704833984375,
              61.24639129638672
            ],
            [
              -150.36492919921875,
              61.2471923828125
            ],
            [
              -150.35931396484375,
              61.2479248046875
            ],
            [
              -150.35369873046875,
              61.24856948852539
            ],
            [
              -150.34805297851562,
              61.249168395996094
            ],
            [
              -150.3424072265625,
              61.249755859375
            ],
            [
              -150.33682250976562,
              61.25034713745117
            ],
            [
              -150.33123779296875,
              61.250972747802734
            ],
            [
              -150.32574462890625,
              61.25166702270508
            ],
            [
              -150.3203125,
              61.252479553222656
            ],
            [
              -150.31536865234375,
              61.253414154052734
            ],
            [
              -150.31109619140625,
              61.25454330444336
            ],
            [
              -150.3077392578125,
              61.255916595458984
            ],
            [
              -150.3057861328125,
              61.2576789855957
            ],
            [
              -150.30551147460938,
              61.25955581665039
            ],
            [
              -150.3062744140625,
              61.261436462402344
            ],
            [
              -150.30792236328125,
              61.263301849365234
            ],
            [
              -150.309326171875,
              61.265323638916016
            ],
            [
              -150.307373046875,
              61.267051696777344
            ],
            [
              -150.30413818359375,
              61.26768493652344
            ],
            [
              -150.3004150390625,
              61.267723083496094
            ],
            [
              -150.29693603515625,
              61.26702880859375
            ],
            [
              -150.294677734375,
              61.26567840576172
            ],
            [
              -150.29315185546875,
              61.26406478881836
            ],
            [
              -150.292236328125,
              61.26232147216797
            ],
            [
              -150.29083251953125,
              61.26066589355469
            ],
            [
              -150.28900146484375,
              61.25911331176758
            ],
            [
              -150.28668212890625,
              61.25770568847656
            ],
            [
              -150.28359985351562,
              61.256717681884766
            ],
            [
              -150.28021240234375,
              61.25608825683594
            ],
            [
              -150.2764892578125,
              61.25587844848633
            ],
            [
              -150.2728271484375,
              61.25620651245117
            ],
            [
              -150.26922607421875,
              61.25663757324219
            ],
            [
              -150.26565551757812,
              61.25716018676758
            ],
            [
              -150.26211547851562,
              61.25771713256836
            ],
            [
              -150.258544921875,
              61.25826644897461
            ],
            [
              -150.2550048828125,
              61.25880813598633
            ],
            [
              -150.25140380859375,
              61.25929260253906
            ],
            [
              -150.247802734375,
              61.259742736816406
            ],
            [
              -150.24420166015625,
              61.260135650634766
            ],
            [
              -150.24050903320312,
              61.26044845581055
            ],
            [
              -150.23681640625,
              61.26072311401367
            ],
            [
              -150.23312377929688,
              61.26092529296875
            ],
            [
              -150.22943115234375,
              61.26104736328125
            ],
            [
              -150.22567749023438,
              61.26112747192383
            ],
            [
              -150.22195434570312,
              61.261138916015625
            ],
            [
              -150.21823120117188,
              61.26112365722656
            ],
            [
              -150.21450805664062,
              61.26108932495117
            ],
            [
              -150.21078491210938,
              61.26103973388672
            ],
            [
              -150.20703125,
              61.26097869873047
            ],
            [
              -150.20330810546875,
              61.26091384887695
            ],
            [
              -150.1995849609375,
              61.260833740234375
            ],
            [
              -150.19586181640625,
              61.26074981689453
            ],
            [
              -150.192138671875,
              61.26066589355469
            ],
            [
              -150.18841552734375,
              61.26057052612305
            ],
            [
              -150.1846923828125,
              61.260475158691406
            ],
            [
              -150.18096923828125,
              61.260379791259766
            ],
            [
              -150.17727661132812,
              61.260276794433594
            ],
            [
              -150.17355346679688,
              61.260169982910156
            ],
            [
              -150.16983032226562,
              61.26005935668945
            ],
            [
              -150.16610717773438,
              61.25994873046875
            ],
            [
              -150.16238403320312,
              61.259830474853516
            ],
            [
              -150.15869140625,
              61.25971221923828
            ],
            [
              -150.15496826171875,
              61.259586334228516
            ],
            [
              -150.1512451171875,
              61.25946044921875
            ],
            [
              -150.14752197265625,
              61.25932693481445
            ],
            [
              -150.143798828125,
              61.259185791015625
            ],
            [
              -150.14007568359375,
              61.259037017822266
            ],
            [
              -150.1363525390625,
              61.258872985839844
            ],
            [
              -150.13262939453125,
              61.25869369506836
            ],
            [
              -150.12893676757812,
              61.25850296020508
            ],
            [
              -150.125244140625,
              61.25828552246094
            ],
            [
              -150.12152099609375,
              61.258052825927734
            ],
            [
              -150.11785888671875,
              61.2578010559082
            ],
            [
              -150.1141357421875,
              61.25752258300781
            ],
            [
              -150.1104736328125,
              61.257232666015625
            ],
            [
              -150.1068115234375,
              61.25693130493164
            ],
            [
              -150.1031494140625,
              61.256629943847656
            ],
            [
              -150.09945678710938,
              61.25633239746094
            ],
            [
              -150.09576416015625,
              61.25605010986328
            ],
            [
              -150.09210205078125,
              61.255775451660156
            ],
            [
              -150.08840942382812,
              61.25550079345703
            ],
            [
              -150.084716796875,
              61.25519561767578
            ],
            [
              -150.08108520507812,
              61.254852294921875
            ],
            [
              -150.07745361328125,
              61.25447082519531
            ],
            [
              -150.0738525390625,
              61.253997802734375
            ],
            [
              -150.07025146484375,
              61.25349044799805
            ],
            [
              -150.06671142578125,
              61.252925872802734
            ],
            [
              -150.06320190429688,
              61.25230026245117
            ],
            [
              -150.05972290039062,
              61.251651763916016
            ],
            [
              -150.0562744140625,
              61.25096893310547
            ],
            [
              -150.0528564453125,
              61.25026321411133
            ],
            [
              -150.0494384765625,
              61.24954605102539
            ],
            [
              -150.0460205078125,
              61.248817443847656
            ],
            [
              -150.0426025390625,
              61.248085021972656
            ],
            [
              -150.03921508789062,
              61.24734878540039
            ],
            [
              -150.03582763671875,
              61.246612548828125
            ],
            [
              -150.03240966796875,
              61.24588394165039
            ],
            [
              -150.02899169921875,
              61.24516296386719
            ],
            [
              -150.02557373046875,
              61.24445724487305
            ],
            [
              -150.02215576171875,
              61.24375534057617
            ],
            [
              -150.01873779296875,
              61.24306106567383
            ],
            [
              -150.01531982421875,
              61.242340087890625
            ],
            [
              -150.01190185546875,
              61.24159240722656
            ],
            [
              -150.008544921875,
              61.240821838378906
            ],
            [
              -150.0052490234375,
              61.240047454833984
            ],
            [
              -150.00213623046875,
              61.23933410644531
            ],
            [
              -149.99896240234375,
              61.23866653442383
            ],
            [
              -149.99554443359375,
              61.23809051513672
            ],
            [
              -149.99221801757812,
              61.237632751464844
            ],
            [
              -149.989013671875,
              61.237579345703125
            ],
            [
              -149.98602294921875,
              61.237693786621094
            ],
            [
              -149.983154296875,
              61.2381477355957
            ],
            [
              -149.98049926757812,
              61.238922119140625
            ],
            [
              -149.97787475585938,
              61.23995590209961
            ],
            [
              -149.97564697265625,
              61.24138641357422
            ],
            [
              -149.97357177734375,
              61.24287033081055
            ],
            [
              -149.97161865234375,
              61.24440002441406
            ],
            [
              -149.9696044921875,
              61.24590301513672
            ],
            [
              -149.9674072265625,
              61.24736022949219
            ],
            [
              -149.965087890625,
              61.24875259399414
            ],
            [
              -149.96237182617188,
              61.2499885559082
            ],
            [
              -149.95950317382812,
              61.25113296508789
            ],
            [
              -149.95648193359375,
              61.252174377441406
            ],
            [
              -149.95330810546875,
              61.25312423706055
            ],
            [
              -149.95013427734375,
              61.25404357910156
            ],
            [
              -149.94686889648438,
              61.25493240356445
            ],
            [
              -149.943603515625,
              61.25580978393555
            ],
            [
              -149.94036865234375,
              61.256675720214844
            ],
            [
              -149.93710327148438,
              61.25752639770508
            ],
            [
              -149.93408203125,
              61.25835418701172
            ],
            [
              -149.93133544921875,
              61.2591438293457
            ],
            [
              -149.928955078125,
              61.26005554199219
            ],
            [
              -149.9267578125,
              61.26097869873047
            ],
            [
              -149.92529296875,
              61.26214599609375
            ],
            [
              -149.92388916015625,
              61.26337432861328
            ],
            [
              -149.92327880859375,
              61.2647705078125
            ],
            [
              -149.92269897460938,
              61.266258239746094
            ],
            [
              -149.92254638671875,
              61.267757415771484
            ],
            [
              -149.92236328125,
              61.26923370361328
            ],
            [
              -149.92227172851562,
              61.270687103271484
            ],
            [
              -149.92218017578125,
              61.27213668823242
            ],
            [
              -149.92205810546875,
              61.27360916137695
            ],
            [
              -149.92190551757812,
              61.27513885498047
            ],
            [
              -149.9217529296875,
              61.276737213134766
            ],
            [
              -149.9215087890625,
              61.278411865234375
            ],
            [
              -149.92120361328125,
              61.280155181884766
            ],
            [
              -149.9207763671875,
              61.28193664550781
            ],
            [
              -149.92034912109375,
              61.28371810913086
            ],
            [
              -149.91983032226562,
              61.28549575805664
            ],
            [
              -149.91925048828125,
              61.287269592285156
            ],
            [
              -149.918701171875,
              61.28904342651367
            ],
            [
              -149.9180908203125,
              61.29081344604492
            ],
            [
              -149.91741943359375,
              61.29258346557617
            ],
            [
              -149.91677856445312,
              61.294349670410156
            ],
            [
              -149.91607666015625,
              61.29623031616211
            ],
            [
              -149.91522216796875,
              61.29832458496094
            ],
            [
              -149.91412353515625,
              61.300567626953125
            ],
            [
              -149.9129638671875,
              61.3026237487793
            ],
            [
              -149.91180419921875,
              61.304443359375
            ],
            [
              -149.91079711914062,
              61.306068420410156
            ],
            [
              -149.9100341796875,
              61.307525634765625
            ],
            [
              -149.90985107421875,
              61.30887985229492
            ],
            [
              -149.9097900390625,
              61.310096740722656
            ],
            [
              -149.91046142578125,
              61.311256408691406
            ],
            [
              -149.91119384765625,
              61.31253433227539
            ],
            [
              -149.91265869140625,
              61.313804626464844
            ],
            [
              -149.9141845703125,
              61.31515884399414
            ],
            [
              -149.915771484375,
              61.31667709350586
            ],
            [
              -149.9171142578125,
              61.31846237182617
            ],
            [
              -149.91802978515625,
              61.320396423339844
            ],
            [
              -149.91793823242188,
              61.32256317138672
            ],
            [
              -149.91751098632812,
              61.32497787475586
            ],
            [
              -149.91729736328125,
              61.32748031616211
            ],
            [
              -149.91741943359375,
              61.329917907714844
            ],
            [
              -149.91757202148438,
              61.332271575927734
            ],
            [
              -149.9171142578125,
              61.334808349609375
            ],
            [
              -149.9156494140625,
              61.33729553222656
            ],
            [
              -149.91348266601562,
              61.33964157104492
            ],
            [
              -149.91082763671875,
              61.34197235107422
            ],
            [
              -149.90789794921875,
              61.344390869140625
            ],
            [
              -149.9049072265625,
              61.346771240234375
            ],
            [
              -149.90188598632812,
              61.349151611328125
            ],
            [
              -149.89910888671875,
              61.351375579833984
            ],
            [
              -149.89657592773438,
              61.353519439697266
            ],
            [
              -149.89434814453125,
              61.35554885864258
            ],
            [
              -149.89251708984375,
              61.357425689697266
            ],
            [
              -149.89108276367188,
              61.359256744384766
            ],
            [
              -149.89019775390625,
              61.36110305786133
            ],
            [
              -149.88992309570312,
              61.362918853759766
            ],
            [
              -149.89007568359375,
              61.36466979980469
            ],
            [
              -149.89041137695312,
              61.366397857666016
            ],
            [
              -149.89068603515625,
              61.36815643310547
            ],
            [
              -149.8907470703125,
              61.36994171142578
            ],
            [
              -149.890380859375,
              61.37174987792969
            ],
            [
              -149.88946533203125,
              61.373695373535156
            ],
            [
              -149.8883056640625,
              61.375675201416016
            ],
            [
              -149.88702392578125,
              61.377445220947266
            ],
            [
              -149.88577270507812,
              61.3790283203125
            ],
            [
              -149.88449096679688,
              61.38056564331055
            ],
            [
              -149.8829345703125,
              61.38221740722656
            ],
            [
              -149.8812255859375,
              61.38382339477539
            ],
            [
              -149.87945556640625,
              61.385311126708984
            ],
            [
              -149.87738037109375,
              61.38664627075195
            ],
            [
              -149.87493896484375,
              61.38788986206055
            ],
            [
              -149.8720703125,
              61.38904571533203
            ],
            [
              -149.86865234375,
              61.389835357666016
            ],
            [
              -149.8651123046875,
              61.390499114990234
            ],
            [
              -149.86160278320312,
              61.39099884033203
            ],
            [
              -149.858642578125,
              61.3913688659668
            ],
            [
              -149.85604858398438,
              61.39168930053711
            ],
            [
              -149.8536376953125,
              61.391971588134766
            ],
            [
              -149.85134887695312,
              61.39223098754883
            ],
            [
              -149.84918212890625,
              61.3924674987793
            ],
            [
              -149.84713745117188,
              61.392669677734375
            ],
            [
              -149.8450927734375,
              61.39286804199219
            ],
            [
              -149.84307861328125,
              61.39305114746094
            ],
            [
              -149.84100341796875,
              61.393226623535156
            ],
            [
              -149.8389892578125,
              61.39339828491211
            ],
            [
              -149.83697509765625,
              61.3935661315918
            ],
            [
              -149.83493041992188,
              61.39373779296875
            ],
            [
              -149.83282470703125,
              61.393917083740234
            ],
            [
              -149.83062744140625,
              61.39411926269531
            ],
            [
              -149.82830810546875,
              61.39433670043945
            ],
            [
              -149.82611083984375,
              61.39455032348633
            ],
            [
              -149.82394409179688,
              61.39480209350586
            ],
            [
              -149.82171630859375,
              61.39509201049805
            ],
            [
              -149.81948852539062,
              61.395442962646484
            ],
            [
              -149.8173828125,
              61.395843505859375
            ],
            [
              -149.81549072265625,
              61.39624786376953
            ],
            [
              -149.81365966796875,
              61.396827697753906
            ],
            [
              -149.8116455078125,
              61.397464752197266
            ],
            [
              -149.80978393554688,
              61.39839172363281
            ],
            [
              -149.80780029296875,
              61.39949035644531
            ],
            [
              -149.80615234375,
              61.400794982910156
            ],
            [
              -149.80474853515625,
              61.40199661254883
            ],
            [
              -149.80377197265625,
              61.403141021728516
            ],
            [
              -149.80288696289062,
              61.40426254272461
            ],
            [
              -149.80218505859375,
              61.40534973144531
            ],
            [
              -149.80148315429688,
              61.40651321411133
            ],
            [
              -149.80075073242188,
              61.407814025878906
            ],
            [
              -149.7999267578125,
              61.409217834472656
            ],
            [
              -149.79904174804688,
              61.410457611083984
            ],
            [
              -149.79815673828125,
              61.41156768798828
            ],
            [
              -149.79696655273438,
              61.41257858276367
            ],
            [
              -149.79571533203125,
              61.413631439208984
            ],
            [
              -149.79400634765625,
              61.414573669433594
            ],
            [
              -149.79226684570312,
              61.415531158447266
            ],
            [
              -149.790283203125,
              61.416412353515625
            ],
            [
              -149.78823852539062,
              61.417293548583984
            ],
            [
              -149.78607177734375,
              61.41826629638672
            ],
            [
              -149.78369140625,
              61.41936492919922
            ],
            [
              -149.78146362304688,
              61.4207878112793
            ],
            [
              -149.77938842773438,
              61.4224739074707
            ],
            [
              -149.77777099609375,
              61.424320220947266
            ],
            [
              -149.77667236328125,
              61.4262580871582
            ],
            [
              -149.7757568359375,
              61.42821502685547
            ],
            [
              -149.77487182617188,
              61.43013381958008
            ],
            [
              -149.7738037109375,
              61.43205261230469
            ],
            [
              -149.7724609375,
              61.43395233154297
            ],
            [
              -149.7708740234375,
              61.43585205078125
            ],
            [
              -149.76910400390625,
              61.437782287597656
            ],
            [
              -149.76690673828125,
              61.439998626708984
            ],
            [
              -149.76425170898438,
              61.442405700683594
            ],
            [
              -149.76123046875,
              61.44477081298828
            ],
            [
              -149.757568359375,
              61.44704055786133
            ],
            [
              -149.75323486328125,
              61.44903564453125
            ],
            [
              -149.74822998046875,
              61.45066452026367
            ],
            [
              -149.74285888671875,
              61.45197296142578
            ],
            [
              -149.7373046875,
              61.453094482421875
            ],
            [
              -149.7318115234375,
              61.454139709472656
            ],
            [
              -149.72653198242188,
              61.455196380615234
            ],
            [
              -149.72149658203125,
              61.45648193359375
            ],
            [
              -149.71722412109375,
              61.45824432373047
            ],
            [
              -149.71405029296875,
              61.46045684814453
            ],
            [
              -149.711181640625,
              61.462913513183594
            ],
            [
              -149.7073974609375,
              61.465126037597656
            ],
            [
              -149.70269775390625,
              61.46687316894531
            ],
            [
              -149.69766235351562,
              61.46839141845703
            ],
            [
              -149.692626953125,
              61.4698486328125
            ],
            [
              -149.68759155273438,
              61.47124481201172
            ],
            [
              -149.68255615234375,
              61.472591400146484
            ],
            [
              -149.67745971679688,
              61.47385025024414
            ],
            [
              -149.6719970703125,
              61.47456741333008
            ],
            [
              -149.66632080078125,
              61.474605560302734
            ],
            [
              -149.660888671875,
              61.475067138671875
            ],
            [
              -149.6572265625,
              61.47699737548828
            ],
            [
              -149.65463256835938,
              61.4794807434082
            ],
            [
              -149.65106201171875,
              61.481807708740234
            ],
            [
              -149.646240234375,
              61.48357009887695
            ],
            [
              -149.6407470703125,
              61.48479080200195
            ],
            [
              -149.63507080078125,
              61.4857292175293
            ],
            [
              -149.62942504882812,
              61.48657989501953
            ],
            [
              -149.62384033203125,
              61.4874382019043
            ],
            [
              -149.61831665039062,
              61.488380432128906
            ],
            [
              -149.6129150390625,
              61.48939895629883
            ],
            [
              -149.6075439453125,
              61.49043655395508
            ],
            [
              -149.60223388671875,
              61.491424560546875
            ],
            [
              -149.59695434570312,
              61.492286682128906
            ],
            [
              -149.59149169921875,
              61.492942810058594
            ],
            [
              -149.585693359375,
              61.49320983886719
            ],
            [
              -149.57980346679688,
              61.493011474609375
            ],
            [
              -149.573974609375,
              61.49261474609375
            ],
            [
              -149.56820678710938,
              61.49249267578125
            ],
            [
              -149.56271362304688,
              61.4929313659668
            ],
            [
              -149.5572509765625,
              61.493865966796875
            ],
            [
              -149.55194091796875,
              61.49507522583008
            ],
            [
              -149.54681396484375,
              61.4964599609375
            ],
            [
              -149.54156494140625,
              61.49796676635742
            ],
            [
              -149.53607177734375,
              61.499046325683594
            ],
            [
              -149.53036499023438,
              61.49945068359375
            ],
            [
              -149.524658203125,
              61.499534606933594
            ],
            [
              -149.51898193359375,
              61.499576568603516
            ],
            [
              -149.513427734375,
              61.499595642089844
            ],
            [
              -149.5081787109375,
              61.499603271484375
            ],
            [
              -149.50302124023438,
              61.49959945678711
            ],
            [
              -149.4979248046875,
              61.49958419799805
            ],
            [
              -149.492919921875,
              61.499568939208984
            ],
            [
              -149.48788452148438,
              61.49955368041992
            ],
            [
              -149.48284912109375,
              61.499534606933594
            ],
            [
              -149.4776611328125,
              61.4995231628418
            ],
            [
              -149.47232055664062,
              61.49951934814453
            ],
            [
              -149.467041015625,
              61.49957275390625
            ],
            [
              -149.46185302734375,
              61.499656677246094
            ],
            [
              -149.4600830078125,
              61.49859619140625
            ],
            [
              -149.46478271484375,
              61.497825622558594
            ],
            [
              -149.4700927734375,
              61.497772216796875
            ],
            [
              -149.475341796875,
              61.498008728027344
            ],
            [
              -149.48040771484375,
              61.498260498046875
            ],
            [
              -149.48541259765625,
              61.49833297729492
            ],
            [
              -149.49038696289062,
              61.49827575683594
            ],
            [
              -149.495361328125,
              61.498252868652344
            ],
            [
              -149.50042724609375,
              61.49821853637695
            ],
            [
              -149.5054931640625,
              61.49801254272461
            ],
            [
              -149.51055908203125,
              61.497413635253906
            ],
            [
              -149.515380859375,
              61.49619674682617
            ],
            [
              -149.51953125,
              61.4943962097168
            ],
            [
              -149.52294921875,
              61.492244720458984
            ],
            [
              -149.52566528320312,
              61.489830017089844
            ],
            [
              -149.5277099609375,
              61.48722839355469
            ],
            [
              -149.52993774414062,
              61.48468017578125
            ],
            [
              -149.53265380859375,
              61.48225021362305
            ],
            [
              -149.5338134765625,
              61.47977828979492
            ],
            [
              -149.53054809570312,
              61.47828674316406
            ],
            [
              -149.525390625,
              61.4782829284668
            ],
            [
              -149.52005004882812,
              61.4790153503418
            ],
            [
              -149.51458740234375,
              61.47990036010742
            ],
            [
              -149.509033203125,
              61.48078918457031
            ],
            [
              -149.50326538085938,
              61.48124694824219
            ],
            [
              -149.49822998046875,
              61.48048782348633
            ],
            [
              -149.4942626953125,
              61.478694915771484
            ],
            [
              -149.49212646484375,
              61.476234436035156
            ],
            [
              -149.49188232421875,
              61.47343063354492
            ],
            [
              -149.49224853515625,
              61.470645904541016
            ],
            [
              -149.49197387695312,
              61.467960357666016
            ],
            [
              -149.4898681640625,
              61.465702056884766
            ],
            [
              -149.48529052734375,
              61.464630126953125
            ],
            [
              -149.47991943359375,
              61.46501541137695
            ],
            [
              -149.47470092773438,
              61.46601104736328
            ],
            [
              -149.4696044921875,
              61.46718215942383
            ],
            [
              -149.46466064453125,
              61.46853256225586
            ],
            [
              -149.4599609375,
              61.4700813293457
            ],
            [
              -149.454833984375,
              61.471500396728516
            ],
            [
              -149.44912719726562,
              61.47224807739258
            ],
            [
              -149.44357299804688,
              61.472721099853516
            ],
            [
              -149.43841552734375,
              61.47361373901367
            ],
            [
              -149.4334716796875,
              61.47489929199219
            ],
            [
              -149.4287109375,
              61.47636413574219
            ],
            [
              -149.42401123046875,
              61.4780387878418
            ],
            [
              -149.4189453125,
              61.47966003417969
            ],
            [
              -149.41326904296875,
              61.480777740478516
            ],
            [
              -149.40771484375,
              61.48145294189453
            ],
            [
              -149.40216064453125,
              61.481910705566406
            ],
            [
              -149.39642333984375,
              61.482139587402344
            ],
            [
              -149.39068603515625,
              61.482200622558594
            ],
            [
              -149.38497924804688,
              61.482261657714844
            ],
            [
              -149.37921142578125,
              61.48239517211914
            ],
            [
              -149.373291015625,
              61.48261260986328
            ],
            [
              -149.36734008789062,
              61.482948303222656
            ],
            [
              -149.3614501953125,
              61.483394622802734
            ],
            [
              -149.35552978515625,
              61.48395538330078
            ],
            [
              -149.34988403320312,
              61.48475646972656
            ],
            [
              -149.3448486328125,
              61.48592758178711
            ],
            [
              -149.340087890625,
              61.48739242553711
            ],
            [
              -149.33517456054688,
              61.48881912231445
            ],
            [
              -149.329833984375,
              61.48977279663086
            ],
            [
              -149.3243408203125,
              61.490291595458984
            ],
            [
              -149.31878662109375,
              61.49093246459961
            ],
            [
              -149.3134765625,
              61.49196243286133
            ],
            [
              -149.3082275390625,
              61.49303436279297
            ],
            [
              -149.3028564453125,
              61.493717193603516
            ],
            [
              -149.29751586914062,
              61.49411392211914
            ],
            [
              -149.29183959960938,
              61.49459457397461
            ],
            [
              -149.28607177734375,
              61.495243072509766
            ],
            [
              -149.28030395507812,
              61.49570846557617
            ],
            [
              -149.27447509765625,
              61.49576187133789
            ],
            [
              -149.26861572265625,
              61.49565505981445
            ],
            [
              -149.26272583007812,
              61.49573516845703
            ],
            [
              -149.25714111328125,
              61.495452880859375
            ],
            [
              -149.25360107421875,
              61.49342727661133
            ]
          ]
        ]
      }
    }
  ]
}